{"type": "FeatureCollection", "features": [{"type": "Feature", "properties": {"osm_id": 5249976, "bicycle": "yes", "description": "East Portland Freeway Highway #64", "destination:lanes": "Salem|Salem;Portland|Portland", "hgv": "designated", "hgv:national_network": "yes", "highway": "motorway", "lanes": "3", "maxheight:signed": "no", "maxspeed": "65 mph", "maxspeed:hgv": "60 mph", "oneway": "yes", "placement": "right_of:1", "ref": "I 205", "source:hgv:national_network": "https://www.ecfr.gov/current/title-23/chapter-I/subchapter-G/part-658;https://hepgis-usdot.hub.arcgis.com/apps/usdot::national-network-conventional-combination-trucks-map", "surface": "asphalt", "turn:lanes": "through|through;slight_right|slight_right"}, "geometry": {"type": "LineString", "coordinates": [[-122.7279194, 45.3735353], [-122.7287851, 45.3735312], [-122.729736, 45.3735435], [-122.73066, 45.3735727], [-122.731474, 45.3736094], [-122.7324477, 45.3736546], [-122.7332, 45.3736791], [-122.7339712, 45.3736942], [-122.7346163, 45.3736904], [-122.7352895, 45.3736716], [-122.7361317, 45.3736367], [-122.7365944, 45.3735981], [-122.7371228, 45.3735548], [-122.7376914, 45.3734926], [-122.738319, 45.3734144], [-122.7390593, 45.3733042], [-122.7396695, 45.3732024], [-122.7404755, 45.3730432], [-122.741012, 45.3729264], [-122.7418891, 45.3727135], [-122.7426602, 45.3725081], [-122.7440173, 45.3721377], [-122.7470827, 45.3713005], [-122.747747, 45.3711232], [-122.7484055, 45.3709552], [-122.7493282, 45.3707411], [-122.7500816, 45.3705755]]}}, {"type": "Feature", "properties": {"osm_id": 5250018, "bicycle": "yes", "hgv": "designated", "hgv:national_network": "yes", "highway": "motorway", "lanes": "3", "maxheight:signed": "no", "maxspeed": "65 mph", "maxspeed:hgv": "60 mph", "oneway": "yes", "placement": "right_of:1", "ref": "I 205", "source:hgv:national_network": "https://www.ecfr.gov/current/title-23/chapter-I/subchapter-G/part-658;https://hepgis-usdot.hub.arcgis.com/apps/usdot::national-network-conventional-combination-trucks-map", "surface": "asphalt"}, "geometry": {"type": "LineString", "coordinates": [[-122.7448794, 45.3715162], [-122.7440353, 45.3717452], [-122.7424237, 45.3721897]]}}, {"type": "Feature", "properties": {"osm_id": 5390509, "bicycle": "no", "destination:lanes": "||none;Capitol Highway", "hgv": "designated", "hgv:national_network": "yes", "highway": "motorway", "lanes": "3", "lit": "yes", "maxspeed": "55 mph", "noname": "yes", "official_name": "Pacific Highway #1;Korean War Veterans Memorial Highway;Purple Heart Trail", "oneway": "yes", "ref": "I 5", "source:hgv:national_network": "https://www.ecfr.gov/current/title-23/chapter-I/subchapter-G/part-658;https://hepgis-usdot.hub.arcgis.com/apps/usdot::national-network-conventional-combination-trucks-map", "surface": "asphalt", "turn:lanes": "||through;slight_right"}, "geometry": {"type": "LineString", "coordinates": [[-122.7043585, 45.4606308], [-122.7046446, 45.4604653], [-122.7053836, 45.4600356], [-122.705847, 45.4597688], [-122.7074746, 45.458826], [-122.7083329, 45.4583523], [-122.7092566, 45.4578481], [-122.7101834, 45.4573332], [-122.7119455, 45.4563643], [-122.71257, 45.4560168], [-122.7147774, 45.4548055], [-122.7154, 45.4544684], [-122.7158039, 45.4542797], [-122.7160424, 45.4541702], [-122.7162394, 45.4540859], [-122.7166711, 45.4539194], [-122.7169065, 45.4538452], [-122.7171918, 45.4537668], [-122.7173762, 45.4537195], [-122.7175958, 45.4536772], [-122.7177408, 45.4536492], [-122.7179409, 45.4536163], [-122.7181652, 45.4535908], [-122.7183828, 45.4535673]]}}, {"type": "Feature", "properties": {"osm_id": 5509099, "bicycle": "no", "cutting": "yes", "description": "Stadium Freeway Highway #61", "foot": "no", "hgv": "designated", "hgv:national_network": "yes", "highway": "motorway", "lanes": "2", "maxspeed": "50 mph", "oneway": "yes", "ref": "I 405", "source:hgv:national_network": "https://www.ecfr.gov/current/title-23/chapter-I/subchapter-G/part-658;https://hepgis-usdot.hub.arcgis.com/apps/usdot::national-network-conventional-combination-trucks-map", "surface": "asphalt"}, "geometry": {"type": "LineString", "coordinates": [[-122.6762535, 45.5054224], [-122.6768171, 45.5055059]]}}, {"type": "Feature", "properties": {"osm_id": 5509189, "bicycle": "no", "cutting": "yes", "description": "Stadium Freeway Highway #61", "destination": "Salem;The Dalles;Seattle", "destination:ref": "I 5;I 84 East", "foot": "no", "hgv": "designated", "hgv:national_network": "yes", "highway": "motorway", "lanes": "3", "maxheight": "default", "maxspeed": "50 mph", "oneway": "yes", "ref": "I 405", "source:hgv:national_network": "https://www.ecfr.gov/current/title-23/chapter-I/subchapter-G/part-658;https://hepgis-usdot.hub.arcgis.com/apps/usdot::national-network-conventional-combination-trucks-map"}, "geometry": {"type": "LineString", "coordinates": [[-122.6875606, 45.5099001], [-122.6872142, 45.5096433], [-122.6867669, 45.509315], [-122.6863009, 45.5090027], [-122.6858361, 45.508696], [-122.6845523, 45.5078357], [-122.6838258, 45.5073512], [-122.6832397, 45.5069377]]}}, {"type": "Feature", "properties": {"osm_id": 5509362, "bicycle": "no", "description": "Stadium Freeway Highway #61", "description_1": "Southwest I5 Freeway - I405 Freeway Ramp", "destination:symbol": "centre", "hgv": "designated", "hgv:national_network": "yes", "highway": "motorway", "junction:ref": "299B", "lanes": "2", "maxheight:signed": "no", "maxspeed": "50 mph", "old_name": "Robert Hugh Baldock Freeway", "oneway": "yes", "ref": "I 405", "source:hgv:national_network": "https://www.ecfr.gov/current/title-23/chapter-I/subchapter-G/part-658;https://hepgis-usdot.hub.arcgis.com/apps/usdot::national-network-conventional-combination-trucks-map", "surface": "asphalt"}, "geometry": {"type": "LineString", "coordinates": [[-122.6732334, 45.4990091], [-122.6732248, 45.4992098], [-122.6732241, 45.4996829], [-122.6732244, 45.4999757], [-122.6732264, 45.5002306], [-122.6732424, 45.5004257], [-122.6732582, 45.5005997], [-122.6732791, 45.5007512], [-122.6732998, 45.5008799], [-122.6733535, 45.5010791], [-122.6734798, 45.5014918], [-122.6735954, 45.501829]]}}, {"type": "Feature", "properties": {"osm_id": 5520285, "bicycle": "no", "bridge": "yes", "destination:lanes": "City Center|City Center|Seattle", "destination:ref:lanes": "I 405 North;US 26 West|I 405 North;US 26 West|I 5 North", "destination:ref:to:lanes": "||I 84", "destination:symbol": "centre", "hgv": "designated", "hgv:national_network": "yes", "highway": "motorway", "lanes": "3", "layer": "1", "maxspeed": "55 mph", "official_name": "Pacific Highway #1;Korean War Veterans Memorial Highway;Purple Heart Trail", "oneway": "yes", "ref": "I 5", "source:hgv:national_network": "https://www.ecfr.gov/current/title-23/chapter-I/subchapter-G/part-658;https://hepgis-usdot.hub.arcgis.com/apps/usdot::national-network-conventional-combination-trucks-map"}, "geometry": {"type": "LineString", "coordinates": [[-122.6736505, 45.4927145], [-122.673595, 45.4929342], [-122.6735523, 45.4931483]]}}, {"type": "Feature", "properties": {"osm_id": 5520312, "CCGIS:bicycle": "no", "alt_name": "Pacific Highway", "bicycle": "no", "bridge": "yes", "cycleway:left": "no", "cycleway:right": "separate", "hgv": "designated", "hgv:national_network": "yes", "highway": "motorway", "lanes": "3", "layer": "1", "lit": "yes", "maxspeed": "50 mph", "name": "Interstate Bridge", "old_ref": "US 99;PSH 1", "oneway": "yes", "parking:both": "no", "parking:both:restriction": "no_stopping", "ref": "I 5", "sidewalk:left": "no", "sidewalk:right": "separate", "source:hgv:national_network": "https://www.ecfr.gov/current/title-23/chapter-I/subchapter-G/part-658;https://hepgis-usdot.hub.arcgis.com/apps/usdot::national-network-conventional-combination-trucks-map"}, "geometry": {"type": "LineString", "coordinates": [[-122.6732134, 45.6217526], [-122.6732329, 45.6217202], [-122.6732921, 45.621622], [-122.6733149, 45.6215842], [-122.6733214, 45.6215734], [-122.6735534, 45.6211902], [-122.6737139, 45.6209247]]}}, {"type": "Feature", "properties": {"osm_id": 5520326, "bridge": "yes", "hgv": "designated", "hgv:national_network": "yes", "highway": "motorway", "lanes": "4", "layer": "3", "maxspeed": "50 mph", "name": "Marquam Bridge", "official_name": "Pacific Highway #1;Korean War Veterans Memorial Highway;Purple Heart Trail", "oneway": "yes", "ref": "I 5", "source:hgv:national_network": "https://www.ecfr.gov/current/title-23/chapter-I/subchapter-G/part-658;https://hepgis-usdot.hub.arcgis.com/apps/usdot::national-network-conventional-combination-trucks-map", "surface": "asphalt"}, "geometry": {"type": "LineString", "coordinates": [[-122.6671119, 45.5092289], [-122.6670234, 45.5093253]]}}, {"type": "Feature", "properties": {"osm_id": 5520348, "bicycle": "no", "bridge": "yes", "description": "Pacific Highway #1", "hgv": "designated", "hgv:national_network": "yes", "highway": "motorway", "lanes": "2", "layer": "2", "maxspeed": "50 mph", "name": "Marquam Bridge", "official_name": "Pacific Highway #1;Korean War Veterans Memorial Highway;Purple Heart Trail", "oneway": "yes", "ref": "I 5", "source:hgv:national_network": "https://www.ecfr.gov/current/title-23/chapter-I/subchapter-G/part-658;https://hepgis-usdot.hub.arcgis.com/apps/usdot::national-network-conventional-combination-trucks-map"}, "geometry": {"type": "LineString", "coordinates": [[-122.6708029, 45.5069335], [-122.6711451, 45.5067722]]}}, {"type": "Feature", "properties": {"osm_id": 5520861, "NHS": "yes", "RLIS:bicycle": "caution_area", "alt_name": "Highway 99E", "bicycle": "yes", "cycleway": "no", "embedded_rails": "tram", "hgv": "designated", "hgv:national_network": "yes", "highway": "primary", "lanes": "4", "maxspeed": "30 mph", "name": "Northeast Martin Luther King Junior Boulevard", "name:etymology": "Martin Luther King Junior", "name:etymology:wikidata": "Q8027", "name:etymology:wikipedia": "en:Martin Luther King Jr.", "old_name": "Northeast Union Avenue", "oneway": "yes", "ref": "OR 99E", "short_name": "NE MLK Jr Blvd", "sidewalk": "both", "surface": "asphalt", "turn:lanes": "|||right"}, "geometry": {"type": "LineString", "coordinates": [[-122.6617414, 45.524361], [-122.661748, 45.524296], [-122.6617521, 45.524101], [-122.6617512, 45.5237265], [-122.6617537, 45.5236527]]}}, {"type": "Feature", "properties": {"osm_id": 5520867, "NHS": "yes", "RLIS:bicycle": "caution_area", "alt_name": "Highway 99E", "bicycle": "yes", "change:lanes:backward": "no|not_left|yes", "change:lanes:forward": "not_left|yes", "description": "Pacific Highway East #1E (81)", "destination:forward": "City Center", "destination:ref:lanes:backward": "I 5 South|OR 99E North|OR 99E North", "destination:ref:to:lanes:backward": "|I 5 North|I 5 North", "destination:symbol:backward": "motorway", "destination:symbol:forward": "centre", "hgv": "designated", "hgv:national_network": "yes", "highway": "primary", "lanes": "5", "lanes:backward": "3", "lanes:forward": "2", "lit": "yes", "maxspeed": "30 mph", "name": "Northeast Martin Luther King Junior Boulevard", "name:etymology": "Martin Luther King Junior", "name:etymology:wikidata": "Q8027", "name:etymology:wikipedia": "en:Martin Luther King Jr.", "old_ref": "US 99E", "ref": "OR 99E", "short_name": "NE MLK Jr Blvd", "sidewalk": "both", "surface": "asphalt", "turn:lanes:backward": "left||"}, "geometry": {"type": "LineString", "coordinates": [[-122.6613267, 45.581125], [-122.6613266, 45.5810002], [-122.6613337, 45.5807823]]}}, {"type": "Feature", "properties": {"osm_id": 5520902, "NHS": "yes", "RLIS:bicycle": "caution_area", "alt_name": "Highway 99E", "bicycle": "yes", "embedded_rails": "tram", "expressway": "yes", "foot": "yes", "hgv": "designated", "hgv:national_network": "yes", "highway": "trunk", "lanes": "3", "maxspeed": "30 mph", "name": "Southeast Martin Luther King Junior Boulevard", "name:etymology": "Martin Luther King Junior", "name:etymology:wikidata": "Q8027", "name:etymology:wikipedia": "en:Martin Luther King Jr.", "old_name": "Southeast Union Avenue", "oneway": "yes", "ref": "OR 99E", "short_name": "SE MLK Jr Blvd", "sidewalk": "right", "surface": "asphalt"}, "geometry": {"type": "LineString", "coordinates": [[-122.6618427, 45.5094974], [-122.6618429, 45.509465], [-122.6618431, 45.5094289], [-122.6618436, 45.5093152]]}}, {"type": "Feature", "properties": {"osm_id": 5528057, "bridge": "yes", "bridge:structure": "truss", "destination:lanes": "Beaverton|Beaverton|Salem|Salem", "hgv": "designated", "hgv:national_network": "yes", "highway": "motorway", "lanes": "4", "layer": "2", "maxspeed": "50 mph", "name": "Marquam Bridge", "official_name": "Pacific Highway #1;Korean War Veterans Memorial Highway;Purple Heart Trail", "oneway": "yes", "ref": "I 5", "source:hgv:national_network": "https://www.ecfr.gov/current/title-23/chapter-I/subchapter-G/part-658;https://hepgis-usdot.hub.arcgis.com/apps/usdot::national-network-conventional-combination-trucks-map", "surface": "asphalt", "turn:lanes": "slight_left|slight_left|slight_right|slight_right"}, "geometry": {"type": "LineString", "coordinates": [[-122.667128, 45.5092363], [-122.6672301, 45.5091423], [-122.6674125, 45.5089917], [-122.6676626, 45.5088286], [-122.6708029, 45.5069335]]}}, {"type": "Feature", "properties": {"osm_id": 5531793, "NHS": "yes", "RLIS:bicycle": "caution_area", "alt_name": "Highway 99E", "bicycle": "yes", "embedded_rails": "tram", "hgv": "designated", "hgv:national_network": "yes", "highway": "primary", "lanes": "4", "maxspeed": "30 mph", "name": "Southeast Martin Luther King Junior Boulevard", "name:etymology": "Martin Luther King Junior", "name:etymology:wikidata": "Q8027", "name:etymology:wikipedia": "en:Martin Luther King Jr.", "old_name": "Southeast Union Avenue", "oneway": "yes", "ref": "OR 99E", "short_name": "SE MLK Jr Blvd", "sidewalk": "both", "surface": "asphalt", "turn:lanes": "|||right"}, "geometry": {"type": "LineString", "coordinates": [[-122.6617627, 45.5229346], [-122.6617631, 45.5228814], [-122.6617635, 45.5228194], [-122.6617655, 45.5225478], [-122.6617673, 45.5222879], [-122.6617678, 45.522221]]}}, {"type": "Feature", "properties": {"osm_id": 5536095, "bicycle": "no", "description": "Stadium Freeway Highway #61", "description_1": "Southwest I405 Freeway - I5 Freeway Ramp", "hgv": "designated", "hgv:national_network": "yes", "highway": "motorway", "lanes": "2", "maxspeed": "50 mph", "old_name": "Robert Hugh Baldock Freeway", "oneway": "yes", "ref": "I 405", "source:hgv:national_network": "https://www.ecfr.gov/current/title-23/chapter-I/subchapter-G/part-658;https://hepgis-usdot.hub.arcgis.com/apps/usdot::national-network-conventional-combination-trucks-map"}, "geometry": {"type": "LineString", "coordinates": [[-122.6737954, 45.5017845], [-122.6737034, 45.5015384], [-122.6735351, 45.5010553], [-122.6734896, 45.5008802], [-122.6734642, 45.5007359], [-122.6734181, 45.5004205], [-122.6733898, 45.5000996], [-122.6733793, 45.4997963], [-122.6733848, 45.499532], [-122.6733901, 45.4991687], [-122.6734048, 45.4987304], [-122.6734475, 45.4977988], [-122.6734866, 45.4976397]]}}, {"type": "Feature", "properties": {"osm_id": 5543105, "bicycle": "no", "hgv": "designated", "hgv:national_network": "yes", "highway": "motorway", "lanes": "3", "maxspeed": "55 mph", "oneway": "yes", "placement": "right_of:1", "ref": "I 205", "source:hgv:national_network": "https://www.ecfr.gov/current/title-23/chapter-I/subchapter-G/part-658;https://hepgis-usdot.hub.arcgis.com/apps/usdot::national-network-conventional-combination-trucks-map"}, "geometry": {"type": "LineString", "coordinates": [[-122.5712594, 45.4607645], [-122.5710744, 45.4610991], [-122.5708715, 45.4614197], [-122.5706154, 45.4618112], [-122.5703555, 45.4621878], [-122.5700848, 45.4625471], [-122.5698469, 45.4628465], [-122.5696006, 45.4631251], [-122.5690104, 45.4637556]]}}, {"type": "Feature", "properties": {"osm_id": 15610066, "bicycle": "no", "bridge": "yes", "description": "Stadium Freeway Highway #61", "foot": "no", "hgv": "designated", "hgv:national_network": "yes", "highway": "motorway", "lanes": "3", "layer": "1", "lit": "yes", "maxspeed": "50 mph", "oneway": "yes", "ref": "I 405", "source:hgv:national_network": "https://www.ecfr.gov/current/title-23/chapter-I/subchapter-G/part-658;https://hepgis-usdot.hub.arcgis.com/apps/usdot::national-network-conventional-combination-trucks-map", "surface": "asphalt"}, "geometry": {"type": "LineString", "coordinates": [[-122.6868059, 45.5283266], [-122.6868015, 45.5289618]]}}, {"type": "Feature", "properties": {"osm_id": 15610069, "bicycle": "no", "description": "Stadium Freeway Highway #61", "destination:lanes": "Salem|Salem;Beaverton|Couch Street;Burnside Street", "embankment": "yes", "foot": "no", "hgv": "designated", "hgv:national_network": "yes", "highway": "motorway", "lanes": "3", "maxspeed": "50 mph", "oneway": "yes", "ref": "I 405", "source:hgv:national_network": "https://www.ecfr.gov/current/title-23/chapter-I/subchapter-G/part-658;https://hepgis-usdot.hub.arcgis.com/apps/usdot::national-network-conventional-combination-trucks-map", "surface": "asphalt", "turn:lanes": "none|none|slight_right"}, "geometry": {"type": "LineString", "coordinates": [[-122.6870129, 45.5283262], [-122.6869605, 45.5271315]]}}, {"type": "Feature", "properties": {"osm_id": 23122262, "bicycle": "yes", "hgv": "designated", "hgv:national_network": "yes", "highway": "motorway", "lanes": "4", "lit": "yes", "maxheight:signed": "no", "maxspeed": "55 mph", "noname": "yes", "official_name": "Pacific Highway #1;Korean War Veterans Memorial Highway;Purple Heart Trail", "old_name": "Robert Hugh Baldock Freeway;West Portland-Hubbard Highway #51", "old_ref": "US 99", "oneway": "yes", "ref": "I 5", "source:hgv:national_network": "https://www.ecfr.gov/current/title-23/chapter-I/subchapter-G/part-658;https://hepgis-usdot.hub.arcgis.com/apps/usdot::national-network-conventional-combination-trucks-map", "surface": "asphalt"}, "geometry": {"type": "LineString", "coordinates": [[-122.7515034, 45.3857769], [-122.7519983, 45.3845019], [-122.752956, 45.3820234], [-122.7532966, 45.3811657]]}}, {"type": "Feature", "properties": {"osm_id": 23122927, "bicycle": "yes", "destination:lanes": "none|none|none|Elligsen Road;Boones Ferry Road", "hgv": "designated", "hgv:national_network": "yes", "highway": "motorway", "lanes": "4", "lit": "no", "maxheight:signed": "no", "maxspeed": "65 mph", "maxspeed:hgv": "60 mph", "noname": "yes", "official_name": "Pacific Highway #1;Korean War Veterans Memorial Highway;Purple Heart Trail", "old_name": "Robert Hugh Baldock Freeway;West Portland-Hubbard Highway #51", "old_ref": "US 99", "oneway": "yes", "ref": "I 5", "source:hgv:national_network": "https://www.ecfr.gov/current/title-23/chapter-I/subchapter-G/part-658;https://hepgis-usdot.hub.arcgis.com/apps/usdot::national-network-conventional-combination-trucks-map", "surface": "asphalt", "turn:lanes": "none|none|none|slight_right"}, "geometry": {"type": "LineString", "coordinates": [[-122.7642238, 45.353968], [-122.7660468, 45.3494111], [-122.7666497, 45.3479038], [-122.7672606, 45.3463941], [-122.7677932, 45.3450596], [-122.7680257, 45.3444685], [-122.7682994, 45.3437188], [-122.76851, 45.3430507], [-122.7686398, 45.3426183], [-122.7687658, 45.3421689], [-122.7690393, 45.3410761], [-122.7692009, 45.3403773]]}}, {"type": "Feature", "properties": {"osm_id": 23531292, "bicycle": "no", "bridge": "yes", "cycleway:left": "no", "cycleway:right": "separate", "hgv": "designated", "hgv:national_network": "yes", "highway": "motorway", "lanes": "4", "layer": "1", "lit": "yes", "maxspeed": "50 mph", "official_name": "Pacific Highway #1;Korean War Veterans Memorial Highway;Purple Heart Trail", "old_ref": "US 99", "oneway": "yes", "placement": "middle_of:2", "ref": "I 5", "sidewalk:left": "no", "sidewalk:right": "separate", "source:hgv:national_network": "https://www.ecfr.gov/current/title-23/chapter-I/subchapter-G/part-658;https://hepgis-usdot.hub.arcgis.com/apps/usdot::national-network-conventional-combination-trucks-map", "surface": "asphalt", "turn:lanes": "|||slight_right"}, "geometry": {"type": "LineString", "coordinates": [[-122.6821993, 45.6055581], [-122.6820869, 45.6058619], [-122.6819679, 45.6061635], [-122.6818402, 45.6064665], [-122.6817031, 45.6067658], [-122.6815091, 45.6071558], [-122.6813041, 45.6075403], [-122.6808661, 45.6083013], [-122.6804962, 45.6089182]]}}, {"type": "Feature", "properties": {"osm_id": 23531294, "bicycle": "no", "bridge": "yes", "cycleway:both": "no", "destination:lanes": "none|none|Interstate Avenue;Portland International Raceway|Martin Luther King Junior Boulevard;Marine Drive", "hgv": "designated", "hgv:national_network": "yes", "highway": "motorway", "lanes": "4", "layer": "1", "lit": "yes", "maxspeed": "50 mph", "official_name": "Pacific Highway #1;Korean War Veterans Memorial Highway;Purple Heart Trail", "old_ref": "US 99", "oneway": "yes", "ref": "I 5", "sidewalk": "no", "source:hgv:national_network": "https://www.ecfr.gov/current/title-23/chapter-I/subchapter-G/part-658;https://hepgis-usdot.hub.arcgis.com/apps/usdot::national-network-conventional-combination-trucks-map", "surface": "asphalt", "turn:lanes": "none|none|none|slight_right"}, "geometry": {"type": "LineString", "coordinates": [[-122.6806487, 45.6090468], [-122.6810603, 45.6083584], [-122.6815038, 45.6075934], [-122.6815494, 45.6075112], [-122.6817013, 45.6072203], [-122.6818976, 45.6068218], [-122.6820392, 45.6065144], [-122.682166, 45.6062216], [-122.6823129, 45.6058447]]}}, {"type": "Feature", "properties": {"osm_id": 23551942, "bicycle": "no", "description": "Stadium Freeway Highway #61", "destination": "Beaverton", "destination:ref": "I 405 North;US 26 West", "destination:ref:to": "US 26 West", "foot": "no", "hgv": "designated", "hgv:national_network": "yes", "highway": "motorway", "lanes": "2", "maxspeed": "50 mph", "oneway": "yes", "ref": "I 405", "source:hgv:national_network": "https://www.ecfr.gov/current/title-23/chapter-I/subchapter-G/part-658;https://hepgis-usdot.hub.arcgis.com/apps/usdot::national-network-conventional-combination-trucks-map", "surface": "asphalt"}, "geometry": {"type": "LineString", "coordinates": [[-122.6736799, 45.5020714], [-122.6736846, 45.5022352], [-122.6737489, 45.5025747], [-122.6737806, 45.5028103], [-122.673821, 45.5030612]]}}, {"type": "Feature", "properties": {"osm_id": 23552317, "bicycle": "no", "description": "Pacific Highway #1", "description_1": "I5 Freeway Northbound", "hgv": "designated", "hgv:national_network": "yes", "highway": "motorway", "lanes": "3", "maxspeed": "50 mph", "name": "Terwilliger Curves", "official_name": "Pacific Highway #1;Korean War Veterans Memorial Highway;Purple Heart Trail", "oneway": "yes", "ref": "I 5", "source:hgv:national_network": "https://www.ecfr.gov/current/title-23/chapter-I/subchapter-G/part-658;https://hepgis-usdot.hub.arcgis.com/apps/usdot::national-network-conventional-combination-trucks-map", "surface": "asphalt"}, "geometry": {"type": "LineString", "coordinates": [[-122.6946728, 45.4657807], [-122.6940057, 45.4662179], [-122.69296, 45.466877], [-122.692548, 45.467151], [-122.692123, 45.4674676], [-122.691752, 45.467785], [-122.69126, 45.4682599], [-122.6905135, 45.4690483], [-122.6902473, 45.4693018], [-122.6900805, 45.4694345], [-122.6899122, 45.4695538], [-122.6897234, 45.4696622], [-122.6895368, 45.469762], [-122.689286, 45.469869], [-122.6890663, 45.4699476], [-122.6887356, 45.4700356], [-122.6881715, 45.4701508], [-122.6878519, 45.4701885], [-122.6875157, 45.470226], [-122.6871687, 45.4702569], [-122.6867944, 45.4702771], [-122.6863344, 45.4702859], [-122.686015, 45.4702859], [-122.6856986, 45.4702727], [-122.68537, 45.4702515], [-122.685053, 45.4702176], [-122.6844399, 45.4701406], [-122.6838027, 45.4700451], [-122.6833462, 45.4699635], [-122.6828864, 45.4698782], [-122.6819645, 45.4697142], [-122.6814349, 45.469631], [-122.6807939, 45.4695614], [-122.6803143, 45.469563], [-122.6798236, 45.4696059], [-122.6795711, 45.4696535], [-122.6792471, 45.4697372], [-122.6789815, 45.4698271], [-122.6786712, 45.4699611], [-122.6783656, 45.4701365], [-122.6780687, 45.4703459], [-122.6778587, 45.4705355], [-122.6777723, 45.4706134], [-122.6775224, 45.4709284], [-122.677422, 45.471121], [-122.6773374, 45.4713158], [-122.6772698, 45.4715313], [-122.67725, 45.471874], [-122.6772618, 45.4720797], [-122.6772952, 45.4722868], [-122.6773844, 45.4725708], [-122.6774899, 45.472878], [-122.677632, 45.4732328], [-122.6781845, 45.4746896], [-122.6784157, 45.4752991]]}}, {"type": "Feature", "properties": {"osm_id": 23552318, "bicycle": "no", "bridge": "yes", "hgv": "designated", "hgv:national_network": "yes", "highway": "motorway", "lanes": "3", "layer": "1", "maxspeed": "55 mph", "official_name": "Pacific Highway #1;Korean War Veterans Memorial Highway;Purple Heart Trail", "oneway": "yes", "ref": "I 5", "source:hgv:national_network": "https://www.ecfr.gov/current/title-23/chapter-I/subchapter-G/part-658;https://hepgis-usdot.hub.arcgis.com/apps/usdot::national-network-conventional-combination-trucks-map"}, "geometry": {"type": "LineString", "coordinates": [[-122.6737088, 45.4933409], [-122.6738384, 45.4927903]]}}, {"type": "Feature", "properties": {"osm_id": 23560872, "bicycle": "yes", "bridge": "yes", "hgv": "designated", "hgv:national_network": "yes", "highway": "motorway", "lanes": "2", "layer": "1", "maxspeed": "65 mph", "maxspeed:hgv": "60 mph", "oneway": "yes", "ref": "I 205", "source:hgv:national_network": "https://www.ecfr.gov/current/title-23/chapter-I/subchapter-G/part-658;https://hepgis-usdot.hub.arcgis.com/apps/usdot::national-network-conventional-combination-trucks-map", "surface": "paved"}, "geometry": {"type": "LineString", "coordinates": [[-122.6863796, 45.3667622], [-122.6869636, 45.366785], [-122.6875511, 45.3668121], [-122.6884578, 45.3668669], [-122.6892507, 45.3669258], [-122.6899049, 45.366993]]}}, {"type": "Feature", "properties": {"osm_id": 23560873, "bicycle": "yes", "bridge": "yes", "hgv": "designated", "hgv:national_network": "yes", "highway": "motorway", "lanes": "2", "layer": "1", "maxspeed": "65 mph", "maxspeed:hgv": "60 mph", "oneway": "yes", "ref": "I 205", "source:hgv:national_network": "https://www.ecfr.gov/current/title-23/chapter-I/subchapter-G/part-658;https://hepgis-usdot.hub.arcgis.com/apps/usdot::national-network-conventional-combination-trucks-map"}, "geometry": {"type": "LineString", "coordinates": [[-122.689049, 45.366411], [-122.6878377, 45.3663356], [-122.6869105, 45.3662954], [-122.6859603, 45.3662796]]}}, {"type": "Feature", "properties": {"osm_id": 23560889, "bicycle": "yes", "hgv": "designated", "hgv:national_network": "yes", "highway": "motorway", "lanes": "2", "maxheight:signed": "no", "maxspeed": "65 mph", "maxspeed:hgv": "60 mph", "oneway": "yes", "ref": "I 205", "source:hgv:national_network": "https://www.ecfr.gov/current/title-23/chapter-I/subchapter-G/part-658;https://hepgis-usdot.hub.arcgis.com/apps/usdot::national-network-conventional-combination-trucks-map"}, "geometry": {"type": "LineString", "coordinates": [[-122.6859603, 45.3662796], [-122.685464, 45.366265], [-122.684754, 45.366237], [-122.684252, 45.366207], [-122.6836771, 45.3661635], [-122.6831755, 45.3661249], [-122.682765, 45.366078], [-122.682271, 45.366019], [-122.681783, 45.365953], [-122.681291, 45.365879], [-122.680813, 45.365799], [-122.680327, 45.36571], [-122.679846, 45.365612], [-122.679372, 45.365507], [-122.6789, 45.365396], [-122.678433, 45.365277], [-122.677965, 45.365149], [-122.677499, 45.365013], [-122.677041, 45.364871], [-122.676593, 45.364725], [-122.676145, 45.364569], [-122.675701, 45.364406], [-122.675259, 45.364236], [-122.674827, 45.364059], [-122.674404, 45.363875], [-122.673559, 45.363487], [-122.673152, 45.363284], [-122.672745, 45.363072], [-122.672354, 45.362858], [-122.67197, 45.362639], [-122.671593, 45.362415], [-122.671222, 45.362182], [-122.671009, 45.362041], [-122.67086, 45.361942], [-122.670501, 45.361696], [-122.670146, 45.361444], [-122.669801, 45.361185], [-122.66947, 45.360924], [-122.6690876, 45.3606039]]}}, {"type": "Feature", "properties": {"osm_id": 23622227, "bicycle": "no", "description": "Pacific Highway #1", "hgv": "designated", "hgv:national_network": "yes", "highway": "motorway", "lanes": "4", "lit": "yes", "maxspeed": "55 mph", "noname": "yes", "official_name": "Pacific Highway #1;Korean War Veterans Memorial Highway;Purple Heart Trail", "old_name": "West Portland-Hubbard Highway #51", "old_ref": "US 99", "oneway": "yes", "ref": "I 5", "source:hgv:national_network": "https://www.ecfr.gov/current/title-23/chapter-I/subchapter-G/part-658;https://hepgis-usdot.hub.arcgis.com/apps/usdot::national-network-conventional-combination-trucks-map", "surface": "asphalt"}, "geometry": {"type": "LineString", "coordinates": [[-122.7441056, 45.4052385], [-122.7440972, 45.4053356], [-122.7439978, 45.4060996], [-122.7439664, 45.406394], [-122.7439389, 45.4066558], [-122.7439166, 45.4069335], [-122.7438673, 45.4077559], [-122.743854, 45.4082455], [-122.7438487, 45.4090296], [-122.7438578, 45.4097653], [-122.7438624, 45.4104142], [-122.74385, 45.4119253]]}}, {"type": "Feature", "properties": {"osm_id": 23622228, "bicycle": "no", "hgv": "no", "highway": "motorway", "lanes": "3", "lit": "yes", "maxspeed": "55 mph", "noname": "yes", "official_name": "Pacific Highway #1;Korean War Veterans Memorial Highway;Purple Heart Trail", "oneway": "yes", "ref": "I 5", "surface": "asphalt"}, "geometry": {"type": "LineString", "coordinates": [[-122.7414546, 45.44174], [-122.7409007, 45.4423727], [-122.7407179, 45.442584], [-122.7402151, 45.4431629], [-122.740034, 45.4433569], [-122.7396826, 45.4436929], [-122.7395041, 45.4438365], [-122.7393605, 45.4439451], [-122.7391999, 45.444059], [-122.7390433, 45.4441574], [-122.7388064, 45.4442969], [-122.7386317, 45.4443905], [-122.7384401, 45.4444849], [-122.7381324, 45.4446157], [-122.7378926, 45.4447074], [-122.7376208, 45.4447941], [-122.7374461, 45.4448482], [-122.7372429, 45.4449027], [-122.7369125, 45.4449843], [-122.735706, 45.4452171]]}}, {"type": "Feature", "properties": {"osm_id": 23622570, "bicycle": "no", "hgv": "designated", "hgv:national_network": "yes", "highway": "motorway", "lanes": "3", "maxspeed": "55 mph", "noname": "yes", "official_name": "Pacific Highway #1;Korean War Veterans Memorial Highway;Purple Heart Trail", "oneway": "yes", "ref": "I 5", "source:hgv:national_network": "https://www.ecfr.gov/current/title-23/chapter-I/subchapter-G/part-658;https://hepgis-usdot.hub.arcgis.com/apps/usdot::national-network-conventional-combination-trucks-map", "surface": "asphalt"}, "geometry": {"type": "LineString", "coordinates": [[-122.6998791, 45.4632112], [-122.7006697, 45.4627292], [-122.7017489, 45.4621403], [-122.7023592, 45.4617916], [-122.7038626, 45.4609233]]}}, {"type": "Feature", "properties": {"osm_id": 23622572, "bicycle": "no", "hgv": "designated", "hgv:national_network": "yes", "highway": "motorway", "lanes": "3", "maxspeed": "55 mph", "noname": "yes", "official_name": "Pacific Highway #1;Korean War Veterans Memorial Highway;Purple Heart Trail", "oneway": "yes", "ref": "I 5", "source:hgv:national_network": "https://www.ecfr.gov/current/title-23/chapter-I/subchapter-G/part-658;https://hepgis-usdot.hub.arcgis.com/apps/usdot::national-network-conventional-combination-trucks-map", "surface": "asphalt"}, "geometry": {"type": "LineString", "coordinates": [[-122.7037492, 45.4608267], [-122.7021621, 45.4617489], [-122.701563, 45.4620921], [-122.7003657, 45.4627862], [-122.6995265, 45.4632487]]}}, {"type": "Feature", "properties": {"osm_id": 23629713, "NHS": "yes", "RLIS:bicycle": "caution_area", "alt_name": "Highway 99E", "bicycle": "yes", "bridge": "yes", "hgv": "designated", "hgv:national_network": "yes", "highway": "primary", "lanes": "4", "lanes:bus": "1", "layer": "2", "maxspeed": "30 mph", "name": "Northeast Martin Luther King Junior Boulevard", "name:etymology": "Martin Luther King Junior", "name:etymology:wikidata": "Q8027", "name:etymology:wikipedia": "en:Martin Luther King Jr.", "oneway": "yes", "ref": "OR 99E", "short_name": "NE MLK Jr Blvd", "sidewalk": "both", "surface": "asphalt", "turn:lanes": "left|||"}, "geometry": {"type": "LineString", "coordinates": [[-122.6616877, 45.5261953], [-122.6616921, 45.525075]]}}, {"type": "Feature", "properties": {"osm_id": 23630409, "bicycle": "designated", "cycleway:right": "lane", "cycleway:right:buffer": "no", "foot": "no", "highway": "tertiary", "maxspeed": "30 mph", "name": "North Interstate Avenue", "old_name": "Pacific Highway West #1W (91)", "old_ref": "OR 99W (old US 99W)", "oneway": "yes", "sidewalk": "no"}, "geometry": {"type": "LineString", "coordinates": [[-122.6772939, 45.5410087], [-122.6772945, 45.5409289]]}}, {"type": "Feature", "properties": {"osm_id": 23630641, "bicycle": "designated", "cycleway:left": "lane", "cycleway:left:buffer": "no", "cycleway:right": "shared_lane", "highway": "secondary", "maxspeed": "30 mph", "name": "North Interstate Avenue", "old_ref": "OR 99W (old US 99W)", "sidewalk": "both", "surface": "asphalt"}, "geometry": {"type": "LineString", "coordinates": [[-122.6869059, 45.584286], [-122.6868607, 45.5842222], [-122.6867873, 45.5841309], [-122.6867032, 45.5840617], [-122.686678, 45.5840409]]}}, {"type": "Feature", "properties": {"osm_id": 23647929, "bridge": "yes", "hgv": "designated", "hgv:national_network": "yes", "highway": "motorway", "lanes": "3", "layer": "2", "maxspeed": "50 mph", "name": "Marquam Bridge", "official_name": "Pacific Highway #1;Korean War Veterans Memorial Highway;Purple Heart Trail", "oneway": "yes", "ref": "I 5", "source:hgv:national_network": "https://www.ecfr.gov/current/title-23/chapter-I/subchapter-G/part-658;https://hepgis-usdot.hub.arcgis.com/apps/usdot::national-network-conventional-combination-trucks-map"}, "geometry": {"type": "LineString", "coordinates": [[-122.6677403, 45.5149086], [-122.6678534, 45.5144542], [-122.6679403, 45.5140604], [-122.6679948, 45.5137504], [-122.6680114, 45.5136263], [-122.6680185, 45.5134767], [-122.6680221, 45.5132988], [-122.6680193, 45.5132533], [-122.668002, 45.5129693], [-122.6679909, 45.5128996], [-122.6679638, 45.5127294]]}}, {"type": "Feature", "properties": {"osm_id": 23647930, "hgv": "designated", "hgv:national_network": "yes", "highway": "motorway", "lanes": "3", "maxspeed": "50 mph", "noname": "yes", "official_name": "Pacific Highway #1;Korean War Veterans Memorial Highway;Purple Heart Trail", "oneway": "yes", "ref": "I 5", "source:hgv:national_network": "https://www.ecfr.gov/current/title-23/chapter-I/subchapter-G/part-658;https://hepgis-usdot.hub.arcgis.com/apps/usdot::national-network-conventional-combination-trucks-map", "surface": "asphalt"}, "geometry": {"type": "LineString", "coordinates": [[-122.6675455, 45.5148886], [-122.6672654, 45.5160878]]}}, {"type": "Feature", "properties": {"osm_id": 23669243, "bicycle": "no", "bridge": "yes", "hgv": "designated", "hgv:national_network": "yes", "highway": "motorway", "lanes": "3", "layer": "1", "maxspeed": "55 mph", "name": "Glenn L. Jackson Memorial Bridge", "oneway": "yes", "placement": "right_of:1", "ref": "I 205", "source:hgv:national_network": "https://www.ecfr.gov/current/title-23/chapter-I/subchapter-G/part-658;https://hepgis-usdot.hub.arcgis.com/apps/usdot::national-network-conventional-combination-trucks-map"}, "geometry": {"type": "LineString", "coordinates": [[-122.5470521, 45.5732996], [-122.54687, 45.5735064], [-122.5467106, 45.5736929], [-122.5465867, 45.5738411], [-122.5464442, 45.5740161], [-122.5463334, 45.5741562], [-122.5461127, 45.5744775]]}}, {"type": "Feature", "properties": {"osm_id": 23669245, "bicycle": "no", "hgv": "designated", "hgv:national_network": "yes", "highway": "motorway", "lanes": "3", "maxspeed": "55 mph", "oneway": "yes", "placement": "right_of:1", "ref": "I 205", "source:hgv:national_network": "https://www.ecfr.gov/current/title-23/chapter-I/subchapter-G/part-658;https://hepgis-usdot.hub.arcgis.com/apps/usdot::national-network-conventional-combination-trucks-map"}, "geometry": {"type": "LineString", "coordinates": [[-122.547237, 45.5734568], [-122.5474412, 45.5732376], [-122.5476162, 45.5730562], [-122.5477946, 45.5728762], [-122.5479781, 45.5726981], [-122.5481641, 45.5725222], [-122.5483549, 45.5723481], [-122.5485483, 45.5721756], [-122.5487491, 45.572004], [-122.5489491, 45.5718372]]}}, {"type": "Feature", "properties": {"osm_id": 25714061, "NHS": "yes", "RLIS:bicycle": "caution_area", "alt_name": "Highway 99E", "bicycle": "yes", "hgv": "designated", "hgv:national_network": "yes", "highway": "primary", "lanes": "2", "maxspeed": "30 mph", "name": "Northeast Martin Luther King Junior Boulevard", "name:etymology": "Martin Luther King Junior", "name:etymology:wikidata": "Q8027", "name:etymology:wikipedia": "en:Martin Luther King Jr.", "oneway": "yes", "ref": "OR 99E", "short_name": "NE MLK Jr Blvd; NE MLK Blvd", "sidewalk": "right", "surface": "asphalt"}, "geometry": {"type": "LineString", "coordinates": [[-122.6615497, 45.5561728], [-122.6614856, 45.5562576], [-122.6614843, 45.5563187], [-122.661484, 45.5563355], [-122.6614843, 45.5564036], [-122.661483, 45.5564735], [-122.6614686, 45.5573096], [-122.6614628, 45.5576025], [-122.6614619, 45.5577026], [-122.6614583, 45.5578555], [-122.6614487, 45.5583924], [-122.6614441, 45.5586543], [-122.6614419, 45.5587712]]}}, {"type": "Feature", "properties": {"osm_id": 27855954, "bicycle": "no", "hgv": "designated", "hgv:national_network": "yes", "highway": "motorway", "lanes": "3", "maxheight": "default", "maxspeed": "55 mph", "oneway": "yes", "placement": "right_of:1", "ref": "I 205", "source:hgv:national_network": "https://www.ecfr.gov/current/title-23/chapter-I/subchapter-G/part-658;https://hepgis-usdot.hub.arcgis.com/apps/usdot::national-network-conventional-combination-trucks-map", "surface": "asphalt"}, "geometry": {"type": "LineString", "coordinates": [[-122.5658245, 45.4924583], [-122.5659881, 45.4907811], [-122.5661839, 45.4889192], [-122.5662269, 45.4883605], [-122.5662664, 45.4878278], [-122.5662982, 45.4868483], [-122.5662924, 45.4857142], [-122.5662583, 45.4848522], [-122.5662017, 45.4841574], [-122.5661467, 45.4829509]]}}, {"type": "Feature", "properties": {"osm_id": 30216495, "bicycle": "no", "bridge": "yes", "hgv": "designated", "hgv:national_network": "yes", "highway": "motorway", "lanes": "3", "layer": "1", "maxheight:signed": "no", "maxspeed": "55 mph", "oneway": "yes", "placement": "right_of:1", "ref": "I 205", "source:hgv:national_network": "https://www.ecfr.gov/current/title-23/chapter-I/subchapter-G/part-658;https://hepgis-usdot.hub.arcgis.com/apps/usdot::national-network-conventional-combination-trucks-map"}, "geometry": {"type": "LineString", "coordinates": [[-122.5499361, 45.5706876], [-122.549313, 45.5711707]]}}, {"type": "Feature", "properties": {"osm_id": 30216496, "bicycle": "no", "hgv": "designated", "hgv:national_network": "yes", "highway": "motorway", "lanes": "3", "maxspeed": "55 mph", "oneway": "yes", "placement": "right_of:1", "ref": "I 205", "source:hgv:national_network": "https://www.ecfr.gov/current/title-23/chapter-I/subchapter-G/part-658;https://hepgis-usdot.hub.arcgis.com/apps/usdot::national-network-conventional-combination-trucks-map"}, "geometry": {"type": "LineString", "coordinates": [[-122.549313, 45.5711707], [-122.5492523, 45.5712216], [-122.5490537, 45.5713891], [-122.5488555, 45.5715577], [-122.5486605, 45.5717273], [-122.5484679, 45.5718995], [-122.548278, 45.5720697], [-122.5480888, 45.5722453], [-122.5479062, 45.5724203], [-122.547725, 45.5725983], [-122.5475461, 45.5727784], [-122.5473739, 45.572957], [-122.5471996, 45.5731419], [-122.5470521, 45.5732996]]}}, {"type": "Feature", "properties": {"osm_id": 30216512, "bicycle": "no", "hgv": "designated", "hgv:national_network": "yes", "highway": "motorway", "lanes": "3", "maxspeed": "55 mph", "oneway": "yes", "placement": "right_of:1", "ref": "I 205", "source:hgv:national_network": "https://www.ecfr.gov/current/title-23/chapter-I/subchapter-G/part-658;https://hepgis-usdot.hub.arcgis.com/apps/usdot::national-network-conventional-combination-trucks-map"}, "geometry": {"type": "LineString", "coordinates": [[-122.5489491, 45.5718372], [-122.5491514, 45.5716705], [-122.5493591, 45.5715052], [-122.5495994, 45.571325]]}}, {"type": "Feature", "properties": {"osm_id": 30216513, "bicycle": "no", "hgv": "designated", "hgv:national_network": "yes", "highway": "motorway", "lanes": "3", "lit": "yes", "maxspeed": "55 mph", "oneway": "yes", "placement": "right_of:1", "ref": "I 205", "source:hgv:national_network": "https://www.ecfr.gov/current/title-23/chapter-I/subchapter-G/part-658;https://hepgis-usdot.hub.arcgis.com/apps/usdot::national-network-conventional-combination-trucks-map", "surface": "asphalt"}, "geometry": {"type": "LineString", "coordinates": [[-122.5511654, 45.5701512], [-122.5524502, 45.5691961], [-122.5538436, 45.568166], [-122.5547008, 45.5675257]]}}, {"type": "Feature", "properties": {"osm_id": 30216552, "bicycle": "no", "bridge": "yes", "hgv": "designated", "hgv:national_network": "yes", "highway": "motorway", "lanes": "3", "layer": "1", "maxspeed": "55 mph", "name": "Glenn L. Jackson Memorial Bridge", "oneway": "yes", "placement": "right_of:1", "ref": "I 205", "source:hgv:national_network": "https://www.ecfr.gov/current/title-23/chapter-I/subchapter-G/part-658;https://hepgis-usdot.hub.arcgis.com/apps/usdot::national-network-conventional-combination-trucks-map"}, "geometry": {"type": "LineString", "coordinates": [[-122.5517359, 45.6043919], [-122.5516111, 45.6031218], [-122.5516327, 45.6029915]]}}, {"type": "Feature", "properties": {"osm_id": 30216554, "bicycle": "no", "hgv": "designated", "hgv:national_network": "yes", "highway": "motorway", "lanes": "4", "maxspeed": "60 mph", "oneway": "yes", "placement": "right_of:1", "ref": "I 205", "source:hgv:national_network": "https://www.ecfr.gov/current/title-23/chapter-I/subchapter-G/part-658;https://hepgis-usdot.hub.arcgis.com/apps/usdot::national-network-conventional-combination-trucks-map"}, "geometry": {"type": "LineString", "coordinates": [[-122.5514963, 45.6042565], [-122.552192, 45.6086413], [-122.5525024, 45.6106935], [-122.552569, 45.6111466], [-122.5526404, 45.6114849], [-122.5526989, 45.611708]]}}, {"type": "Feature", "properties": {"osm_id": 30221948, "bicycle": "no", "hgv": "designated", "hgv:national_network": "yes", "highway": "motorway", "lanes": "3", "maxheight:signed": "no", "maxspeed": "55 mph", "oneway": "yes", "placement": "right_of:1", "ref": "I 205", "source:hgv:national_network": "https://www.ecfr.gov/current/title-23/chapter-I/subchapter-G/part-658;https://hepgis-usdot.hub.arcgis.com/apps/usdot::national-network-conventional-combination-trucks-map"}, "geometry": {"type": "LineString", "coordinates": [[-122.564969, 45.5323108], [-122.5650863, 45.5315876], [-122.5652076, 45.5307473], [-122.5652917, 45.5300305], [-122.5653387, 45.5295687], [-122.5653881, 45.5290542], [-122.56541, 45.5287022], [-122.5654417, 45.5282432], [-122.5654547, 45.5277286], [-122.5654804, 45.527505]]}}, {"type": "Feature", "properties": {"osm_id": 30221961, "bicycle": "no", "bridge": "yes", "hgv": "designated", "hgv:national_network": "yes", "highway": "motorway", "lanes": "4", "layer": "1", "maxspeed": "55 mph", "oneway": "yes", "placement": "right_of:1", "ref": "I 205", "source:hgv:national_network": "https://www.ecfr.gov/current/title-23/chapter-I/subchapter-G/part-658;https://hepgis-usdot.hub.arcgis.com/apps/usdot::national-network-conventional-combination-trucks-map"}, "geometry": {"type": "LineString", "coordinates": [[-122.5646963, 45.5336544], [-122.5647779, 45.5333471]]}}, {"type": "Feature", "properties": {"osm_id": 30221975, "bicycle": "no", "hgv": "designated", "hgv:national_network": "yes", "highway": "motorway", "lanes": "3", "maxspeed": "55 mph", "oneway": "yes", "placement": "right_of:1", "ref": "I 205", "source:hgv:national_network": "https://www.ecfr.gov/current/title-23/chapter-I/subchapter-G/part-658;https://hepgis-usdot.hub.arcgis.com/apps/usdot::national-network-conventional-combination-trucks-map"}, "geometry": {"type": "LineString", "coordinates": [[-122.56466, 45.5322086], [-122.5646122, 45.5324706]]}}, {"type": "Feature", "properties": {"osm_id": 30254288, "bicycle": "no", "hgv": "designated", "hgv:national_network": "yes", "highway": "motorway", "lanes": "3", "maxspeed": "55 mph", "oneway": "yes", "placement": "right_of:1", "ref": "I 205", "source:hgv:national_network": "https://www.ecfr.gov/current/title-23/chapter-I/subchapter-G/part-658;https://hepgis-usdot.hub.arcgis.com/apps/usdot::national-network-conventional-combination-trucks-map", "surface": "asphalt"}, "geometry": {"type": "LineString", "coordinates": [[-122.5652443, 45.4976457], [-122.5651901, 45.502015]]}}, {"type": "Feature", "properties": {"osm_id": 30254290, "bicycle": "no", "bridge": "yes", "hgv": "designated", "hgv:national_network": "yes", "highway": "motorway", "lanes": "3", "layer": "1", "maxspeed": "55 mph", "oneway": "yes", "placement": "right_of:1", "ref": "I 205", "source:hgv:national_network": "https://www.ecfr.gov/current/title-23/chapter-I/subchapter-G/part-658;https://hepgis-usdot.hub.arcgis.com/apps/usdot::national-network-conventional-combination-trucks-map", "surface": "asphalt"}, "geometry": {"type": "LineString", "coordinates": [[-122.5652621, 45.4970564], [-122.5652443, 45.4976457]]}}, {"type": "Feature", "properties": {"osm_id": 30254292, "bicycle": "no", "bridge": "yes", "hgv": "designated", "hgv:national_network": "yes", "highway": "motorway", "lanes": "3", "layer": "1", "maxspeed": "55 mph", "oneway": "yes", "placement": "right_of:1", "ref": "I 205", "source:hgv:national_network": "https://www.ecfr.gov/current/title-23/chapter-I/subchapter-G/part-658;https://hepgis-usdot.hub.arcgis.com/apps/usdot::national-network-conventional-combination-trucks-map", "surface": "asphalt"}, "geometry": {"type": "LineString", "coordinates": [[-122.5655383, 45.4976605], [-122.5655556, 45.4970722]]}}, {"type": "Feature", "properties": {"osm_id": 30255130, "bicycle": "no", "hgv": "designated", "hgv:national_network": "yes", "highway": "motorway", "lanes": "3", "maxspeed": "55 mph", "oneway": "yes", "placement": "right_of:1", "ref": "I 205", "source:hgv:national_network": "https://www.ecfr.gov/current/title-23/chapter-I/subchapter-G/part-658;https://hepgis-usdot.hub.arcgis.com/apps/usdot::national-network-conventional-combination-trucks-map", "surface": "asphalt"}, "geometry": {"type": "LineString", "coordinates": [[-122.5656367, 45.4792032], [-122.5657734, 45.482097], [-122.5657586, 45.4822956]]}}, {"type": "Feature", "properties": {"osm_id": 30255131, "bicycle": "no", "bridge": "yes", "hgv": "designated", "hgv:national_network": "yes", "highway": "motorway", "lanes": "3", "layer": "1", "maxspeed": "55 mph", "oneway": "yes", "placement": "right_of:1", "ref": "I 205", "source:hgv:national_network": "https://www.ecfr.gov/current/title-23/chapter-I/subchapter-G/part-658;https://hepgis-usdot.hub.arcgis.com/apps/usdot::national-network-conventional-combination-trucks-map", "surface": "asphalt"}, "geometry": {"type": "LineString", "coordinates": [[-122.5655721, 45.4780233], [-122.5656367, 45.4792032]]}}, {"type": "Feature", "properties": {"osm_id": 30255133, "bicycle": "no", "hgv": "designated", "hgv:national_network": "yes", "highway": "motorway", "lanes": "3", "maxspeed": "55 mph", "oneway": "yes", "placement": "right_of:1", "ref": "I 205", "source:hgv:national_network": "https://www.ecfr.gov/current/title-23/chapter-I/subchapter-G/part-658;https://hepgis-usdot.hub.arcgis.com/apps/usdot::national-network-conventional-combination-trucks-map", "surface": "asphalt"}, "geometry": {"type": "LineString", "coordinates": [[-122.565942, 45.4781245], [-122.5659254, 45.4773731], [-122.5658919, 45.4765249], [-122.5657757, 45.4743746]]}}, {"type": "Feature", "properties": {"osm_id": 30255135, "bicycle": "no", "bridge": "yes", "hgv": "designated", "hgv:national_network": "yes", "highway": "motorway", "lanes": "3", "layer": "1", "maxspeed": "55 mph", "oneway": "yes", "placement": "right_of:1", "ref": "I 205", "source:hgv:national_network": "https://www.ecfr.gov/current/title-23/chapter-I/subchapter-G/part-658;https://hepgis-usdot.hub.arcgis.com/apps/usdot::national-network-conventional-combination-trucks-map", "surface": "asphalt"}, "geometry": {"type": "LineString", "coordinates": [[-122.5659804, 45.4792975], [-122.565942, 45.4781245]]}}, {"type": "Feature", "properties": {"osm_id": 30255697, "bicycle": "no", "hgv": "designated", "hgv:national_network": "yes", "highway": "motorway", "lanes": "3", "maxspeed": "55 mph", "oneway": "yes", "placement": "right_of:1", "ref": "I 205", "source:hgv:national_network": "https://www.ecfr.gov/current/title-23/chapter-I/subchapter-G/part-658;https://hepgis-usdot.hub.arcgis.com/apps/usdot::national-network-conventional-combination-trucks-map"}, "geometry": {"type": "LineString", "coordinates": [[-122.565703, 45.4722486], [-122.565625, 45.47166], [-122.5655997, 45.4711246], [-122.5655928, 45.4708164], [-122.5655939, 45.470548], [-122.5656062, 45.4702132], [-122.5656277, 45.4699474], [-122.5656522, 45.4697143], [-122.5656956, 45.469415], [-122.5657979, 45.4689448]]}}, {"type": "Feature", "properties": {"osm_id": 30255698, "bicycle": "no", "bridge": "yes", "hgv": "designated", "hgv:national_network": "yes", "highway": "motorway", "lanes": "3", "layer": "1", "maxspeed": "55 mph", "oneway": "yes", "placement": "right_of:1", "ref": "I 205", "source:hgv:national_network": "https://www.ecfr.gov/current/title-23/chapter-I/subchapter-G/part-658;https://hepgis-usdot.hub.arcgis.com/apps/usdot::national-network-conventional-combination-trucks-map"}, "geometry": {"type": "LineString", "coordinates": [[-122.5657448, 45.4729865], [-122.565703, 45.4722486]]}}, {"type": "Feature", "properties": {"osm_id": 30255701, "bicycle": "no", "hgv": "designated", "hgv:national_network": "yes", "highway": "motorway", "lanes": "3", "maxspeed": "55 mph", "oneway": "yes", "placement": "right_of:1", "ref": "I 205", "source:hgv:national_network": "https://www.ecfr.gov/current/title-23/chapter-I/subchapter-G/part-658;https://hepgis-usdot.hub.arcgis.com/apps/usdot::national-network-conventional-combination-trucks-map", "surface": "asphalt"}, "geometry": {"type": "LineString", "coordinates": [[-122.5653479, 45.4739964], [-122.5655721, 45.4780233]]}}, {"type": "Feature", "properties": {"osm_id": 30255886, "bicycle": "no", "hgv": "designated", "hgv:national_network": "yes", "highway": "motorway", "lanes": "3", "maxspeed": "55 mph", "oneway": "yes", "placement": "right_of:1", "ref": "I 205", "source:hgv:national_network": "https://www.ecfr.gov/current/title-23/chapter-I/subchapter-G/part-658;https://hepgis-usdot.hub.arcgis.com/apps/usdot::national-network-conventional-combination-trucks-map"}, "geometry": {"type": "LineString", "coordinates": [[-122.5682084, 45.4645801], [-122.5675581, 45.4652545], [-122.567277, 45.4655583], [-122.5669728, 45.4659126], [-122.5667114, 45.4662406], [-122.5664368, 45.4666324], [-122.5662278, 45.4669479], [-122.5660421, 45.4672754], [-122.5658848, 45.4675887], [-122.5656779, 45.4680577]]}}, {"type": "Feature", "properties": {"osm_id": 30255887, "bicycle": "no", "bridge": "yes", "hgv": "designated", "hgv:national_network": "yes", "highway": "motorway", "lanes": "3", "layer": "1", "maxspeed": "55 mph", "oneway": "yes", "placement": "right_of:1", "ref": "I 205", "source:hgv:national_network": "https://www.ecfr.gov/current/title-23/chapter-I/subchapter-G/part-658;https://hepgis-usdot.hub.arcgis.com/apps/usdot::national-network-conventional-combination-trucks-map"}, "geometry": {"type": "LineString", "coordinates": [[-122.5690104, 45.4637556], [-122.5682084, 45.4645801]]}}, {"type": "Feature", "properties": {"osm_id": 30255891, "bicycle": "no", "hgv": "designated", "hgv:national_network": "yes", "highway": "motorway", "lanes": "4", "maxheight": "default", "maxspeed": "55 mph", "oneway": "yes", "placement": "right_of:1", "ref": "I 205", "source:hgv:national_network": "https://www.ecfr.gov/current/title-23/chapter-I/subchapter-G/part-658;https://hepgis-usdot.hub.arcgis.com/apps/usdot::national-network-conventional-combination-trucks-map", "surface": "asphalt"}, "geometry": {"type": "LineString", "coordinates": [[-122.5731477, 45.4530573], [-122.5730748, 45.4526811], [-122.5729964, 45.452317], [-122.5728199, 45.4516527], [-122.5727008, 45.4512655], [-122.5725192, 45.4507438], [-122.5723305, 45.4502058], [-122.5721533, 45.4496867], [-122.5719282, 45.4490571], [-122.5717391, 45.4485198], [-122.5715621, 45.4480043], [-122.5712174, 45.4470192], [-122.5709277, 45.4461893], [-122.5707333, 45.445637], [-122.5702398, 45.4441993], [-122.569938, 45.4433524], [-122.5697357, 45.4427518], [-122.5695196, 45.442135], [-122.5693071, 45.4415247], [-122.569153, 45.4410857], [-122.568967, 45.440539], [-122.5687823, 45.4400176], [-122.5684786, 45.4391442], [-122.5683076, 45.4386481], [-122.5681485, 45.4381802], [-122.568005, 45.4377906]]}}, {"type": "Feature", "properties": {"osm_id": 30255898, "bicycle": "no", "bridge": "yes", "hgv": "designated", "hgv:national_network": "yes", "highway": "motorway", "lanes": "3", "layer": "1", "maxspeed": "55 mph", "oneway": "yes", "placement": "right_of:1", "ref": "I 205", "source:hgv:national_network": "https://www.ecfr.gov/current/title-23/chapter-I/subchapter-G/part-658;https://hepgis-usdot.hub.arcgis.com/apps/usdot::national-network-conventional-combination-trucks-map"}, "geometry": {"type": "LineString", "coordinates": [[-122.5682341, 45.4650517], [-122.5690338, 45.4642296]]}}, {"type": "Feature", "properties": {"osm_id": 30256834, "bicycle": "no", "bridge": "yes", "hgv": "designated", "hgv:national_network": "yes", "highway": "motorway", "lanes": "4", "layer": "1", "maxspeed": "55 mph", "oneway": "yes", "placement": "right_of:1", "ref": "I 205", "source:hgv:national_network": "https://www.ecfr.gov/current/title-23/chapter-I/subchapter-G/part-658;https://hepgis-usdot.hub.arcgis.com/apps/usdot::national-network-conventional-combination-trucks-map", "surface": "concrete"}, "geometry": {"type": "LineString", "coordinates": [[-122.5708318, 45.4229012], [-122.5714319, 45.4221915]]}}, {"type": "Feature", "properties": {"osm_id": 30256836, "bicycle": "no", "hgv": "designated", "hgv:national_network": "yes", "highway": "motorway", "lanes": "3", "maxheight:signed": "no", "maxspeed": "55 mph", "oneway": "yes", "placement": "right_of:1", "ref": "I 205", "source:hgv:national_network": "https://www.ecfr.gov/current/title-23/chapter-I/subchapter-G/part-658;https://hepgis-usdot.hub.arcgis.com/apps/usdot::national-network-conventional-combination-trucks-map", "surface": "asphalt"}, "geometry": {"type": "LineString", "coordinates": [[-122.5724408, 45.4209976], [-122.5731795, 45.4201197], [-122.5733136, 45.4199587], [-122.573512, 45.4197036], [-122.5738178, 45.4192659], [-122.5739814, 45.4189731], [-122.5741477, 45.4186022], [-122.5742403, 45.4183594], [-122.5743154, 45.418109], [-122.5743932, 45.4177625], [-122.5744307, 45.4174801], [-122.5744428, 45.417113], [-122.574424, 45.416873], [-122.5743851, 45.4164823], [-122.5743181, 45.4161481], [-122.5742403, 45.4158497]]}}, {"type": "Feature", "properties": {"osm_id": 30256837, "bicycle": "no", "bridge": "yes", "hgv": "designated", "hgv:national_network": "yes", "highway": "motorway", "lanes": "4", "layer": "1", "maxspeed": "55 mph", "oneway": "yes", "placement": "right_of:1", "ref": "I 205", "source:hgv:national_network": "https://www.ecfr.gov/current/title-23/chapter-I/subchapter-G/part-658;https://hepgis-usdot.hub.arcgis.com/apps/usdot::national-network-conventional-combination-trucks-map", "surface": "concrete"}, "geometry": {"type": "LineString", "coordinates": [[-122.5712439, 45.4218539], [-122.5706366, 45.4225587]]}}, {"type": "Feature", "properties": {"osm_id": 30256838, "bicycle": "no", "hgv": "designated", "hgv:national_network": "yes", "highway": "motorway", "lanes": "3", "maxspeed": "55 mph", "oneway": "yes", "placement": "right_of:1", "ref": "I 205", "source:hgv:national_network": "https://www.ecfr.gov/current/title-23/chapter-I/subchapter-G/part-658;https://hepgis-usdot.hub.arcgis.com/apps/usdot::national-network-conventional-combination-trucks-map", "surface": "asphalt"}, "geometry": {"type": "LineString", "coordinates": [[-122.572449, 45.4577817], [-122.5723507, 45.4581515], [-122.5722153, 45.458586], [-122.572103, 45.4589034], [-122.5719644, 45.4592831], [-122.5717872, 45.45971], [-122.5715643, 45.4601851], [-122.571349, 45.4605899], [-122.5712594, 45.4607645]]}}, {"type": "Feature", "properties": {"osm_id": 30257904, "bicycle": "yes", "hgv": "designated", "hgv:national_network": "yes", "highway": "motorway", "lanes": "5", "maxspeed": "60 mph", "oneway": "yes", "placement": "right_of:1", "ref": "I 205", "source:hgv:national_network": "https://www.ecfr.gov/current/title-23/chapter-I/subchapter-G/part-658;https://hepgis-usdot.hub.arcgis.com/apps/usdot::national-network-conventional-combination-trucks-map"}, "geometry": {"type": "LineString", "coordinates": [[-122.5526989, 45.611708], [-122.552788, 45.6120027], [-122.5529341, 45.6124201], [-122.5531621, 45.6129201], [-122.5533928, 45.6133413], [-122.5536262, 45.6136997], [-122.5537428, 45.6138667], [-122.5539306, 45.6141181]]}}, {"type": "Feature", "properties": {"osm_id": 30316205, "bicycle": "no", "bridge": "yes", "hgv": "designated", "hgv:national_network": "yes", "highway": "motorway", "lanes": "4", "layer": "1", "maxspeed": "55 mph", "oneway": "yes", "placement": "right_of:1", "ref": "I 205", "source:hgv:national_network": "https://www.ecfr.gov/current/title-23/chapter-I/subchapter-G/part-658;https://hepgis-usdot.hub.arcgis.com/apps/usdot::national-network-conventional-combination-trucks-map", "surface": "asphalt"}, "geometry": {"type": "LineString", "coordinates": [[-122.5651631, 45.5041428], [-122.565143, 45.504707]]}}, {"type": "Feature", "properties": {"osm_id": 30316210, "bicycle": "no", "bridge": "yes", "hgv": "designated", "hgv:national_network": "yes", "highway": "motorway", "lanes": "3", "layer": "1", "maxspeed": "55 mph", "oneway": "yes", "placement": "right_of:1", "ref": "I 205", "source:hgv:national_network": "https://www.ecfr.gov/current/title-23/chapter-I/subchapter-G/part-658;https://hepgis-usdot.hub.arcgis.com/apps/usdot::national-network-conventional-combination-trucks-map", "surface": "asphalt"}, "geometry": {"type": "LineString", "coordinates": [[-122.5654528, 45.5047097], [-122.5654609, 45.5041455]]}}, {"type": "Feature", "properties": {"osm_id": 30316211, "bicycle": "no", "hgv": "designated", "hgv:national_network": "yes", "highway": "motorway", "lanes": "3", "maxspeed": "55 mph", "oneway": "yes", "placement": "right_of:1", "ref": "I 205", "source:hgv:national_network": "https://www.ecfr.gov/current/title-23/chapter-I/subchapter-G/part-658;https://hepgis-usdot.hub.arcgis.com/apps/usdot::national-network-conventional-combination-trucks-map", "surface": "asphalt"}, "geometry": {"type": "LineString", "coordinates": [[-122.5654609, 45.5041455], [-122.5654676, 45.5031167], [-122.565484, 45.502123], [-122.5655352, 45.4992959], [-122.5655417, 45.4991732]]}}, {"type": "Feature", "properties": {"osm_id": 30369426, "bicycle": "no", "bridge": "yes", "hgv": "designated", "hgv:national_network": "yes", "highway": "motorway", "lanes": "2", "layer": "1", "maxspeed": "55 mph", "oneway": "yes", "ref": "I 205", "source:hgv:national_network": "https://www.ecfr.gov/current/title-23/chapter-I/subchapter-G/part-658;https://hepgis-usdot.hub.arcgis.com/apps/usdot::national-network-conventional-combination-trucks-map"}, "geometry": {"type": "LineString", "coordinates": [[-122.5970461, 45.3665406], [-122.5965587, 45.3667822]]}}, {"type": "Feature", "properties": {"osm_id": 30369427, "bicycle": "no", "destination:lanes": "none|none|none;Oregon City;Molalla", "hgv": "designated", "hgv:national_network": "yes", "highway": "motorway", "lanes": "3", "maxspeed": "55 mph", "oneway": "yes", "placement": "right_of:1", "ref": "I 205", "source:hgv:national_network": "https://www.ecfr.gov/current/title-23/chapter-I/subchapter-G/part-658;https://hepgis-usdot.hub.arcgis.com/apps/usdot::national-network-conventional-combination-trucks-map", "turn:lanes": "through|through|through;slight_right"}, "geometry": {"type": "LineString", "coordinates": [[-122.5963465, 45.3668777], [-122.5962073, 45.3669489], [-122.5960681, 45.3670332], [-122.5958025, 45.3672018], [-122.5955665, 45.3673573], [-122.5952554, 45.36759], [-122.5949013, 45.3678812], [-122.5946653, 45.3680941], [-122.5942656, 45.3685021], [-122.5939411, 45.3688563], [-122.5934463, 45.3694145], [-122.5930478, 45.3698755], [-122.5925728, 45.3704234], [-122.5921589, 45.3708828], [-122.5917695, 45.3712923], [-122.5914193, 45.3716248], [-122.5911678, 45.3718565], [-122.5907163, 45.3722541]]}}, {"type": "Feature", "properties": {"osm_id": 30369444, "bicycle": "no", "bridge": "yes", "hgv": "designated", "hgv:national_network": "yes", "highway": "motorway", "lanes": "2", "layer": "1", "maxspeed": "55 mph", "oneway": "yes", "ref": "I 205", "source:hgv:national_network": "https://www.ecfr.gov/current/title-23/chapter-I/subchapter-G/part-658;https://hepgis-usdot.hub.arcgis.com/apps/usdot::national-network-conventional-combination-trucks-map"}, "geometry": {"type": "LineString", "coordinates": [[-122.5963449, 45.3670134], [-122.5966634, 45.3668478], [-122.5970284, 45.3666705]]}}, {"type": "Feature", "properties": {"osm_id": 30369445, "bicycle": "no", "hgv": "designated", "hgv:national_network": "yes", "highway": "motorway", "lanes": "2", "maxspeed": "55 mph", "oneway": "yes", "ref": "I 205", "source:hgv:national_network": "https://www.ecfr.gov/current/title-23/chapter-I/subchapter-G/part-658;https://hepgis-usdot.hub.arcgis.com/apps/usdot::national-network-conventional-combination-trucks-map"}, "geometry": {"type": "LineString", "coordinates": [[-122.5970284, 45.3666705], [-122.5974523, 45.3664943], [-122.5976855, 45.3664057], [-122.5980529, 45.3662747], [-122.5983962, 45.3661616], [-122.5988187, 45.3660335], [-122.599382, 45.3658667], [-122.6002063, 45.3656343]]}}, {"type": "Feature", "properties": {"osm_id": 30374207, "bicycle": "no", "bridge": "yes", "cycleway:both": "no", "hgv": "designated", "hgv:national_network": "yes", "highway": "motorway", "lanes": "3", "layer": "1", "lit": "yes", "maxspeed": "50 mph", "official_name": "Pacific Highway #1;Korean War Veterans Memorial Highway;Purple Heart Trail", "oneway": "yes", "ref": "I 5", "sidewalk": "no", "source:hgv:national_network": "https://www.ecfr.gov/current/title-23/chapter-I/subchapter-G/part-658;https://hepgis-usdot.hub.arcgis.com/apps/usdot::national-network-conventional-combination-trucks-map", "surface": "asphalt"}, "geometry": {"type": "LineString", "coordinates": [[-122.6823129, 45.6058447], [-122.6823914, 45.6056344]]}}, {"type": "Feature", "properties": {"osm_id": 30374523, "bicycle": "no", "bridge": "yes", "cycleway:left": "no", "cycleway:right": "separate", "description": "Pacific Highway #1", "hgv": "designated", "hgv:national_network": "yes", "highway": "motorway", "lanes": "3", "layer": "1", "lit": "yes", "maxspeed": "50 mph", "name": "Interstate Bridge", "official_name": "Pacific Highway #1;Korean War Veterans Memorial Highway;Purple Heart Trail", "old_ref": "US 99", "oneway": "yes", "ref": "I 5", "sidewalk:left": "no", "sidewalk:right": "separate", "source:hgv:national_network": "https://www.ecfr.gov/current/title-23/chapter-I/subchapter-G/part-658;https://hepgis-usdot.hub.arcgis.com/apps/usdot::national-network-conventional-combination-trucks-map", "surface": "asphalt"}, "geometry": {"type": "LineString", "coordinates": [[-122.6782707, 45.6127178], [-122.6766285, 45.615468], [-122.6750744, 45.6180681]]}}, {"type": "Feature", "properties": {"osm_id": 30374532, "bicycle": "no", "bridge": "yes", "description": "Pacific Highway #1", "hgv": "designated", "hgv:national_network": "yes", "highway": "motorway", "lanes": "3", "layer": "1", "lit": "yes", "maxspeed": "50 mph", "name": "Interstate Bridge", "official_name": "Pacific Highway #1;Korean War Veterans Memorial Highway;Purple Heart Trail", "old_ref": "US 99", "oneway": "yes", "ref": "I 5", "source:hgv:national_network": "https://www.ecfr.gov/current/title-23/chapter-I/subchapter-G/part-658;https://hepgis-usdot.hub.arcgis.com/apps/usdot::national-network-conventional-combination-trucks-map"}, "geometry": {"type": "LineString", "coordinates": [[-122.678377, 45.6131312], [-122.6785583, 45.6128036]]}}, {"type": "Feature", "properties": {"osm_id": 30454576, "NHS": "yes", "RLIS:bicycle": "caution_area", "alt_name": "Highway 99E", "bicycle": "yes", "hgv": "designated", "hgv:national_network": "yes", "highway": "primary", "lanes": "2", "maxspeed": "30 mph", "name": "Northeast Martin Luther King Junior Boulevard", "name:etymology": "Martin Luther King Junior", "name:etymology:wikidata": "Q8027", "name:etymology:wikipedia": "en:Martin Luther King Jr.", "old_name": "Northeast Union Avenue", "oneway": "yes", "ref": "OR 99E", "short_name": "NE MLK Jr Blvd; NE MLK Blvd", "sidewalk": "right", "surface": "asphalt"}, "geometry": {"type": "LineString", "coordinates": [[-122.6615268, 45.5555027], [-122.6615968, 45.5553974], [-122.661602, 45.5546389], [-122.6616045, 45.5545722]]}}, {"type": "Feature", "properties": {"osm_id": 30454592, "NHS": "yes", "alt_name": "Highway 99E", "bicycle": "designated", "cycleway:right": "lane", "description": "Pacific Highway East #1E (81)", "destination": "Seattle", "destination:ref": "I 5 North", "destination:symbol": "motorway", "expressway": "yes", "foot": "yes", "hgv": "designated", "hgv:national_network": "yes", "highway": "primary", "lanes": "2", "maxspeed": "55 mph", "name": "Northeast Martin Luther King Junior Boulevard", "name:etymology": "Martin Luther King Junior", "name:etymology:wikidata": "Q8027", "name:etymology:wikipedia": "en:Martin Luther King Jr.", "old_ref": "US 99E", "oneway": "yes", "ref": "OR 99E", "short_name": "NE MLK Jr Blvd", "sidewalk": "right", "surface": "asphalt"}, "geometry": {"type": "LineString", "coordinates": [[-122.6613267, 45.581125], [-122.6612669, 45.5812142], [-122.6612697, 45.5812584], [-122.6612777, 45.581386], [-122.6612794, 45.5813982], [-122.6612914, 45.5814868], [-122.6613112, 45.5815863], [-122.6613322, 45.5816754], [-122.6613467, 45.5817195], [-122.6613729, 45.5817904], [-122.6614173, 45.5818868], [-122.6614993, 45.5820593]]}}, {"type": "Feature", "properties": {"osm_id": 30474312, "access:lanes": "yes|yes|yes", "access:lanes:conditional": "no|yes|yes @ Mo-Fr 15:00-18:00", "bridge": "yes", "bus:lanes": "designated||", "destination:lanes": "||Hayden Island;ODOT Permits;Martin Luther King Jr. Boulevard;Marine Drive", "hgv": "designated", "highway": "motorway", "hov:lanes": "designated||", "hov:minimum": "2", "lanes": "3", "layer": "1", "lit": "yes", "maxspeed": "55 mph", "motorcycle:lanes": "designated||", "official_name": "Pacific Highway #1;Korean War Veterans Memorial Highway;Purple Heart Trail", "oneway": "yes", "ref": "I 5", "sidewalk": "no", "surface": "asphalt", "turn:lanes": "||through;slight_right"}, "geometry": {"type": "LineString", "coordinates": [[-122.6838227, 45.5946911], [-122.6840381, 45.5952137]]}}, {"type": "Feature", "properties": {"osm_id": 30474313, "access:lanes": "yes|yes|yes", "access:lanes:conditional": "no|yes|yes @ Mo-Fr 15:00-18:00", "bicycle": "no", "bus:lanes": "designated||", "destination": "Hayden Islands;ODOT Permits", "hgv": "designated", "highway": "motorway", "hov:lanes": "designated||", "hov:minimum": "2", "lanes": "3", "maxspeed": "55 mph", "motorcycle:lanes": "designated||", "noname": "yes", "official_name": "Pacific Highway #1;Korean War Veterans Memorial Highway;Purple Heart Trail", "oneway": "yes", "ref": "I 5", "sidewalk": "no", "surface": "concrete"}, "geometry": {"type": "LineString", "coordinates": [[-122.6840679, 45.5952921], [-122.6841408, 45.5954954], [-122.6842273, 45.5957836], [-122.6842692, 45.5959461], [-122.6843032, 45.596109], [-122.6843512, 45.5963574], [-122.6843762, 45.5965487], [-122.6843956, 45.5967325], [-122.6844073, 45.5969513], [-122.6844159, 45.5972329], [-122.6844087, 45.5974743], [-122.6843908, 45.59772], [-122.6843499, 45.5980504], [-122.6842825, 45.5984124], [-122.6841914, 45.5988163], [-122.684076, 45.5992484], [-122.6839774, 45.5995837], [-122.6838392, 45.60004], [-122.6835941, 45.6008792]]}}, {"type": "Feature", "properties": {"osm_id": 30474314, "bicycle": "no", "bridge": "yes", "hgv": "designated", "hgv:national_network": "yes", "highway": "motorway", "lanes": "3", "layer": "1", "lit": "yes", "maxspeed": "55 mph", "official_name": "Pacific Highway #1;Korean War Veterans Memorial Highway;Purple Heart Trail", "oneway": "yes", "ref": "I 5", "sidewalk": "no", "source:hgv:national_network": "https://www.ecfr.gov/current/title-23/chapter-I/subchapter-G/part-658;https://hepgis-usdot.hub.arcgis.com/apps/usdot::national-network-conventional-combination-trucks-map", "surface": "asphalt"}, "geometry": {"type": "LineString", "coordinates": [[-122.6842651, 45.5952442], [-122.68405, 45.5947233]]}}, {"type": "Feature", "properties": {"osm_id": 30474315, "bicycle": "no", "hgv": "designated", "hgv:national_network": "yes", "highway": "motorway", "lanes": "3", "lit": "yes", "maxspeed": "55 mph", "noname": "yes", "official_name": "Pacific Highway #1;Korean War Veterans Memorial Highway;Purple Heart Trail", "oneway": "yes", "ref": "I 5", "sidewalk": "no", "source:hgv:national_network": "https://www.ecfr.gov/current/title-23/chapter-I/subchapter-G/part-658;https://hepgis-usdot.hub.arcgis.com/apps/usdot::national-network-conventional-combination-trucks-map", "surface": "asphalt"}, "geometry": {"type": "LineString", "coordinates": [[-122.68405, 45.5947233], [-122.6832774, 45.593008], [-122.6823026, 45.5908503], [-122.6821935, 45.5906085]]}}, {"type": "Feature", "properties": {"osm_id": 30474317, "bicycle": "no", "bridge": "yes", "hgv": "designated", "hgv:national_network": "yes", "highway": "motorway", "lanes": "3", "layer": "1", "lit": "yes", "maxspeed": "55 mph", "official_name": "Pacific Highway #1;Korean War Veterans Memorial Highway;Purple Heart Trail", "oneway": "yes", "ref": "I 5", "sidewalk": "no", "source:hgv:national_network": "https://www.ecfr.gov/current/title-23/chapter-I/subchapter-G/part-658;https://hepgis-usdot.hub.arcgis.com/apps/usdot::national-network-conventional-combination-trucks-map", "surface": "asphalt"}, "geometry": {"type": "LineString", "coordinates": [[-122.6821935, 45.5906085], [-122.680721, 45.5873432]]}}, {"type": "Feature", "properties": {"osm_id": 30474318, "access:lanes": "yes|yes|yes", "access:lanes:conditional": "no|yes|yes @ Mo-Fr 15:00-18:00", "bicycle": "no", "bus:lanes": "designated||", "hgv": "designated", "highway": "motorway", "hov:lanes": "designated||", "hov:minimum": "2", "lanes": "3", "lit": "yes", "maxspeed": "55 mph", "motorcycle:lanes": "designated||", "noname": "yes", "official_name": "Pacific Highway #1;Korean War Veterans Memorial Highway;Purple Heart Trail", "oneway": "yes", "ref": "I 5", "sidewalk": "no", "surface": "asphalt"}, "geometry": {"type": "LineString", "coordinates": [[-122.6820956, 45.5908647], [-122.6825856, 45.5919495], [-122.6829932, 45.5928515], [-122.6835421, 45.5940675], [-122.6838227, 45.5946911]]}}, {"type": "Feature", "properties": {"osm_id": 30474319, "access:lanes": "yes|yes|yes", "access:lanes:conditional": "no|yes|yes @ Mo-Fr 15:00-18:00", "bicycle": "no", "bridge": "yes", "bus:lanes": "designated||", "destination:lanes": "||none;Victory Boulevard;Expo Center", "hgv": "designated", "highway": "motorway", "hov:lanes": "designated||", "hov:minimum": "2", "lanes": "3", "layer": "1", "lit": "yes", "maxspeed": "55 mph", "motorcycle:lanes": "designated||", "official_name": "Pacific Highway #1;Korean War Veterans Memorial Highway;Purple Heart Trail", "oneway": "yes", "ref": "I 5", "sidewalk": "no", "surface": "asphalt", "turn:lanes": "||through;slight_right"}, "geometry": {"type": "LineString", "coordinates": [[-122.6805253, 45.5873861], [-122.6819806, 45.5906094]]}}, {"type": "Feature", "properties": {"osm_id": 30474320, "bicycle": "no", "hgv": "designated", "hgv:national_network": "yes", "highway": "motorway", "lanes": "3", "lit": "yes", "maxspeed": "55 mph", "noname": "yes", "official_name": "Pacific Highway #1;Korean War Veterans Memorial Highway;Purple Heart Trail", "oneway": "yes", "ref": "I 5", "sidewalk": "no", "source:hgv:national_network": "https://www.ecfr.gov/current/title-23/chapter-I/subchapter-G/part-658;https://hepgis-usdot.hub.arcgis.com/apps/usdot::national-network-conventional-combination-trucks-map", "surface": "asphalt"}, "geometry": {"type": "LineString", "coordinates": [[-122.680721, 45.5873432], [-122.6801028, 45.5859679], [-122.679589, 45.5848711]]}}, {"type": "Feature", "properties": {"osm_id": 30474321, "bicycle": "no", "bridge": "yes", "hgv": "designated", "hgv:national_network": "yes", "highway": "motorway", "lanes": "3", "layer": "2", "lit": "yes", "maxspeed": "55 mph", "official_name": "Pacific Highway #1;Korean War Veterans Memorial Highway;Purple Heart Trail", "oneway": "yes", "ref": "I 5", "source:hgv:national_network": "https://www.ecfr.gov/current/title-23/chapter-I/subchapter-G/part-658;https://hepgis-usdot.hub.arcgis.com/apps/usdot::national-network-conventional-combination-trucks-map", "surface": "asphalt"}, "geometry": {"type": "LineString", "coordinates": [[-122.679589, 45.5848711], [-122.6794466, 45.5845567], [-122.6793091, 45.5842397], [-122.6791877, 45.5839326], [-122.6790724, 45.5836109], [-122.6789455, 45.5831816]]}}, {"type": "Feature", "properties": {"osm_id": 30474322, "bicycle": "no", "hgv": "designated", "hgv:national_network": "yes", "highway": "motorway", "lanes": "3", "lit": "yes", "maxspeed": "55 mph", "noname": "yes", "official_name": "Pacific Highway #1;Korean War Veterans Memorial Highway;Purple Heart Trail", "oneway": "yes", "ref": "I 5", "sidewalk": "no", "source": "Yahoo,ODOT", "source:hgv:national_network": "https://www.ecfr.gov/current/title-23/chapter-I/subchapter-G/part-658;https://hepgis-usdot.hub.arcgis.com/apps/usdot::national-network-conventional-combination-trucks-map", "surface": "asphalt"}, "geometry": {"type": "LineString", "coordinates": [[-122.6787733, 45.5721189], [-122.6787708, 45.571208], [-122.6787268, 45.5689899], [-122.6787265, 45.5683156], [-122.6787417, 45.566789]]}}, {"type": "Feature", "properties": {"osm_id": 30474323, "access:lanes": "yes|yes|yes", "access:lanes:conditional": "no|yes|yes @ Mo-Fr 15:00-18:00", "bicycle": "no", "bridge": "yes", "bus:lanes": "designated||", "destination:lanes": "none|none|none;Columbia Boulevard", "hgv": "designated", "highway": "motorway", "hov:lanes": "designated||", "hov:minimum": "2", "lanes": "3", "layer": "2", "lit": "yes", "maxspeed": "55 mph", "motorcycle:lanes": "designated||", "official_name": "Pacific Highway #1;Korean War Veterans Memorial Highway;Purple Heart Trail", "oneway": "yes", "ref": "I 5", "surface": "asphalt", "turn:lanes": "none|none|through;slight_right"}, "geometry": {"type": "LineString", "coordinates": [[-122.6787456, 45.583208], [-122.6788758, 45.5836442], [-122.6789918, 45.5839686], [-122.6791148, 45.5842796]]}}, {"type": "Feature", "properties": {"osm_id": 30474340, "bicycle": "no", "description": "Pacific Highway #1", "hgv": "designated", "hgv:national_network": "yes", "highway": "motorway", "lanes": "2", "lit": "yes", "maxspeed": "50 mph", "noname": "yes", "official_name": "Pacific Highway #1;Korean War Veterans Memorial Highway;Purple Heart Trail", "oneway": "yes", "ref": "I 5", "source:hgv:national_network": "https://www.ecfr.gov/current/title-23/chapter-I/subchapter-G/part-658;https://hepgis-usdot.hub.arcgis.com/apps/usdot::national-network-conventional-combination-trucks-map", "surface": "asphalt"}, "geometry": {"type": "LineString", "coordinates": [[-122.6764882, 45.5449858], [-122.6773489, 45.5457072], [-122.6776288, 45.5459734], [-122.677803, 45.5461572], [-122.6779305, 45.546313], [-122.678134, 45.5466049], [-122.6782768, 45.5468575], [-122.6783654, 45.5470517], [-122.6784517, 45.5472657]]}}, {"type": "Feature", "properties": {"osm_id": 30474370, "access": "no", "access:conditional": "yes @ (2026 Oct 19 - 2026 Dec 31; 2027+)", "bicycle": "no", "fixme": "remove access tags after construction", "hgv": "designated", "hgv:national_network": "yes", "highway": "motorway", "lanes": "2", "maxspeed": "50 mph", "noname": "yes", "official_name": "Pacific Highway #1;Korean War Veterans Memorial Highway;Purple Heart Trail", "oneway": "yes", "ref": "I 5", "source:hgv:national_network": "https://www.ecfr.gov/current/title-23/chapter-I/subchapter-G/part-658;https://hepgis-usdot.hub.arcgis.com/apps/usdot::national-network-conventional-combination-trucks-map", "surface": "asphalt"}, "geometry": {"type": "LineString", "coordinates": [[-122.6655204, 45.5227251], [-122.6655553, 45.5222809], [-122.6656047, 45.5218663], [-122.6656769, 45.521534], [-122.665747, 45.5213866]]}}, {"type": "Feature", "properties": {"osm_id": 30474371, "bicycle": "no", "bridge": "yes", "hgv": "designated", "hgv:national_network": "yes", "highway": "motorway", "lanes": "2", "layer": "1", "maxspeed": "50 mph", "official_name": "Pacific Highway #1;Korean War Veterans Memorial Highway;Purple Heart Trail", "oneway": "yes", "ref": "I 5", "source:hgv:national_network": "https://www.ecfr.gov/current/title-23/chapter-I/subchapter-G/part-658;https://hepgis-usdot.hub.arcgis.com/apps/usdot::national-network-conventional-combination-trucks-map", "surface": "asphalt"}, "geometry": {"type": "LineString", "coordinates": [[-122.6653988, 45.5227228], [-122.6653627, 45.5234322], [-122.6653254, 45.524127], [-122.6652822, 45.5254259], [-122.6652, 45.5275325], [-122.6651698, 45.5282716], [-122.6651444, 45.5288925]]}}, {"type": "Feature", "properties": {"osm_id": 30474372, "bicycle": "no", "destination": "Salem", "hgv": "designated", "hgv:national_network": "yes", "highway": "motorway", "lanes": "2", "maxspeed": "50 mph", "noname": "yes", "official_name": "Pacific Highway #1;Korean War Veterans Memorial Highway;Purple Heart Trail", "oneway": "yes", "ref": "I 5", "source:hgv:national_network": "https://www.ecfr.gov/current/title-23/chapter-I/subchapter-G/part-658;https://hepgis-usdot.hub.arcgis.com/apps/usdot::national-network-conventional-combination-trucks-map"}, "geometry": {"type": "LineString", "coordinates": [[-122.6741699, 45.5014522], [-122.6739358, 45.500934], [-122.6738047, 45.500588], [-122.6737187, 45.5003072], [-122.6736435, 45.4999627], [-122.6735883, 45.499551], [-122.6735631, 45.4991227], [-122.6735406, 45.4983753], [-122.6735414, 45.4978026], [-122.6734866, 45.4976397]]}}, {"type": "Feature", "properties": {"osm_id": 30474373, "bicycle": "no", "destination": "Seattle", "destination:ref:to": "I 84", "hgv": "designated", "hgv:national_network": "yes", "highway": "motorway", "lanes": "2", "maxheight:signed": "no", "maxspeed": "50 mph", "noname": "yes", "official_name": "Pacific Highway #1;Korean War Veterans Memorial Highway;Purple Heart Trail", "oneway": "yes", "ref": "I 5", "sidewalk": "no", "source:hgv:national_network": "https://www.ecfr.gov/current/title-23/chapter-I/subchapter-G/part-658;https://hepgis-usdot.hub.arcgis.com/apps/usdot::national-network-conventional-combination-trucks-map", "surface": "asphalt"}, "geometry": {"type": "LineString", "coordinates": [[-122.6732026, 45.498655], [-122.6731461, 45.4987716], [-122.6730707, 45.4994323], [-122.6730274, 45.500127], [-122.6729808, 45.5010829], [-122.6729653, 45.501512], [-122.6729714, 45.501729], [-122.6729862, 45.5018995], [-122.673017, 45.5020545], [-122.6730559, 45.5021779], [-122.6731486, 45.5024445], [-122.6734223, 45.5030747]]}}, {"type": "Feature", "properties": {"osm_id": 30474374, "bicycle": "no", "bridge": "yes", "description": "Pacific Highway #1", "hgv": "designated", "hgv:national_network": "yes", "highway": "motorway", "lanes": "2", "layer": "4", "maxheight:signed": "no", "maxspeed": "50 mph", "name": "Marquam Bridge", "official_name": "Pacific Highway #1;Korean War Veterans Memorial Highway;Purple Heart Trail", "oneway": "yes", "ref": "I 5", "sidewalk": "no", "source:hgv:national_network": "https://www.ecfr.gov/current/title-23/chapter-I/subchapter-G/part-658;https://hepgis-usdot.hub.arcgis.com/apps/usdot::national-network-conventional-combination-trucks-map", "surface": "asphalt"}, "geometry": {"type": "LineString", "coordinates": [[-122.6734223, 45.5030747], [-122.673603, 45.5034855], [-122.6736731, 45.5036855], [-122.6737342, 45.5039162], [-122.6737656, 45.5040968], [-122.6737825, 45.5043183], [-122.6737708, 45.5045333], [-122.6737531, 45.5046476], [-122.6737222, 45.5047544], [-122.6736989, 45.5048222], [-122.6736561, 45.5049303], [-122.6736006, 45.5050453], [-122.6734691, 45.5052469], [-122.6733618, 45.5053843], [-122.6731951, 45.5055583], [-122.6730222, 45.5056988], [-122.672813, 45.5058526], [-122.6726371, 45.5059649], [-122.6723834, 45.5061128], [-122.6721911, 45.5062173], [-122.6719456, 45.5063404], [-122.6713153, 45.5066649], [-122.6710394, 45.5068143]]}}, {"type": "Feature", "properties": {"osm_id": 30474377, "bicycle": "no", "bridge": "viaduct", "bridge:name": "Iowa Street Viaduct", "hgv": "designated", "hgv:national_network": "yes", "highway": "motorway", "lanes": "3", "layer": "1", "maxspeed": "55 mph", "official_name": "Pacific Highway #1;Korean War Veterans Memorial Highway;Purple Heart Trail", "oneway": "yes", "ref": "I 5", "source:hgv:national_network": "https://www.ecfr.gov/current/title-23/chapter-I/subchapter-G/part-658;https://hepgis-usdot.hub.arcgis.com/apps/usdot::national-network-conventional-combination-trucks-map"}, "geometry": {"type": "LineString", "coordinates": [[-122.6789259, 45.4807564], [-122.6789249, 45.4803332], [-122.6789245, 45.4801423], [-122.6789761, 45.4787123]]}}, {"type": "Feature", "properties": {"osm_id": 30474378, "bicycle": "no", "destination:lanes": "none|none|Barbur Boulevard;Multnomah Boulevard", "hgv": "designated", "hgv:national_network": "yes", "highway": "motorway", "lanes": "3", "maxspeed": "50 mph", "name": "Terwilliger Curves", "official_name": "Pacific Highway #1;Korean War Veterans Memorial Highway;Purple Heart Trail", "oneway": "yes", "ref": "I 5", "source:hgv:national_network": "https://www.ecfr.gov/current/title-23/chapter-I/subchapter-G/part-658;https://hepgis-usdot.hub.arcgis.com/apps/usdot::national-network-conventional-combination-trucks-map", "surface": "asphalt", "turn:lanes": "none|none|through;slight_right"}, "geometry": {"type": "LineString", "coordinates": [[-122.6835294, 45.4701232], [-122.6837487, 45.4701624], [-122.6843265, 45.4702516], [-122.6846281, 45.4702911], [-122.6849722, 45.4703322], [-122.6853929, 45.4703701], [-122.6856642, 45.4703839], [-122.6860688, 45.4704007], [-122.6865492, 45.4704032], [-122.6869869, 45.4703804], [-122.6874731, 45.4703495], [-122.6879637, 45.4702962], [-122.6884718, 45.4702151], [-122.6887376, 45.4701637], [-122.6889795, 45.4700997], [-122.6892536, 45.4700197], [-122.6895046, 45.4699196], [-122.6897314, 45.4698082], [-122.6899418, 45.4696954], [-122.6901753, 45.4695391], [-122.6903565, 45.4694024], [-122.6906179, 45.4691609], [-122.691014, 45.4687494], [-122.6914036, 45.4683257], [-122.6916101, 45.4681175], [-122.6918831, 45.4678625], [-122.6920841, 45.4676907], [-122.6922985, 45.4675172], [-122.6927931, 45.4671695], [-122.6940355, 45.4663698]]}}, {"type": "Feature", "properties": {"osm_id": 30474380, "bicycle": "no", "bridge": "viaduct", "bridge:name": "Iowa Street Viaduct", "hgv": "designated", "hgv:national_network": "yes", "highway": "motorway", "lanes": "3", "layer": "1", "maxspeed": "55 mph", "official_name": "Pacific Highway #1;Korean War Veterans Memorial Highway;Purple Heart Trail", "oneway": "yes", "ref": "I 5", "source:hgv:national_network": "https://www.ecfr.gov/current/title-23/chapter-I/subchapter-G/part-658;https://hepgis-usdot.hub.arcgis.com/apps/usdot::national-network-conventional-combination-trucks-map"}, "geometry": {"type": "LineString", "coordinates": [[-122.6786999, 45.4783401], [-122.6786979, 45.4797329], [-122.6787079, 45.4807547], [-122.6787111, 45.4809081], [-122.6787194, 45.4812358]]}}, {"type": "Feature", "properties": {"osm_id": 30474382, "bicycle": "no", "destination:lanes": "City Center|City Center|Seattle;Macadam Avenue;Ross Island Bridge", "hgv": "designated", "hgv:national_network": "yes", "highway": "motorway", "lanes": "3", "maxspeed": "55 mph", "noname": "yes", "official_name": "Pacific Highway #1;Korean War Veterans Memorial Highway;Purple Heart Trail", "oneway": "yes", "ref": "I 5", "source:hgv:national_network": "https://www.ecfr.gov/current/title-23/chapter-I/subchapter-G/part-658;https://hepgis-usdot.hub.arcgis.com/apps/usdot::national-network-conventional-combination-trucks-map", "surface": "asphalt", "turn:lanes": "||through;slight_right"}, "geometry": {"type": "LineString", "coordinates": [[-122.6784608, 45.4873172], [-122.6783883, 45.4874068], [-122.6781507, 45.4876326], [-122.6774263, 45.4881904], [-122.6770056, 45.48849], [-122.6764206, 45.4889466], [-122.67605, 45.4892383], [-122.6757032, 45.4895435], [-122.6752033, 45.4900569], [-122.6749543, 45.4903378], [-122.6747937, 45.4905539], [-122.6746604, 45.4907263], [-122.6745265, 45.4909097], [-122.6743676, 45.4911609], [-122.6741333, 45.4915639], [-122.6739323, 45.4919676], [-122.6738611, 45.4921335], [-122.673794, 45.4923036], [-122.6736862, 45.4926097]]}}, {"type": "Feature", "properties": {"osm_id": 30474394, "bicycle": "no", "bridge": "yes", "hgv": "designated", "hgv:national_network": "yes", "highway": "motorway", "lanes": "3", "layer": "1", "maxspeed": "55 mph", "official_name": "Pacific Highway #1;Korean War Veterans Memorial Highway;Purple Heart Trail", "oneway": "yes", "ref": "I 5", "source:hgv:national_network": "https://www.ecfr.gov/current/title-23/chapter-I/subchapter-G/part-658;https://hepgis-usdot.hub.arcgis.com/apps/usdot::national-network-conventional-combination-trucks-map"}, "geometry": {"type": "LineString", "coordinates": [[-122.7038626, 45.4609233], [-122.7043585, 45.4606308]]}}, {"type": "Feature", "properties": {"osm_id": 30474396, "bicycle": "no", "bridge": "yes", "hgv": "designated", "hgv:national_network": "yes", "highway": "motorway", "lanes": "3", "layer": "1", "maxspeed": "55 mph", "official_name": "Pacific Highway #1;Korean War Veterans Memorial Highway;Purple Heart Trail", "oneway": "yes", "ref": "I 5", "source:hgv:national_network": "https://www.ecfr.gov/current/title-23/chapter-I/subchapter-G/part-658;https://hepgis-usdot.hub.arcgis.com/apps/usdot::national-network-conventional-combination-trucks-map"}, "geometry": {"type": "LineString", "coordinates": [[-122.7042482, 45.4605361], [-122.7037492, 45.4608267]]}}, {"type": "Feature", "properties": {"osm_id": 30637665, "bicycle": "no", "hgv": "designated", "hgv:national_network": "yes", "highway": "motorway", "lanes": "3", "maxspeed": "60 mph", "oneway": "yes", "placement": "right_of:1", "ref": "I 205", "source:hgv:national_network": "https://www.ecfr.gov/current/title-23/chapter-I/subchapter-G/part-658;https://hepgis-usdot.hub.arcgis.com/apps/usdot::national-network-conventional-combination-trucks-map"}, "geometry": {"type": "LineString", "coordinates": [[-122.5529622, 45.6114802], [-122.5526199, 45.6098011], [-122.552396, 45.6084283], [-122.5521826, 45.6071272], [-122.5517359, 45.6043919]]}}, {"type": "Feature", "properties": {"osm_id": 30639401, "bicycle": "yes", "destination:lanes": "none|none;10th Street", "hgv": "designated", "hgv:national_network": "yes", "highway": "motorway", "lanes": "2", "maxheight:signed": "no", "maxspeed": "55 mph", "oneway": "yes", "ref": "I 205", "source:hgv:national_network": "https://www.ecfr.gov/current/title-23/chapter-I/subchapter-G/part-658;https://hepgis-usdot.hub.arcgis.com/apps/usdot::national-network-conventional-combination-trucks-map", "surface": "asphalt", "turn:lanes": "through|through;slight_right"}, "geometry": {"type": "LineString", "coordinates": [[-122.614368, 45.3602605], [-122.6147567, 45.3599188], [-122.6155007, 45.3592575], [-122.6159121, 45.358895], [-122.6162611, 45.3586007], [-122.6165672, 45.3583614], [-122.6168431, 45.3581559], [-122.6171818, 45.3579121], [-122.6174891, 45.3577007], [-122.6179984, 45.3573778], [-122.6183201, 45.3571802], [-122.6193173, 45.3565947], [-122.6201125, 45.3561346], [-122.6210627, 45.355583], [-122.6216739, 45.355226], [-122.6223032, 45.3548623], [-122.6228786, 45.3545289], [-122.6234551, 45.3541954], [-122.624004, 45.3538761], [-122.625007, 45.3532916], [-122.6255891, 45.3529544], [-122.6263395, 45.3525171], [-122.6271401, 45.3520567], [-122.6277986, 45.3516948], [-122.6284222, 45.3513771], [-122.6287696, 45.3512103], [-122.6291384, 45.3510426], [-122.6296198, 45.3508352], [-122.6301375, 45.3506345], [-122.630517, 45.3504912], [-122.6308966, 45.3503602], [-122.6313391, 45.3502188], [-122.6318018, 45.3500765], [-122.6323007, 45.349938], [-122.6329109, 45.3497862], [-122.6334259, 45.3496684], [-122.6339194, 45.3495713], [-122.6342466, 45.3495082], [-122.6347013, 45.3494337], [-122.6352391, 45.3493564], [-122.6359512, 45.349266], [-122.6367344, 45.3491934], [-122.637476, 45.3491434], [-122.6382016, 45.3491029], [-122.6393616, 45.3490388], [-122.6405485, 45.3489691], [-122.6414953, 45.3489059], [-122.6422182, 45.3488531], [-122.6428123, 45.34879], [-122.6433299, 45.3487316], [-122.6438476, 45.3486618], [-122.6443774, 45.3485817], [-122.6448964, 45.348495], [-122.6460059, 45.3482886]]}}, {"type": "Feature", "properties": {"osm_id": 30639402, "bicycle": "no", "hgv": "designated", "hgv:national_network": "yes", "highway": "motorway", "lanes": "2", "maxheight:signed": "no", "maxspeed": "55 mph", "oneway": "yes", "ref": "I 205", "source:hgv:national_network": "https://www.ecfr.gov/current/title-23/chapter-I/subchapter-G/part-658;https://hepgis-usdot.hub.arcgis.com/apps/usdot::national-network-conventional-combination-trucks-map"}, "geometry": {"type": "LineString", "coordinates": [[-122.6149351, 45.3595743], [-122.6135707, 45.3607679], [-122.6131108, 45.3611262], [-122.612616, 45.3614776], [-122.6122941, 45.3616887], [-122.61205, 45.3618385], [-122.6117335, 45.3620129], [-122.6115364, 45.3621137], [-122.6114251, 45.3621674], [-122.611158, 45.362292], [-122.6106888, 45.3624878], [-122.6103141, 45.3626319], [-122.6101202, 45.3627019]]}}, {"type": "Feature", "properties": {"osm_id": 31336526, "bicycle": "yes", "bridge": "yes", "hgv": "designated", "hgv:national_network": "yes", "highway": "motorway", "lanes": "4", "layer": "1", "lit": "yes", "maxspeed": "55 mph", "official_name": "Pacific Highway #1;Korean War Veterans Memorial Highway;Purple Heart Trail", "old_name": "Robert Hugh Baldock Freeway;West Portland-Hubbard Highway #51", "old_ref": "US 99", "oneway": "yes", "ref": "I 5", "source:hgv:national_network": "https://www.ecfr.gov/current/title-23/chapter-I/subchapter-G/part-658;https://hepgis-usdot.hub.arcgis.com/apps/usdot::national-network-conventional-combination-trucks-map"}, "geometry": {"type": "LineString", "coordinates": [[-122.7445926, 45.402915], [-122.7444509, 45.4034875]]}}, {"type": "Feature", "properties": {"osm_id": 31336539, "bicycle": "yes", "bridge": "yes", "hgv": "designated", "hgv:national_network": "yes", "highway": "motorway", "lanes": "5", "layer": "1", "maxspeed": "55 mph", "official_name": "Pacific Highway #1;Korean War Veterans Memorial Highway;Purple Heart Trail", "old_name": "Robert Hugh Baldock Freeway;West Portland-Hubbard Highway #51", "old_ref": "US 99", "oneway": "yes", "ref": "I 5", "source:hgv:national_network": "https://www.ecfr.gov/current/title-23/chapter-I/subchapter-G/part-658;https://hepgis-usdot.hub.arcgis.com/apps/usdot::national-network-conventional-combination-trucks-map", "surface": "concrete"}, "geometry": {"type": "LineString", "coordinates": [[-122.7506692, 45.3879609], [-122.7509729, 45.3871499]]}}, {"type": "Feature", "properties": {"osm_id": 31336558, "bicycle": "yes", "destination:lanes": "none|none|none;Lower Boones Ferry Road|Lower Boones Ferry Road", "hgv": "designated", "hgv:national_network": "yes", "highway": "motorway", "lanes": "4", "lit": "yes", "maxspeed": "55 mph", "noname": "yes", "official_name": "Pacific Highway #1;Korean War Veterans Memorial Highway;Purple Heart Trail", "old_name": "Robert Hugh Baldock Freeway;West Portland-Hubbard Highway #51", "old_ref": "US 99", "oneway": "yes", "ref": "I 5", "source:hgv:national_network": "https://www.ecfr.gov/current/title-23/chapter-I/subchapter-G/part-658;https://hepgis-usdot.hub.arcgis.com/apps/usdot::national-network-conventional-combination-trucks-map", "surface": "asphalt", "turn:lanes": "through|through|through;slight_right|slight_right"}, "geometry": {"type": "LineString", "coordinates": [[-122.7503767, 45.387909], [-122.7502311, 45.3883225], [-122.7500444, 45.388817], [-122.7495731, 45.3900181], [-122.7487492, 45.3920895], [-122.7481321, 45.3936422]]}}, {"type": "Feature", "properties": {"osm_id": 31336560, "bicycle": "yes", "bridge": "yes", "hgv": "designated", "hgv:national_network": "yes", "highway": "motorway", "lanes": "4", "layer": "1", "maxspeed": "55 mph", "official_name": "Pacific Highway #1;Korean War Veterans Memorial Highway;Purple Heart Trail", "old_name": "Robert Hugh Baldock Freeway;West Portland-Hubbard Highway #51", "old_ref": "US 99", "oneway": "yes", "ref": "I 5", "source:hgv:national_network": "https://www.ecfr.gov/current/title-23/chapter-I/subchapter-G/part-658;https://hepgis-usdot.hub.arcgis.com/apps/usdot::national-network-conventional-combination-trucks-map"}, "geometry": {"type": "LineString", "coordinates": [[-122.7506446, 45.3870879], [-122.7503767, 45.387909]]}}, {"type": "Feature", "properties": {"osm_id": 31536090, "bicycle": "yes", "bridge": "yes", "hgv": "designated", "hgv:national_network": "yes", "highway": "motorway", "lanes": "4", "layer": "1", "lit": "yes", "maxspeed": "55 mph", "official_name": "Pacific Highway #1;Korean War Veterans Memorial Highway;Purple Heart Trail", "old_name": "Robert Hugh Baldock Freeway;West Portland-Hubbard Highway #51", "old_ref": "US 99", "oneway": "yes", "ref": "I 5", "source:hgv:national_network": "https://www.ecfr.gov/current/title-23/chapter-I/subchapter-G/part-658;https://hepgis-usdot.hub.arcgis.com/apps/usdot::national-network-conventional-combination-trucks-map"}, "geometry": {"type": "LineString", "coordinates": [[-122.7447143, 45.4036177], [-122.7447713, 45.403359], [-122.7448501, 45.4030411]]}}, {"type": "Feature", "properties": {"osm_id": 31536091, "bicycle": "yes", "destination:lanes": "none|none|none|Nyberg Street;Tualatin-Sherwood Road;Lower Boones Ferry Road", "hgv": "designated", "hgv:national_network": "yes", "highway": "motorway", "lanes": "4", "lit": "yes", "maxspeed": "55 mph", "noname": "yes", "official_name": "Pacific Highway #1;Korean War Veterans Memorial Highway;Purple Heart Trail", "old_name": "West Portland-Hubbard Highway #51", "old_ref": "US 99", "oneway": "yes", "ref": "I 5", "source:hgv:national_network": "https://www.ecfr.gov/current/title-23/chapter-I/subchapter-G/part-658;https://hepgis-usdot.hub.arcgis.com/apps/usdot::national-network-conventional-combination-trucks-map", "surface": "asphalt", "turn:lanes": "none|none|none|through;slight_right"}, "geometry": {"type": "LineString", "coordinates": [[-122.7448501, 45.4030411], [-122.7450511, 45.402317], [-122.7452643, 45.4016209], [-122.7453759, 45.4013029], [-122.7456155, 45.4006204], [-122.7461702, 45.3992681]]}}, {"type": "Feature", "properties": {"osm_id": 31698737, "bicycle": "no", "bridge": "yes", "hgv": "designated", "hgv:national_network": "yes", "highway": "motorway", "lanes": "2", "layer": "1", "maxspeed": "55 mph", "name": "Abernethy Bridge", "oneway": "yes", "ref": "I 205", "source:hgv:national_network": "https://www.ecfr.gov/current/title-23/chapter-I/subchapter-G/part-658;https://hepgis-usdot.hub.arcgis.com/apps/usdot::national-network-conventional-combination-trucks-map"}, "geometry": {"type": "LineString", "coordinates": [[-122.6089315, 45.3630751], [-122.6082882, 45.3632622], [-122.6074765, 45.3634929], [-122.6059789, 45.3639007]]}}, {"type": "Feature", "properties": {"osm_id": 31698749, "bicycle": "no", "hgv": "designated", "hgv:national_network": "yes", "highway": "motorway", "lanes": "2", "maxheight:signed": "no", "maxspeed": "55 mph", "oneway": "yes", "ref": "I 205", "source:hgv:national_network": "https://www.ecfr.gov/current/title-23/chapter-I/subchapter-G/part-658;https://hepgis-usdot.hub.arcgis.com/apps/usdot::national-network-conventional-combination-trucks-map"}, "geometry": {"type": "LineString", "coordinates": [[-122.6101868, 45.3627969], [-122.6105896, 45.3626489], [-122.611009, 45.3624837], [-122.6113057, 45.362353], [-122.6116043, 45.3622149], [-122.6119079, 45.3620572], [-122.6121405, 45.3619287], [-122.6122783, 45.3618475], [-122.612624, 45.3616218], [-122.6129727, 45.3613834], [-122.613367, 45.3610894], [-122.6136752, 45.3608396]]}}, {"type": "Feature", "properties": {"osm_id": 31698813, "bicycle": "no", "bridge": "yes", "hgv": "designated", "hgv:national_network": "yes", "highway": "motorway", "lanes": "3", "layer": "1", "maxspeed": "55 mph", "name": "Abernethy Bridge", "oneway": "yes", "placement": "right_of:1", "ref": "I 205", "source:hgv:national_network": "https://www.ecfr.gov/current/title-23/chapter-I/subchapter-G/part-658;https://hepgis-usdot.hub.arcgis.com/apps/usdot::national-network-conventional-combination-trucks-map"}, "geometry": {"type": "LineString", "coordinates": [[-122.6009585, 45.3654291], [-122.603067, 45.3648473], [-122.6059889, 45.3640249]]}}, {"type": "Feature", "properties": {"osm_id": 31698884, "bicycle": "no", "hgv": "designated", "hgv:national_network": "yes", "highway": "motorway", "lanes": "2", "maxspeed": "55 mph", "oneway": "yes", "ref": "I 205", "source:hgv:national_network": "https://www.ecfr.gov/current/title-23/chapter-I/subchapter-G/part-658;https://hepgis-usdot.hub.arcgis.com/apps/usdot::national-network-conventional-combination-trucks-map"}, "geometry": {"type": "LineString", "coordinates": [[-122.6002038, 45.3655338], [-122.5991398, 45.365828], [-122.5985523, 45.3660067], [-122.5980148, 45.3661803], [-122.5976002, 45.3663267], [-122.597329, 45.366429], [-122.5970461, 45.3665406]]}}, {"type": "Feature", "properties": {"osm_id": 31771514, "bicycle": "yes", "bridge": "yes", "hgv": "designated", "hgv:national_network": "yes", "highway": "motorway", "lanes": "3", "layer": "1", "maxspeed": "65 mph", "maxspeed:hgv": "60 mph", "oneway": "yes", "placement": "right_of:1", "ref": "I 205", "source:hgv:national_network": "https://www.ecfr.gov/current/title-23/chapter-I/subchapter-G/part-658;https://hepgis-usdot.hub.arcgis.com/apps/usdot::national-network-conventional-combination-trucks-map", "surface": "asphalt"}, "geometry": {"type": "LineString", "coordinates": [[-122.726892, 45.3735495], [-122.7279194, 45.3735353]]}}, {"type": "Feature", "properties": {"osm_id": 31771515, "bicycle": "yes", "hgv": "designated", "hgv:national_network": "yes", "highway": "motorway", "lanes": "2", "maxheight:signed": "no", "maxspeed": "65 mph", "maxspeed:hgv": "60 mph", "oneway": "yes", "ref": "I 205", "source:hgv:national_network": "https://www.ecfr.gov/current/title-23/chapter-I/subchapter-G/part-658;https://hepgis-usdot.hub.arcgis.com/apps/usdot::national-network-conventional-combination-trucks-map", "surface": "asphalt"}, "geometry": {"type": "LineString", "coordinates": [[-122.7008015, 45.3690631], [-122.701435, 45.369216], [-122.7025439, 45.3694982], [-122.7039797, 45.3698761], [-122.7052714, 45.370237], [-122.7066403, 45.3706279], [-122.7070904, 45.3707585], [-122.7084132, 45.3711419], [-122.709293, 45.3713914], [-122.7101675, 45.3716248], [-122.7106872, 45.3717566], [-122.7121539, 45.3720993]]}}, {"type": "Feature", "properties": {"osm_id": 31771530, "bicycle": "yes", "bridge": "yes", "hgv": "designated", "hgv:national_network": "yes", "highway": "motorway", "lanes": "3", "layer": "1", "maxspeed": "65 mph", "maxspeed:hgv": "60 mph", "oneway": "yes", "placement": "right_of:1", "ref": "I 205", "source:hgv:national_network": "https://www.ecfr.gov/current/title-23/chapter-I/subchapter-G/part-658;https://hepgis-usdot.hub.arcgis.com/apps/usdot::national-network-conventional-combination-trucks-map", "surface": "asphalt"}, "geometry": {"type": "LineString", "coordinates": [[-122.7282127, 45.3731373], [-122.7269311, 45.3731473]]}}, {"type": "Feature", "properties": {"osm_id": 31771531, "bicycle": "yes", "foot": "no", "hgv": "designated", "hgv:national_network": "yes", "highway": "motorway", "lanes": "3", "maxspeed": "65 mph", "maxspeed:hgv": "60 mph", "oneway": "yes", "placement": "right_of:1", "ref": "I 205", "source:hgv:national_network": "https://www.ecfr.gov/current/title-23/chapter-I/subchapter-G/part-658;https://hepgis-usdot.hub.arcgis.com/apps/usdot::national-network-conventional-combination-trucks-map", "surface": "asphalt"}, "geometry": {"type": "LineString", "coordinates": [[-122.7269311, 45.3731473], [-122.7255061, 45.3731447], [-122.7248103, 45.3731377], [-122.7240594, 45.3731184], [-122.7231715, 45.3730864], [-122.7223989, 45.3730464], [-122.7217408, 45.3730052], [-122.7212641, 45.3729711], [-122.7208169, 45.3729372], [-122.7201149, 45.3728746], [-122.7195985, 45.3728253], [-122.7191184, 45.3727794], [-122.7186075, 45.3727201], [-122.7179544, 45.3726391], [-122.7173187, 45.3725533], [-122.7165677, 45.3724431], [-122.7155283, 45.372281], [-122.7145681, 45.3721077], [-122.7139069, 45.3719796], [-122.7136253, 45.3719249]]}}, {"type": "Feature", "properties": {"osm_id": 31799605, "bicycle": "yes", "hgv": "designated", "hgv:national_network": "yes", "highway": "motorway", "lanes": "2", "maxspeed": "55 mph", "oneway": "yes", "ref": "I 205", "source:hgv:national_network": "https://www.ecfr.gov/current/title-23/chapter-I/subchapter-G/part-658;https://hepgis-usdot.hub.arcgis.com/apps/usdot::national-network-conventional-combination-trucks-map"}, "geometry": {"type": "LineString", "coordinates": [[-122.6301556, 45.3503179], [-122.6295876, 45.3505304], [-122.6291681, 45.3506957], [-122.6287535, 45.3508682], [-122.6283386, 45.3510522], [-122.62793, 45.3512405], [-122.6273869, 45.3515157], [-122.6267405, 45.3518587], [-122.6261263, 45.3522065], [-122.62539, 45.3526457], [-122.6226853, 45.3543014]]}}, {"type": "Feature", "properties": {"osm_id": 31827207, "bicycle": "no", "bridge": "yes", "description": "Stadium Freeway Highway #61", "foot": "no", "hgv": "designated", "hgv:national_network": "yes", "highway": "motorway", "lanes": "2", "layer": "2", "maxspeed": "50 mph", "oneway": "yes", "ref": "I 405", "source:hgv:national_network": "https://www.ecfr.gov/current/title-23/chapter-I/subchapter-G/part-658;https://hepgis-usdot.hub.arcgis.com/apps/usdot::national-network-conventional-combination-trucks-map", "surface": "asphalt"}, "geometry": {"type": "LineString", "coordinates": [[-122.673821, 45.5030612], [-122.6738967, 45.5035346], [-122.6739538, 45.5037731], [-122.6739989, 45.5039272], [-122.6740554, 45.5040686], [-122.6741221, 45.504187], [-122.6742289, 45.5043595], [-122.6743752, 45.5045364], [-122.6745317, 45.5046949]]}}, {"type": "Feature", "properties": {"osm_id": 31827237, "bicycle": "no", "bridge": "yes", "description": "Stadium Freeway Highway #61", "foot": "no", "hgv": "designated", "hgv:national_network": "yes", "highway": "motorway", "lanes": "2", "layer": "1", "maxspeed": "50 mph", "oneway": "yes", "ref": "I 405", "source:hgv:national_network": "https://www.ecfr.gov/current/title-23/chapter-I/subchapter-G/part-658;https://hepgis-usdot.hub.arcgis.com/apps/usdot::national-network-conventional-combination-trucks-map"}, "geometry": {"type": "LineString", "coordinates": [[-122.6764774, 45.5052498], [-122.676166, 45.505152], [-122.6757681, 45.5049923], [-122.675571, 45.5048834], [-122.6754747, 45.5048175]]}}, {"type": "Feature", "properties": {"osm_id": 31827239, "bicycle": "no", "description": "Stadium Freeway Highway #61", "foot": "no", "hgv": "designated", "hgv:national_network": "yes", "highway": "motorway", "lanes": "2", "maxspeed": "50 mph", "oneway": "yes", "ref": "I 405", "source:hgv:national_network": "https://www.ecfr.gov/current/title-23/chapter-I/subchapter-G/part-658;https://hepgis-usdot.hub.arcgis.com/apps/usdot::national-network-conventional-combination-trucks-map"}, "geometry": {"type": "LineString", "coordinates": [[-122.6754747, 45.5048175], [-122.6753937, 45.5047583], [-122.675226, 45.5046191], [-122.675078, 45.504465], [-122.6749492, 45.5043147], [-122.6748197, 45.5041107], [-122.674663, 45.5038092], [-122.6743272, 45.5030626], [-122.6742466, 45.5029092]]}}, {"type": "Feature", "properties": {"osm_id": 31845729, "CCGIS:bicycle": "no", "bicycle": "no", "hgv": "designated", "hgv:national_network": "yes", "highway": "motorway", "lanes": "3", "lit": "yes", "maxspeed": "60 mph", "noname": "yes", "oneway": "yes", "parking:lane:both": "no_parking", "ref": "I 5", "sidewalk": "no", "source:hgv:national_network": "https://www.ecfr.gov/current/title-23/chapter-I/subchapter-G/part-658;https://hepgis-usdot.hub.arcgis.com/apps/usdot::national-network-conventional-combination-trucks-map", "surface": "asphalt"}, "geometry": {"type": "LineString", "coordinates": [[-122.6616978, 45.6501814], [-122.6618468, 45.6507428], [-122.662653, 45.6527704]]}}, {"type": "Feature", "properties": {"osm_id": 32000444, "bicycle": "yes", "bridge": "yes", "hgv": "designated", "hgv:national_network": "yes", "highway": "motorway", "lanes": "2", "layer": "1", "maxspeed": "65 mph", "maxspeed:hgv": "60 mph", "oneway": "yes", "ref": "I 205", "source:hgv:national_network": "https://www.ecfr.gov/current/title-23/chapter-I/subchapter-G/part-658;https://hepgis-usdot.hub.arcgis.com/apps/usdot::national-network-conventional-combination-trucks-map", "surface": "concrete"}, "geometry": {"type": "LineString", "coordinates": [[-122.6614425, 45.3519402], [-122.6610219, 45.3515417]]}}, {"type": "Feature", "properties": {"osm_id": 32000445, "bicycle": "yes", "bridge": "yes", "hgv": "designated", "hgv:national_network": "yes", "highway": "motorway", "lanes": "2", "layer": "1", "maxspeed": "65 mph", "maxspeed:hgv": "60 mph", "oneway": "yes", "ref": "I 205", "source:hgv:national_network": "https://www.ecfr.gov/current/title-23/chapter-I/subchapter-G/part-658;https://hepgis-usdot.hub.arcgis.com/apps/usdot::national-network-conventional-combination-trucks-map", "surface": "concrete"}, "geometry": {"type": "LineString", "coordinates": [[-122.6603771, 45.3516115], [-122.6608036, 45.3520033]]}}, {"type": "Feature", "properties": {"osm_id": 32000446, "bicycle": "yes", "hgv": "designated", "hgv:national_network": "yes", "highway": "motorway", "lanes": "2", "maxspeed": "65 mph", "maxspeed:hgv": "60 mph", "oneway": "yes", "ref": "I 205", "source:hgv:national_network": "https://www.ecfr.gov/current/title-23/chapter-I/subchapter-G/part-658;https://hepgis-usdot.hub.arcgis.com/apps/usdot::national-network-conventional-combination-trucks-map", "surface": "asphalt"}, "geometry": {"type": "LineString", "coordinates": [[-122.6608036, 45.3520033], [-122.6613432, 45.352538], [-122.661671, 45.3528924], [-122.6619901, 45.353274], [-122.662257, 45.3536089], [-122.6625561, 45.3540007], [-122.6630961, 45.3547068], [-122.6636349, 45.3554251], [-122.6644362, 45.3564741], [-122.6649074, 45.357042], [-122.6651551, 45.3573417], [-122.6654097, 45.3576282], [-122.6656772, 45.3579394], [-122.6662443, 45.3585413], [-122.6668361, 45.3591451], [-122.6672807, 45.3595864], [-122.6677292, 45.3600095], [-122.6679898, 45.3602515]]}}, {"type": "Feature", "properties": {"osm_id": 32000458, "bicycle": "yes", "bridge": "yes", "hgv": "designated", "hgv:national_network": "yes", "highway": "motorway", "lanes": "2", "layer": "1", "maxspeed": "65 mph", "maxspeed:hgv": "60 mph", "oneway": "yes", "ref": "I 205", "source:hgv:national_network": "https://www.ecfr.gov/current/title-23/chapter-I/subchapter-G/part-658;https://hepgis-usdot.hub.arcgis.com/apps/usdot::national-network-conventional-combination-trucks-map", "surface": "concrete"}, "geometry": {"type": "LineString", "coordinates": [[-122.6690876, 45.3606039], [-122.6684542, 45.3600536]]}}, {"type": "Feature", "properties": {"osm_id": 32000459, "bicycle": "yes", "hgv": "designated", "hgv:national_network": "yes", "highway": "motorway", "lanes": "2", "maxspeed": "65 mph", "maxspeed:hgv": "60 mph", "oneway": "yes", "ref": "I 205", "source:hgv:national_network": "https://www.ecfr.gov/current/title-23/chapter-I/subchapter-G/part-658;https://hepgis-usdot.hub.arcgis.com/apps/usdot::national-network-conventional-combination-trucks-map", "surface": "asphalt"}, "geometry": {"type": "LineString", "coordinates": [[-122.6684542, 45.3600536], [-122.668106, 45.3597269], [-122.6676138, 45.3592564], [-122.6671704, 45.3588117], [-122.6661949, 45.3577836], [-122.665726, 45.3572587], [-122.665434, 45.3569271], [-122.6651519, 45.356581], [-122.664629, 45.355919], [-122.6634299, 45.3543315], [-122.6630462, 45.3538232], [-122.6625838, 45.3532219], [-122.6623677, 45.3529596], [-122.6620987, 45.3526429], [-122.6618185, 45.3523282], [-122.6616524, 45.3521549], [-122.6614425, 45.3519402]]}}, {"type": "Feature", "properties": {"osm_id": 32000460, "bicycle": "yes", "bridge": "yes", "hgv": "designated", "hgv:national_network": "yes", "highway": "motorway", "lanes": "2", "layer": "1", "maxspeed": "65 mph", "maxspeed:hgv": "60 mph", "oneway": "yes", "ref": "I 205", "source:hgv:national_network": "https://www.ecfr.gov/current/title-23/chapter-I/subchapter-G/part-658;https://hepgis-usdot.hub.arcgis.com/apps/usdot::national-network-conventional-combination-trucks-map", "surface": "concrete"}, "geometry": {"type": "LineString", "coordinates": [[-122.6679898, 45.3602515], [-122.6685976, 45.3607943]]}}, {"type": "Feature", "properties": {"osm_id": 32000461, "bicycle": "yes", "hgv": "designated", "hgv:national_network": "yes", "highway": "motorway", "lanes": "2", "maxheight:signed": "no", "maxspeed": "65 mph", "maxspeed:hgv": "60 mph", "oneway": "yes", "ref": "I 205", "source:hgv:national_network": "https://www.ecfr.gov/current/title-23/chapter-I/subchapter-G/part-658;https://hepgis-usdot.hub.arcgis.com/apps/usdot::national-network-conventional-combination-trucks-map", "surface": "asphalt"}, "geometry": {"type": "LineString", "coordinates": [[-122.6685976, 45.3607943], [-122.668805, 45.36098], [-122.6692683, 45.361374], [-122.6697346, 45.3617551], [-122.670207, 45.3621269], [-122.670717, 45.362513], [-122.67086, 45.362618], [-122.671053, 45.36276], [-122.671394, 45.363], [-122.671742, 45.363232], [-122.672104, 45.363459], [-122.672472, 45.363678], [-122.672847, 45.363891], [-122.673229, 45.364098], [-122.673767, 45.364371], [-122.674415, 45.364662], [-122.675086, 45.364946], [-122.675426, 45.365079], [-122.676032, 45.365293], [-122.676561, 45.36547], [-122.676918, 45.36558], [-122.677367, 45.365706], [-122.678287, 45.365932], [-122.678748, 45.366034], [-122.679216, 45.366127], [-122.679688, 45.36621], [-122.680446, 45.366325], [-122.68083, 45.366377], [-122.681303, 45.366432], [-122.681786, 45.366481], [-122.682746, 45.366566], [-122.6836422, 45.3666346], [-122.6846028, 45.366691], [-122.6852891, 45.3667232], [-122.6859191, 45.3667457]]}}, {"type": "Feature", "properties": {"osm_id": 32000467, "bicycle": "yes", "hgv": "designated", "hgv:national_network": "yes", "highway": "motorway", "lanes": "2", "maxspeed": "65 mph", "maxspeed:hgv": "60 mph", "oneway": "yes", "ref": "I 205", "source:hgv:national_network": "https://www.ecfr.gov/current/title-23/chapter-I/subchapter-G/part-658;https://hepgis-usdot.hub.arcgis.com/apps/usdot::national-network-conventional-combination-trucks-map"}, "geometry": {"type": "LineString", "coordinates": [[-122.6927877, 45.3668765], [-122.692004, 45.366751], [-122.691517, 45.366678], [-122.6905555, 45.3665512], [-122.689546, 45.366452], [-122.689049, 45.366411]]}}, {"type": "Feature", "properties": {"osm_id": 32000468, "bicycle": "yes", "bridge": "yes", "hgv": "designated", "hgv:national_network": "yes", "highway": "motorway", "lanes": "2", "layer": "1", "maxspeed": "65 mph", "maxspeed:hgv": "60 mph", "oneway": "yes", "ref": "I 205", "source:hgv:national_network": "https://www.ecfr.gov/current/title-23/chapter-I/subchapter-G/part-658;https://hepgis-usdot.hub.arcgis.com/apps/usdot::national-network-conventional-combination-trucks-map"}, "geometry": {"type": "LineString", "coordinates": [[-122.6938428, 45.3670581], [-122.6927877, 45.3668765]]}}, {"type": "Feature", "properties": {"osm_id": 32000470, "bicycle": "yes", "hgv": "designated", "hgv:national_network": "yes", "highway": "motorway", "lanes": "2", "maxspeed": "65 mph", "maxspeed:hgv": "60 mph", "oneway": "yes", "ref": "I 205", "source:hgv:national_network": "https://www.ecfr.gov/current/title-23/chapter-I/subchapter-G/part-658;https://hepgis-usdot.hub.arcgis.com/apps/usdot::national-network-conventional-combination-trucks-map", "surface": "paved"}, "geometry": {"type": "LineString", "coordinates": [[-122.6899049, 45.366993], [-122.690904, 45.367112], [-122.691559, 45.367205], [-122.6920885, 45.3672857], [-122.6925947, 45.3673731], [-122.6931372, 45.3674638]]}}, {"type": "Feature", "properties": {"osm_id": 32000480, "bicycle": "yes", "bridge": "yes", "hgv": "designated", "hgv:national_network": "yes", "highway": "motorway", "lanes": "2", "layer": "1", "maxspeed": "65 mph", "maxspeed:hgv": "60 mph", "oneway": "yes", "ref": "I 205", "source:hgv:national_network": "https://www.ecfr.gov/current/title-23/chapter-I/subchapter-G/part-658;https://hepgis-usdot.hub.arcgis.com/apps/usdot::national-network-conventional-combination-trucks-map", "surface": "paved"}, "geometry": {"type": "LineString", "coordinates": [[-122.6931372, 45.3674638], [-122.693867, 45.367595], [-122.694312, 45.3676755]]}}, {"type": "Feature", "properties": {"osm_id": 32144741, "bicycle": "yes", "bridge": "yes", "hgv": "designated", "hgv:national_network": "yes", "highway": "motorway", "lanes": "4", "layer": "1", "lit": "yes", "maxspeed": "55 mph", "official_name": "Pacific Highway #1;Korean War Veterans Memorial Highway;Purple Heart Trail", "old_name": "Robert Hugh Baldock Freeway;West Portland-Hubbard Highway #51", "old_ref": "US 99", "oneway": "yes", "ref": "I 5", "source:hgv:national_network": "https://www.ecfr.gov/current/title-23/chapter-I/subchapter-G/part-658;https://hepgis-usdot.hub.arcgis.com/apps/usdot::national-network-conventional-combination-trucks-map"}, "geometry": {"type": "LineString", "coordinates": [[-122.7471574, 45.3967089], [-122.7474416, 45.3960131]]}}, {"type": "Feature", "properties": {"osm_id": 32144746, "bicycle": "yes", "hgv": "designated", "hgv:national_network": "yes", "highway": "motorway", "lanes": "4", "lit": "yes", "maxspeed": "55 mph", "noname": "yes", "official_name": "Pacific Highway #1;Korean War Veterans Memorial Highway;Purple Heart Trail", "old_name": "Robert Hugh Baldock Freeway;West Portland-Hubbard Highway #51", "old_ref": "US 99", "oneway": "yes", "ref": "I 5", "source:hgv:national_network": "https://www.ecfr.gov/current/title-23/chapter-I/subchapter-G/part-658;https://hepgis-usdot.hub.arcgis.com/apps/usdot::national-network-conventional-combination-trucks-map", "surface": "asphalt"}, "geometry": {"type": "LineString", "coordinates": [[-122.7474416, 45.3960131], [-122.7477785, 45.3951742], [-122.747934, 45.3947869], [-122.7487975, 45.3926977]]}}, {"type": "Feature", "properties": {"osm_id": 32144747, "bicycle": "yes", "bridge": "yes", "hgv": "designated", "hgv:national_network": "yes", "highway": "motorway", "lanes": "3", "layer": "1", "lit": "yes", "maxspeed": "55 mph", "official_name": "Pacific Highway #1;Korean War Veterans Memorial Highway;Purple Heart Trail", "old_name": "Robert Hugh Baldock Freeway;West Portland-Hubbard Highway #51", "old_ref": "US 99", "oneway": "yes", "ref": "I 5", "source:hgv:national_network": "https://www.ecfr.gov/current/title-23/chapter-I/subchapter-G/part-658;https://hepgis-usdot.hub.arcgis.com/apps/usdot::national-network-conventional-combination-trucks-map"}, "geometry": {"type": "LineString", "coordinates": [[-122.747184, 45.3960313], [-122.7469061, 45.396725]]}}, {"type": "Feature", "properties": {"osm_id": 32144749, "bicycle": "yes", "hgv": "designated", "hgv:national_network": "yes", "highway": "motorway", "lanes": "3", "lit": "yes", "maxspeed": "55 mph", "noname": "yes", "official_name": "Pacific Highway #1;Korean War Veterans Memorial Highway;Purple Heart Trail", "old_name": "Robert Hugh Baldock Freeway;West Portland-Hubbard Highway #51", "old_ref": "US 99", "oneway": "yes", "ref": "I 5", "source:hgv:national_network": "https://www.ecfr.gov/current/title-23/chapter-I/subchapter-G/part-658;https://hepgis-usdot.hub.arcgis.com/apps/usdot::national-network-conventional-combination-trucks-map", "surface": "asphalt"}, "geometry": {"type": "LineString", "coordinates": [[-122.7469061, 45.396725], [-122.7466613, 45.3972917], [-122.7461572, 45.398568], [-122.7455555, 45.4000332]]}}, {"type": "Feature", "properties": {"osm_id": 32144788, "bicycle": "yes", "hgv": "designated", "hgv:national_network": "yes", "highway": "motorway", "lanes": "5", "lit": "yes", "maxspeed": "55 mph", "noname": "yes", "official_name": "Pacific Highway #1;Korean War Veterans Memorial Highway;Purple Heart Trail", "old_name": "Robert Hugh Baldock Freeway;West Portland-Hubbard Highway #51", "old_ref": "US 99", "oneway": "yes", "placement": "middle_of:2", "ref": "I 5", "source:hgv:national_network": "https://www.ecfr.gov/current/title-23/chapter-I/subchapter-G/part-658;https://hepgis-usdot.hub.arcgis.com/apps/usdot::national-network-conventional-combination-trucks-map", "surface": "asphalt", "turn:lanes": "through|through|through|through;slight_right|slight_right"}, "geometry": {"type": "LineString", "coordinates": [[-122.7538929, 45.3796592], [-122.7547363, 45.3775593], [-122.7554526, 45.3757874]]}}, {"type": "Feature", "properties": {"osm_id": 32144790, "bicycle": "yes", "bridge": "yes", "hgv": "designated", "hgv:national_network": "yes", "highway": "motorway", "lanes": "4", "layer": "1", "lit": "yes", "maxspeed": "55 mph", "official_name": "Pacific Highway #1;Korean War Veterans Memorial Highway;Purple Heart Trail", "old_name": "Robert Hugh Baldock Freeway;West Portland-Hubbard Highway #51", "old_ref": "US 99", "oneway": "yes", "ref": "I 5", "source:hgv:national_network": "https://www.ecfr.gov/current/title-23/chapter-I/subchapter-G/part-658;https://hepgis-usdot.hub.arcgis.com/apps/usdot::national-network-conventional-combination-trucks-map", "surface": "asphalt"}, "geometry": {"type": "LineString", "coordinates": [[-122.7532966, 45.3811657], [-122.7534586, 45.3807683]]}}, {"type": "Feature", "properties": {"osm_id": 32144794, "bicycle": "yes", "hgv": "designated", "hgv:national_network": "yes", "highway": "motorway", "lanes": "4", "lit": "yes", "maxspeed": "55 mph", "noname": "yes", "official_name": "Pacific Highway #1;Korean War Veterans Memorial Highway;Purple Heart Trail", "old_name": "Robert Hugh Baldock Freeway;West Portland-Hubbard Highway #51", "old_ref": "US 99", "oneway": "yes", "ref": "I 5", "source:hgv:national_network": "https://www.ecfr.gov/current/title-23/chapter-I/subchapter-G/part-658;https://hepgis-usdot.hub.arcgis.com/apps/usdot::national-network-conventional-combination-trucks-map"}, "geometry": {"type": "LineString", "coordinates": [[-122.7518969, 45.3835786], [-122.7515684, 45.3845121], [-122.7512851, 45.3852835], [-122.7509916, 45.3861123]]}}, {"type": "Feature", "properties": {"osm_id": 32144807, "bicycle": "yes", "bridge": "yes", "hgv": "designated", "hgv:national_network": "yes", "highway": "motorway", "lanes": "3", "layer": "1", "lit": "yes", "maxspeed": "55 mph", "official_name": "Pacific Highway #1;Korean War Veterans Memorial Highway;Purple Heart Trail", "old_name": "Robert Hugh Baldock Freeway;West Portland-Hubbard Highway #51", "old_ref": "US 99", "oneway": "yes", "ref": "I 5", "source:hgv:national_network": "https://www.ecfr.gov/current/title-23/chapter-I/subchapter-G/part-658;https://hepgis-usdot.hub.arcgis.com/apps/usdot::national-network-conventional-combination-trucks-map", "surface": "asphalt"}, "geometry": {"type": "LineString", "coordinates": [[-122.7530354, 45.3807002], [-122.7528921, 45.3810702]]}}, {"type": "Feature", "properties": {"osm_id": 32225969, "bicycle": "yes", "bus:lanes": "yes|yes|yes|designated", "hgv": "designated", "hgv:national_network": "yes", "highway": "motorway", "lanes": "4", "maxspeed": "65 mph", "maxspeed:hgv": "60 mph", "noname": "yes", "official_name": "Pacific Highway #1;Korean War Veterans Memorial Highway;Purple Heart Trail", "old_name": "Robert Hugh Baldock Freeway;West Portland-Hubbard Highway #51", "old_ref": "US 99", "oneway": "yes", "placement": "middle_of:2", "ref": "I 5", "source:hgv:national_network": "https://www.ecfr.gov/current/title-23/chapter-I/subchapter-G/part-658;https://hepgis-usdot.hub.arcgis.com/apps/usdot::national-network-conventional-combination-trucks-map", "surface": "asphalt", "vehicle:lanes": "yes|yes|yes|no"}, "geometry": {"type": "LineString", "coordinates": [[-122.7577654, 45.3689681], [-122.7573689, 45.36996]]}}, {"type": "Feature", "properties": {"osm_id": 32226930, "bicycle": "yes", "bridge": "yes", "bus:lanes": "yes|yes|yes|designated", "hgv": "designated", "hgv:national_network": "yes", "highway": "motorway", "lanes": "4", "layer": "1", "maxspeed": "65 mph", "maxspeed:hgv": "60 mph", "official_name": "Pacific Highway #1;Korean War Veterans Memorial Highway;Purple Heart Trail", "old_name": "Robert Hugh Baldock Freeway;West Portland-Hubbard Highway #51", "old_ref": "US 99", "oneway": "yes", "placement": "middle_of:2", "ref": "I 5", "source:hgv:national_network": "https://www.ecfr.gov/current/title-23/chapter-I/subchapter-G/part-658;https://hepgis-usdot.hub.arcgis.com/apps/usdot::national-network-conventional-combination-trucks-map", "surface": "asphalt", "vehicle:lanes": "yes|yes|yes|no"}, "geometry": {"type": "LineString", "coordinates": [[-122.758105, 45.369246], [-122.7583468, 45.3686453]]}}, {"type": "Feature", "properties": {"osm_id": 32226931, "bicycle": "yes", "bus:lanes": "yes|yes|yes|designated", "hgv": "designated", "hgv:national_network": "yes", "highway": "motorway", "lanes": "4", "maxspeed": "65 mph", "maxspeed:hgv": "60 mph", "noname": "yes", "official_name": "Pacific Highway #1;Korean War Veterans Memorial Highway;Purple Heart Trail", "old_name": "Robert Hugh Baldock Freeway;West Portland-Hubbard Highway #51", "oneway": "yes", "placement": "middle_of:2", "ref": "I 5", "source:hgv:national_network": "https://www.ecfr.gov/current/title-23/chapter-I/subchapter-G/part-658;https://hepgis-usdot.hub.arcgis.com/apps/usdot::national-network-conventional-combination-trucks-map", "surface": "asphalt", "vehicle:lanes": "yes|yes|yes|no"}, "geometry": {"type": "LineString", "coordinates": [[-122.758464, 45.3683468], [-122.7605756, 45.3630952]]}}, {"type": "Feature", "properties": {"osm_id": 32226932, "bicycle": "yes", "bridge": "yes", "bus:lanes": "yes|yes|yes|designated", "hgv": "designated", "hgv:national_network": "yes", "highway": "motorway", "lanes": "4", "layer": "1", "maxspeed": "65 mph", "maxspeed:hgv": "60 mph", "official_name": "Pacific Highway #1;Korean War Veterans Memorial Highway;Purple Heart Trail", "old_name": "Robert Hugh Baldock Freeway;West Portland-Hubbard Highway #51", "old_ref": "US 99", "oneway": "yes", "placement": "middle_of:2", "ref": "I 5", "source:hgv:national_network": "https://www.ecfr.gov/current/title-23/chapter-I/subchapter-G/part-658;https://hepgis-usdot.hub.arcgis.com/apps/usdot::national-network-conventional-combination-trucks-map", "surface": "asphalt", "vehicle:lanes": "yes|yes|yes|no"}, "geometry": {"type": "LineString", "coordinates": [[-122.7579966, 45.3684013], [-122.7577654, 45.3689681]]}}, {"type": "Feature", "properties": {"osm_id": 33194347, "bicycle": "no", "bridge": "yes", "description": "Pacific Highway #1", "hgv": "designated", "hgv:national_network": "yes", "highway": "motorway", "lanes": "2", "layer": "1", "lit": "yes", "maxspeed": "50 mph", "official_name": "Pacific Highway #1;Korean War Veterans Memorial Highway;Purple Heart Trail", "oneway": "yes", "ref": "I 5", "source:hgv:national_network": "https://www.ecfr.gov/current/title-23/chapter-I/subchapter-G/part-658;https://hepgis-usdot.hub.arcgis.com/apps/usdot::national-network-conventional-combination-trucks-map", "surface": "asphalt"}, "geometry": {"type": "LineString", "coordinates": [[-122.6767084, 45.5450192], [-122.6755702, 45.5440715], [-122.6754416, 45.5439644]]}}, {"type": "Feature", "properties": {"osm_id": 34933842, "CCGIS:bicycle": "no", "bicycle": "no", "hgv": "designated", "hgv:national_network": "yes", "highway": "motorway", "lanes": "3", "lit": "yes", "maxspeed": "60 mph", "noname": "yes", "oneway": "yes", "parking:lane:both": "no_parking", "ref": "I 5", "sidewalk": "no", "source": "Yahoo,TIGER", "source:hgv:national_network": "https://www.ecfr.gov/current/title-23/chapter-I/subchapter-G/part-658;https://hepgis-usdot.hub.arcgis.com/apps/usdot::national-network-conventional-combination-trucks-map", "surface": "asphalt"}, "geometry": {"type": "LineString", "coordinates": [[-122.662872, 45.6527004], [-122.6624784, 45.6517823], [-122.6621209, 45.6508516], [-122.6619679, 45.6502949], [-122.6618817, 45.6498288], [-122.6618496, 45.6492782], [-122.6618826, 45.6470663], [-122.661977, 45.6444719]]}}, {"type": "Feature", "properties": {"osm_id": 34944010, "CCGIS:bicycle": "no", "bicycle": "no", "hgv": "designated", "hgv:national_network": "yes", "highway": "motorway", "lanes": "3", "lit": "yes", "maxspeed": "60 mph", "oneway": "yes", "parking:lane:both": "no_parking", "ref": "I 5", "sidewalk": "no", "source:hgv:national_network": "https://www.ecfr.gov/current/title-23/chapter-I/subchapter-G/part-658;https://hepgis-usdot.hub.arcgis.com/apps/usdot::national-network-conventional-combination-trucks-map", "surface": "asphalt"}, "geometry": {"type": "LineString", "coordinates": [[-122.6634034, 45.634397], [-122.6648949, 45.6319139]]}}, {"type": "Feature", "properties": {"osm_id": 34944011, "CCGIS:bicycle": "no", "bicycle": "no", "bridge": "yes", "hgv": "designated", "hgv:national_network": "yes", "highway": "motorway", "lanes": "3", "layer": "1", "lit": "yes", "maxspeed": "60 mph", "oneway": "yes", "parking:lane:both": "no_parking", "ref": "I 5", "sidewalk": "no", "source:hgv:national_network": "https://www.ecfr.gov/current/title-23/chapter-I/subchapter-G/part-658;https://hepgis-usdot.hub.arcgis.com/apps/usdot::national-network-conventional-combination-trucks-map"}, "geometry": {"type": "LineString", "coordinates": [[-122.6631599, 45.6343608], [-122.6629227, 45.6347575]]}}, {"type": "Feature", "properties": {"osm_id": 34944013, "CCGIS:bicycle": "no", "bicycle": "no", "hgv": "designated", "hgv:national_network": "yes", "highway": "motorway", "lanes": "3", "lit": "yes", "maxspeed": "60 mph", "oneway": "yes", "parking:lane:both": "no_parking", "ref": "I 5", "sidewalk": "no", "source": "Yahoo,TIGER", "source:hgv:national_network": "https://www.ecfr.gov/current/title-23/chapter-I/subchapter-G/part-658;https://hepgis-usdot.hub.arcgis.com/apps/usdot::national-network-conventional-combination-trucks-map"}, "geometry": {"type": "LineString", "coordinates": [[-122.6629227, 45.6347575], [-122.6627307, 45.6350805], [-122.6625697, 45.6352622]]}}, {"type": "Feature", "properties": {"osm_id": 34944014, "CCGIS:bicycle": "no", "bicycle": "no", "bridge": "yes", "hgv": "designated", "hgv:national_network": "yes", "highway": "motorway", "lanes": "3", "layer": "1", "lit": "yes", "maxspeed": "60 mph", "oneway": "yes", "parking:lane:both": "no_parking", "ref": "I 5", "sidewalk": "no", "source:hgv:national_network": "https://www.ecfr.gov/current/title-23/chapter-I/subchapter-G/part-658;https://hepgis-usdot.hub.arcgis.com/apps/usdot::national-network-conventional-combination-trucks-map"}, "geometry": {"type": "LineString", "coordinates": [[-122.6631594, 45.6347943], [-122.6634034, 45.634397]]}}, {"type": "Feature", "properties": {"osm_id": 34944999, "CCGIS:bicycle": "no", "bicycle": "no", "bridge": "yes", "hgv": "designated", "hgv:national_network": "yes", "highway": "motorway", "lanes": "3", "layer": "1", "lit": "yes", "maxspeed": "60 mph", "oneway": "yes", "parking:lane:both": "no_parking", "ref": "I 5", "sidewalk": "no", "source:hgv:national_network": "https://www.ecfr.gov/current/title-23/chapter-I/subchapter-G/part-658;https://hepgis-usdot.hub.arcgis.com/apps/usdot::national-network-conventional-combination-trucks-map", "surface": "asphalt"}, "geometry": {"type": "LineString", "coordinates": [[-122.6647274, 45.6792587], [-122.6647052, 45.6778808]]}}, {"type": "Feature", "properties": {"osm_id": 34945000, "CCGIS:bicycle": "no", "bicycle": "no", "hgv": "designated", "hgv:national_network": "yes", "highway": "motorway", "lanes": "3", "lit": "yes", "maxspeed": "60 mph", "oneway": "yes", "parking:lane:both": "no_parking", "ref": "I 5", "sidewalk": "no", "source:hgv:national_network": "https://www.ecfr.gov/current/title-23/chapter-I/subchapter-G/part-658;https://hepgis-usdot.hub.arcgis.com/apps/usdot::national-network-conventional-combination-trucks-map", "surface": "asphalt"}, "geometry": {"type": "LineString", "coordinates": [[-122.6644893, 45.6792527], [-122.6644931, 45.680544], [-122.664486, 45.6844214]]}}, {"type": "Feature", "properties": {"osm_id": 34945001, "CCGIS:bicycle": "no", "bicycle": "no", "bridge": "yes", "hgv": "designated", "hgv:national_network": "yes", "highway": "motorway", "lanes": "3", "layer": "1", "lit": "yes", "maxspeed": "60 mph", "oneway": "yes", "parking:lane:both": "no_parking", "ref": "I 5", "sidewalk": "no", "source:hgv:national_network": "https://www.ecfr.gov/current/title-23/chapter-I/subchapter-G/part-658;https://hepgis-usdot.hub.arcgis.com/apps/usdot::national-network-conventional-combination-trucks-map", "surface": "asphalt"}, "geometry": {"type": "LineString", "coordinates": [[-122.6644775, 45.6778854], [-122.6644893, 45.6792527]]}}, {"type": "Feature", "properties": {"osm_id": 34945002, "CCGIS:bicycle": "no", "bicycle": "no", "destination:lanes": "none|none|none|Main Street", "hgv": "designated", "hgv:national_network": "yes", "highway": "motorway", "lanes": "4", "lit": "yes", "maxheight:signed": "no", "maxspeed": "60 mph", "noname": "yes", "oneway": "yes", "parking:lane:both": "no_parking", "ref": "I 5", "sidewalk": "no", "source:hgv:national_network": "https://www.ecfr.gov/current/title-23/chapter-I/subchapter-G/part-658;https://hepgis-usdot.hub.arcgis.com/apps/usdot::national-network-conventional-combination-trucks-map", "surface": "asphalt", "turn:lanes": "none|none|none|slight_right"}, "geometry": {"type": "LineString", "coordinates": [[-122.6646368, 45.6726985], [-122.6646468, 45.6725434], [-122.6646619, 45.6723892], [-122.6647067, 45.6720638], [-122.6647435, 45.6718604], [-122.6648189, 45.6715101], [-122.6649244, 45.6711646], [-122.665031, 45.6708724], [-122.665128, 45.6706455], [-122.6651931, 45.6704921], [-122.6652831, 45.6702921], [-122.6654092, 45.670067], [-122.6656565, 45.6696176], [-122.6666842, 45.6678386], [-122.666798, 45.6675918], [-122.6669143, 45.6673402], [-122.6670254, 45.6670636], [-122.6671081, 45.6668355], [-122.667196, 45.6665755], [-122.6672562, 45.6663444], [-122.6673111, 45.6660677], [-122.6673843, 45.6655942], [-122.6674103, 45.6652396], [-122.6674122, 45.6648832], [-122.6673967, 45.664354], [-122.6673301, 45.6640161], [-122.6672406, 45.6636235], [-122.6670567, 45.6630531], [-122.6669887, 45.6628378]]}}, {"type": "Feature", "properties": {"osm_id": 34945246, "CCGIS:bicycle": "no", "bicycle": "no", "bridge": "yes", "hgv": "designated", "hgv:national_network": "yes", "highway": "motorway", "lanes": "3", "layer": "1", "maxspeed": "60 mph", "oneway": "yes", "parking:lane:both": "no_parking", "ref": "I 5", "sidewalk": "no", "source:hgv:national_network": "https://www.ecfr.gov/current/title-23/chapter-I/subchapter-G/part-658;https://hepgis-usdot.hub.arcgis.com/apps/usdot::national-network-conventional-combination-trucks-map", "surface": "asphalt"}, "geometry": {"type": "LineString", "coordinates": [[-122.6614627, 45.6924812], [-122.6609473, 45.6934547]]}}, {"type": "Feature", "properties": {"osm_id": 34945247, "CCGIS:bicycle": "no", "bicycle": "no", "hgv": "designated", "hgv:national_network": "yes", "highway": "motorway", "lanes": "3", "maxspeed": "60 mph", "oneway": "yes", "parking:lane:both": "no_parking", "ref": "I 5", "sidewalk": "no", "source:hgv:national_network": "https://www.ecfr.gov/current/title-23/chapter-I/subchapter-G/part-658;https://hepgis-usdot.hub.arcgis.com/apps/usdot::national-network-conventional-combination-trucks-map", "surface": "asphalt"}, "geometry": {"type": "LineString", "coordinates": [[-122.6617179, 45.692478], [-122.6623535, 45.6912761], [-122.6626597, 45.6906792], [-122.6638189, 45.6884437]]}}, {"type": "Feature", "properties": {"osm_id": 34945249, "CCGIS:bicycle": "no", "bicycle": "no", "bridge": "yes", "hgv": "designated", "hgv:national_network": "yes", "highway": "motorway", "lanes": "3", "layer": "1", "maxspeed": "60 mph", "oneway": "yes", "parking:lane:both": "no_parking", "ref": "I 5", "sidewalk": "no", "source:hgv:national_network": "https://www.ecfr.gov/current/title-23/chapter-I/subchapter-G/part-658;https://hepgis-usdot.hub.arcgis.com/apps/usdot::national-network-conventional-combination-trucks-map", "surface": "asphalt"}, "geometry": {"type": "LineString", "coordinates": [[-122.6612026, 45.6934562], [-122.6617179, 45.692478]]}}, {"type": "Feature", "properties": {"osm_id": 34945250, "CCGIS:bicycle": "no", "bicycle": "no", "hgv": "designated", "hgv:national_network": "yes", "highway": "motorway", "lanes": "3", "maxspeed": "60 mph", "oneway": "yes", "parking:lane:both": "no_parking", "ref": "I 5", "sidewalk": "no", "source:hgv:national_network": "https://www.ecfr.gov/current/title-23/chapter-I/subchapter-G/part-658;https://hepgis-usdot.hub.arcgis.com/apps/usdot::national-network-conventional-combination-trucks-map", "surface": "asphalt"}, "geometry": {"type": "LineString", "coordinates": [[-122.6609473, 45.6934547], [-122.6600474, 45.6952207], [-122.6591116, 45.6969988], [-122.6572311, 45.7005269]]}}, {"type": "Feature", "properties": {"osm_id": 34945253, "CCGIS:bicycle": "no", "bicycle": "no", "destination:lanes": "none|none|none|Northeast 99th Street", "hgv": "designated", "hgv:national_network": "yes", "highway": "motorway", "lanes": "4", "lit": "no", "maxspeed": "60 mph", "oneway": "yes", "parking:lane:both": "no_parking", "ref": "I 5", "sidewalk": "no", "source:hgv:national_network": "https://www.ecfr.gov/current/title-23/chapter-I/subchapter-G/part-658;https://hepgis-usdot.hub.arcgis.com/apps/usdot::national-network-conventional-combination-trucks-map", "surface": "asphalt", "turn:lanes": "none|none|none|slight_right"}, "geometry": {"type": "LineString", "coordinates": [[-122.655074, 45.7052451], [-122.658428, 45.6986816]]}}, {"type": "Feature", "properties": {"osm_id": 37183244, "NHS": "yes", "RLIS:bicycle": "caution_area", "alt_name": "Highway 99E", "bicycle": "yes", "expressway": "yes", "foot": "no", "hgv": "designated", "hgv:national_network": "yes", "highway": "trunk", "lanes": "2", "maxspeed": "40 mph", "name": "Southeast Martin Luther King Junior Boulevard", "name:etymology": "Martin Luther King Junior", "name:etymology:wikidata": "Q8027", "name:etymology:wikipedia": "en:Martin Luther King Jr.", "oneway": "yes", "ref": "OR 99E", "short_name": "SE MLK Jr Blvd", "sidewalk": "no", "surface": "asphalt"}, "geometry": {"type": "LineString", "coordinates": [[-122.6607886, 45.5017501], [-122.6607558, 45.5015277]]}}, {"type": "Feature", "properties": {"osm_id": 37740755, "bicycle": "yes", "bridge": "yes", "hgv": "designated", "hgv:national_network": "yes", "highway": "motorway", "lanes": "3", "layer": "1", "maxspeed": "60 mph", "oneway": "yes", "placement": "right_of:1", "ref": "I 205", "source:hgv:national_network": "https://www.ecfr.gov/current/title-23/chapter-I/subchapter-G/part-658;https://hepgis-usdot.hub.arcgis.com/apps/usdot::national-network-conventional-combination-trucks-map"}, "geometry": {"type": "LineString", "coordinates": [[-122.5630544, 45.641838], [-122.5632335, 45.6422931]]}}, {"type": "Feature", "properties": {"osm_id": 37740756, "bicycle": "yes", "hgv": "designated", "hgv:national_network": "yes", "highway": "motorway", "lanes": "3", "maxspeed": "60 mph", "oneway": "yes", "placement": "right_of:1", "ref": "I 205", "source:hgv:national_network": "https://www.ecfr.gov/current/title-23/chapter-I/subchapter-G/part-658;https://hepgis-usdot.hub.arcgis.com/apps/usdot::national-network-conventional-combination-trucks-map"}, "geometry": {"type": "LineString", "coordinates": [[-122.5632335, 45.6422931], [-122.5642054, 45.6448408], [-122.5645199, 45.6456589], [-122.5647995, 45.6463992]]}}, {"type": "Feature", "properties": {"osm_id": 37740757, "bicycle": "yes", "hgv": "designated", "hgv:national_network": "yes", "highway": "motorway", "lanes": "3", "maxheight:signed": "no", "maxspeed": "60 mph", "oneway": "yes", "placement": "right_of:1", "ref": "I 205", "source:hgv:national_network": "https://www.ecfr.gov/current/title-23/chapter-I/subchapter-G/part-658;https://hepgis-usdot.hub.arcgis.com/apps/usdot::national-network-conventional-combination-trucks-map"}, "geometry": {"type": "LineString", "coordinates": [[-122.5610857, 45.6355986], [-122.5606552, 45.6345274], [-122.5604713, 45.6339982], [-122.5603609, 45.6335893], [-122.5602753, 45.6332715], [-122.5602022, 45.6329568], [-122.5601238, 45.6325832], [-122.5600699, 45.6322179], [-122.5600253, 45.6315279], [-122.5599702, 45.6303391]]}}, {"type": "Feature", "properties": {"osm_id": 37740758, "bicycle": "yes", "bridge": "yes", "hgv": "designated", "hgv:national_network": "yes", "highway": "motorway", "lanes": "3", "layer": "1", "maxspeed": "60 mph", "oneway": "yes", "placement": "right_of:1", "ref": "I 205", "source:hgv:national_network": "https://www.ecfr.gov/current/title-23/chapter-I/subchapter-G/part-658;https://hepgis-usdot.hub.arcgis.com/apps/usdot::national-network-conventional-combination-trucks-map"}, "geometry": {"type": "LineString", "coordinates": [[-122.5638082, 45.6421624], [-122.5636203, 45.6417101]]}}, {"type": "Feature", "properties": {"osm_id": 37769783, "bicycle": "yes", "bridge": "yes", "hgv": "designated", "hgv:national_network": "yes", "highway": "motorway", "lanes": "2", "layer": "1", "maxspeed": "60 mph", "oneway": "yes", "ref": "I 205", "source:hgv:national_network": "https://www.ecfr.gov/current/title-23/chapter-I/subchapter-G/part-658;https://hepgis-usdot.hub.arcgis.com/apps/usdot::national-network-conventional-combination-trucks-map", "surface": "asphalt"}, "geometry": {"type": "LineString", "coordinates": [[-122.606748, 45.6928933], [-122.6069955, 45.6930968], [-122.6073588, 45.6933825]]}}, {"type": "Feature", "properties": {"osm_id": 37769785, "bicycle": "yes", "hgv": "designated", "hgv:national_network": "yes", "highway": "motorway", "lanes": "2", "maxspeed": "60 mph", "oneway": "yes", "ref": "I 205", "source:hgv:national_network": "https://www.ecfr.gov/current/title-23/chapter-I/subchapter-G/part-658;https://hepgis-usdot.hub.arcgis.com/apps/usdot::national-network-conventional-combination-trucks-map", "surface": "asphalt"}, "geometry": {"type": "LineString", "coordinates": [[-122.6073588, 45.6933825], [-122.607484, 45.6934818], [-122.607717, 45.6936617], [-122.6079966, 45.6938724], [-122.6084981, 45.6942398], [-122.6088971, 45.6945207], [-122.609308, 45.6948088], [-122.6095726, 45.6949869], [-122.6098545, 45.6951773], [-122.6101757, 45.6953933], [-122.6105947, 45.695679], [-122.6109266, 45.6959054]]}}, {"type": "Feature", "properties": {"osm_id": 37769787, "bicycle": "yes", "destination:lanes": "|none;City Center", "hgv": "designated", "hgv:national_network": "yes", "highway": "motorway", "lanes": "2", "maxheight:signed": "no", "maxspeed": "60 mph", "oneway": "yes", "ref": "I 205", "source:hgv:national_network": "https://www.ecfr.gov/current/title-23/chapter-I/subchapter-G/part-658;https://hepgis-usdot.hub.arcgis.com/apps/usdot::national-network-conventional-combination-trucks-map", "surface": "asphalt", "turn:lanes": "through|through;slight_right"}, "geometry": {"type": "LineString", "coordinates": [[-122.5883167, 45.6797446], [-122.5879906, 45.6794823], [-122.5875769, 45.6791249], [-122.5872289, 45.6788058], [-122.5869088, 45.6784892], [-122.5865985, 45.6781696], [-122.5862842, 45.6778231], [-122.5860165, 45.6775015], [-122.5857246, 45.677127], [-122.5853008, 45.6765421], [-122.584436, 45.6751538], [-122.5834993, 45.6736258], [-122.5828917, 45.6726353], [-122.5822118, 45.6715145], [-122.5817665, 45.6707892], [-122.5814071, 45.6702138], [-122.5799238, 45.667793], [-122.5792547, 45.6666947], [-122.5787112, 45.665797]]}}, {"type": "Feature", "properties": {"osm_id": 37769788, "bicycle": "yes", "bridge": "yes", "hgv": "designated", "hgv:national_network": "yes", "highway": "motorway", "lanes": "2", "layer": "1", "maxspeed": "60 mph", "oneway": "yes", "ref": "I 205", "source:hgv:national_network": "https://www.ecfr.gov/current/title-23/chapter-I/subchapter-G/part-658;https://hepgis-usdot.hub.arcgis.com/apps/usdot::national-network-conventional-combination-trucks-map"}, "geometry": {"type": "LineString", "coordinates": [[-122.6078844, 45.6931286], [-122.6077266, 45.693], [-122.6073049, 45.6926367]]}}, {"type": "Feature", "properties": {"osm_id": 37769789, "bicycle": "yes", "bridge": "yes", "hgv": "designated", "hgv:national_network": "yes", "highway": "motorway", "lanes": "2", "layer": "1", "maxspeed": "60 mph", "oneway": "yes", "ref": "I 205", "source:hgv:national_network": "https://www.ecfr.gov/current/title-23/chapter-I/subchapter-G/part-658;https://hepgis-usdot.hub.arcgis.com/apps/usdot::national-network-conventional-combination-trucks-map", "surface": "asphalt"}, "geometry": {"type": "LineString", "coordinates": [[-122.6109266, 45.6959054], [-122.6115211, 45.6963052]]}}, {"type": "Feature", "properties": {"osm_id": 37769791, "bicycle": "yes", "cycleway:both": "no", "hgv": "designated", "hgv:national_network": "yes", "highway": "motorway", "lanes": "2", "lit": "no", "maxheight:signed": "no", "maxspeed": "60 mph", "oneway": "yes", "ref": "I 205", "source:hgv:national_network": "https://www.ecfr.gov/current/title-23/chapter-I/subchapter-G/part-658;https://hepgis-usdot.hub.arcgis.com/apps/usdot::national-network-conventional-combination-trucks-map", "surface": "asphalt"}, "geometry": {"type": "LineString", "coordinates": [[-122.6115211, 45.6963052], [-122.612, 45.6966317], [-122.6124743, 45.6969512], [-122.6130083, 45.6973118], [-122.6132423, 45.6974676], [-122.6134697, 45.6976066], [-122.6137065, 45.6977445], [-122.6138944, 45.6978488], [-122.6141223, 45.6979667], [-122.6143386, 45.6980745], [-122.614635, 45.6982096], [-122.6149532, 45.698343], [-122.6152186, 45.6984473], [-122.6155152, 45.6985546], [-122.6158289, 45.6986602], [-122.6161116, 45.698743], [-122.6164093, 45.6988248], [-122.6166185, 45.6988784], [-122.6169326, 45.6989529], [-122.6172215, 45.6990123], [-122.6174923, 45.6990621], [-122.6177052, 45.6990991], [-122.6180395, 45.699147], [-122.6184067, 45.6991949], [-122.6186646, 45.6992274], [-122.6189871, 45.6992697], [-122.6192883, 45.6993081], [-122.6196538, 45.6993557], [-122.6199565, 45.6993949], [-122.620309, 45.699443], [-122.6205084, 45.6994734], [-122.6206913, 45.699502], [-122.6211222, 45.6995822], [-122.621406, 45.6996427], [-122.6217045, 45.6997108], [-122.6219097, 45.6997639], [-122.6221934, 45.699842], [-122.622454, 45.6999183], [-122.622746, 45.7000138], [-122.6230319, 45.7001145], [-122.6234039, 45.7002571], [-122.6236819, 45.7003721], [-122.6240509, 45.7005402], [-122.6244265, 45.7007219], [-122.6247423, 45.7008921], [-122.6250362, 45.7010638], [-122.6253796, 45.701282], [-122.6256006, 45.7014305], [-122.6258133, 45.7015876], [-122.626107, 45.7018119], [-122.6262874, 45.7019641], [-122.6264781, 45.7021297], [-122.6266645, 45.7023086], [-122.6268784, 45.702518], [-122.6271068, 45.7027725], [-122.6279707, 45.7037716], [-122.6283977, 45.7042491], [-122.6288876, 45.7048026], [-122.629322, 45.7052759], [-122.6297749, 45.7057318], [-122.6302459, 45.7061721]]}}, {"type": "Feature", "properties": {"osm_id": 37769792, "bicycle": "yes", "hgv": "designated", "hgv:national_network": "yes", "highway": "motorway", "lanes": "2", "maxspeed": "60 mph", "oneway": "yes", "ref": "I 205", "source:hgv:national_network": "https://www.ecfr.gov/current/title-23/chapter-I/subchapter-G/part-658;https://hepgis-usdot.hub.arcgis.com/apps/usdot::national-network-conventional-combination-trucks-map", "surface": "asphalt"}, "geometry": {"type": "LineString", "coordinates": [[-122.611271, 45.695664], [-122.6100974, 45.6948469], [-122.609398, 45.6943298], [-122.6088823, 45.6939308], [-122.6078844, 45.6931286]]}}, {"type": "Feature", "properties": {"osm_id": 37769793, "bicycle": "yes", "bridge": "yes", "hgv": "designated", "hgv:national_network": "yes", "highway": "motorway", "lanes": "2", "layer": "1", "maxspeed": "60 mph", "oneway": "yes", "ref": "I 205", "source:hgv:national_network": "https://www.ecfr.gov/current/title-23/chapter-I/subchapter-G/part-658;https://hepgis-usdot.hub.arcgis.com/apps/usdot::national-network-conventional-combination-trucks-map"}, "geometry": {"type": "LineString", "coordinates": [[-122.6118494, 45.6960746], [-122.611271, 45.695664]]}}, {"type": "Feature", "properties": {"osm_id": 39276933, "NHS": "yes", "RLIS:bicycle": "caution_area", "alt_name": "Highway 99E", "bicycle": "yes", "description": "Pacific Highway East #1E (81)", "hgv": "designated", "hgv:national_network": "yes", "highway": "primary", "lanes": "4", "maxspeed": "30 mph", "name": "Northeast Martin Luther King Junior Boulevard", "name:etymology": "Martin Luther King Junior", "name:etymology:wikidata": "Q8027", "name:etymology:wikipedia": "en:Martin Luther King Jr.", "old_ref": "US 99E", "ref": "OR 99E", "short_name": "NE MLK Jr Blvd", "sidewalk": "both", "surface": "asphalt"}, "geometry": {"type": "LineString", "coordinates": [[-122.6613469, 45.5785316], [-122.6613461, 45.5784585], [-122.6613424, 45.5781144], [-122.6613426, 45.578084], [-122.6613436, 45.5779408], [-122.6613438, 45.5778067], [-122.6613459, 45.5776214]]}}, {"type": "Feature", "properties": {"osm_id": 39276934, "NHS": "yes", "RLIS:bicycle": "caution_area", "alt_name": "Highway 99E", "bicycle": "yes", "bridge": "yes", "description": "Pacific Highway East #1E (81)", "hgv": "designated", "hgv:national_network": "yes", "highway": "primary", "lanes": "4", "layer": "1", "maxspeed": "30 mph", "name": "Northeast Martin Luther King Junior Boulevard", "name:etymology": "Martin Luther King Junior", "name:etymology:wikidata": "Q8027", "name:etymology:wikipedia": "en:Martin Luther King Jr.", "old_ref": "US 99E", "ref": "OR 99E", "short_name": "NE MLK Jr Blvd", "sidewalk": "both", "surface": "asphalt"}, "geometry": {"type": "LineString", "coordinates": [[-122.6613407, 45.579223], [-122.6613417, 45.5791076], [-122.6613469, 45.5785316]]}}, {"type": "Feature", "properties": {"osm_id": 40120524, "bicycle": "no", "destination:lanes": "Seattle|Seattle|Seattle|Glisan Street;Washington Street;Stark Street|Washington Street;Stark Street", "hgv": "designated", "hgv:national_network": "yes", "highway": "motorway", "lanes": "5", "maxheight": "default", "maxspeed": "55 mph", "oneway": "yes", "placement": "right_of:1", "ref": "I 205", "source:hgv:national_network": "https://www.ecfr.gov/current/title-23/chapter-I/subchapter-G/part-658;https://hepgis-usdot.hub.arcgis.com/apps/usdot::national-network-conventional-combination-trucks-map", "surface": "asphalt", "turn:lanes": "through|through|through|through;slight_right|slight_right"}, "geometry": {"type": "LineString", "coordinates": [[-122.5652579, 45.5081958], [-122.5653322, 45.5092583], [-122.56537, 45.5098513], [-122.5653811, 45.5102033], [-122.5653784, 45.5105025], [-122.5653858, 45.5114878], [-122.5653278, 45.5130968], [-122.5652603, 45.5147914]]}}, {"type": "Feature", "properties": {"osm_id": 40120525, "bicycle": "no", "hgv": "designated", "hgv:national_network": "yes", "highway": "motorway", "lanes": "3", "maxheight:signed": "no", "maxspeed": "55 mph", "oneway": "yes", "placement": "right_of:1", "ref": "I 205", "source:hgv:national_network": "https://www.ecfr.gov/current/title-23/chapter-I/subchapter-G/part-658;https://hepgis-usdot.hub.arcgis.com/apps/usdot::national-network-conventional-combination-trucks-map"}, "geometry": {"type": "LineString", "coordinates": [[-122.5651765, 45.5242596], [-122.5651616, 45.5252544], [-122.5651421, 45.5261461], [-122.5651512, 45.5274023], [-122.5651335, 45.5280447], [-122.5651095, 45.5284965], [-122.5650569, 45.5291263], [-122.5650173, 45.5296593], [-122.5649689, 45.530121], [-122.5649202, 45.5305423], [-122.5648588, 45.5309785], [-122.5647817, 45.5314932]]}}, {"type": "Feature", "properties": {"osm_id": 40602087, "bicycle": "no", "bridge": "yes", "hgv": "designated", "hgv:national_network": "yes", "highway": "motorway", "lanes": "3", "layer": "1", "maxspeed": "55 mph", "oneway": "yes", "placement": "right_of:1", "ref": "I 205", "source:hgv:national_network": "https://www.ecfr.gov/current/title-23/chapter-I/subchapter-G/part-658;https://hepgis-usdot.hub.arcgis.com/apps/usdot::national-network-conventional-combination-trucks-map", "surface": "asphalt"}, "geometry": {"type": "LineString", "coordinates": [[-122.5661437, 45.4829072], [-122.5661191, 45.482537]]}}, {"type": "Feature", "properties": {"osm_id": 40602088, "bicycle": "no", "bridge": "yes", "hgv": "designated", "hgv:national_network": "yes", "highway": "motorway", "lanes": "4", "layer": "1", "maxspeed": "55 mph", "oneway": "yes", "placement": "right_of:1", "ref": "I 205", "source:hgv:national_network": "https://www.ecfr.gov/current/title-23/chapter-I/subchapter-G/part-658;https://hepgis-usdot.hub.arcgis.com/apps/usdot::national-network-conventional-combination-trucks-map", "surface": "asphalt", "turn:lanes": "through|through|through|merge_to_left"}, "geometry": {"type": "LineString", "coordinates": [[-122.5657876, 45.4825313], [-122.5658123, 45.4829443]]}}, {"type": "Feature", "properties": {"osm_id": 40602089, "bicycle": "no", "destination:lanes": "none|none|none;Powell Boulevard;Division Street", "hgv": "designated", "hgv:national_network": "yes", "highway": "motorway", "lanes": "3", "maxheight": "default", "maxspeed": "55 mph", "oneway": "yes", "placement": "right_of:1", "ref": "I 205", "source:hgv:national_network": "https://www.ecfr.gov/current/title-23/chapter-I/subchapter-G/part-658;https://hepgis-usdot.hub.arcgis.com/apps/usdot::national-network-conventional-combination-trucks-map", "surface": "asphalt", "turn:lanes": "through|through|through;slight_right"}, "geometry": {"type": "LineString", "coordinates": [[-122.5658123, 45.4829443], [-122.5658817, 45.4836814], [-122.5659476, 45.4853371], [-122.5659726, 45.4862683], [-122.565973, 45.4871687], [-122.5659377, 45.4880576], [-122.5658719, 45.4889396], [-122.5657645, 45.4902011], [-122.5657135, 45.49069], [-122.5655925, 45.4917154], [-122.565523, 45.4923526], [-122.5653276, 45.4940251]]}}, {"type": "Feature", "properties": {"osm_id": 40602090, "bicycle": "no", "hgv": "designated", "hgv:national_network": "yes", "highway": "motorway", "lanes": "3", "maxspeed": "55 mph", "oneway": "yes", "placement": "right_of:1", "ref": "I 205", "source:hgv:national_network": "https://www.ecfr.gov/current/title-23/chapter-I/subchapter-G/part-658;https://hepgis-usdot.hub.arcgis.com/apps/usdot::national-network-conventional-combination-trucks-map", "surface": "asphalt"}, "geometry": {"type": "LineString", "coordinates": [[-122.5661191, 45.482537], [-122.5660468, 45.4813324], [-122.5659804, 45.4792975]]}}, {"type": "Feature", "properties": {"osm_id": 40767770, "NHS": "yes", "RLIS:bicycle": "caution_area", "alt_name": "Highway 99E", "bicycle": "yes", "hgv": "designated", "hgv:national_network": "yes", "highway": "primary", "lanes": "2", "maxspeed": "30 mph", "name": "Northeast Martin Luther King Junior Boulevard", "name:etymology": "Martin Luther King Junior", "name:etymology:wikidata": "Q8027", "name:etymology:wikipedia": "en:Martin Luther King Jr.", "oneway": "yes", "ref": "OR 99E", "short_name": "NE MLK Jr Blvd; NE MLK Blvd", "sidewalk:left": "no", "sidewalk:right": "separate", "surface": "asphalt"}, "geometry": {"type": "LineString", "coordinates": [[-122.6614649, 45.5365474], [-122.6615065, 45.5365843], [-122.6615288, 45.5366075], [-122.6615579, 45.5366457], [-122.6615799, 45.5367006], [-122.6615853, 45.5367498], [-122.6615784, 45.5370665], [-122.6615778, 45.5371903]]}}, {"type": "Feature", "properties": {"osm_id": 40794420, "bicycle": "no", "bridge": "yes", "hgv": "designated", "hgv:national_network": "yes", "highway": "motorway", "lanes": "3", "layer": "1", "maxspeed": "55 mph", "oneway": "yes", "placement": "right_of:1", "ref": "I 205", "source:hgv:national_network": "https://www.ecfr.gov/current/title-23/chapter-I/subchapter-G/part-658;https://hepgis-usdot.hub.arcgis.com/apps/usdot::national-network-conventional-combination-trucks-map"}, "geometry": {"type": "LineString", "coordinates": [[-122.5657979, 45.4689448], [-122.5659223, 45.4685137], [-122.5660871, 45.4680846]]}}, {"type": "Feature", "properties": {"osm_id": 40794421, "bicycle": "no", "hgv": "designated", "hgv:national_network": "yes", "highway": "motorway", "lanes": "3", "maxspeed": "55 mph", "oneway": "yes", "placement": "right_of:1", "ref": "I 205", "source:hgv:national_network": "https://www.ecfr.gov/current/title-23/chapter-I/subchapter-G/part-658;https://hepgis-usdot.hub.arcgis.com/apps/usdot::national-network-conventional-combination-trucks-map"}, "geometry": {"type": "LineString", "coordinates": [[-122.5653924, 45.4689597], [-122.5653013, 45.4693587], [-122.5652413, 45.4697703], [-122.5652079, 45.4701393], [-122.5651927, 45.4704674], [-122.5651972, 45.4710544], [-122.5652231, 45.4716608], [-122.565239, 45.4725307]]}}, {"type": "Feature", "properties": {"osm_id": 40794430, "bicycle": "no", "bridge": "yes", "hgv": "designated", "hgv:national_network": "yes", "highway": "motorway", "lanes": "3", "layer": "1", "maxspeed": "55 mph", "oneway": "yes", "placement": "right_of:1", "ref": "I 205", "source:hgv:national_network": "https://www.ecfr.gov/current/title-23/chapter-I/subchapter-G/part-658;https://hepgis-usdot.hub.arcgis.com/apps/usdot::national-network-conventional-combination-trucks-map"}, "geometry": {"type": "LineString", "coordinates": [[-122.5656779, 45.4680577], [-122.5655179, 45.4685073], [-122.5653924, 45.4689597]]}}, {"type": "Feature", "properties": {"osm_id": 40794439, "bicycle": "no", "hgv": "designated", "hgv:national_network": "yes", "highway": "motorway", "lanes": "3", "maxspeed": "55 mph", "oneway": "yes", "placement": "right_of:1", "ref": "I 205", "source:hgv:national_network": "https://www.ecfr.gov/current/title-23/chapter-I/subchapter-G/part-658;https://hepgis-usdot.hub.arcgis.com/apps/usdot::national-network-conventional-combination-trucks-map"}, "geometry": {"type": "LineString", "coordinates": [[-122.5660871, 45.4680846], [-122.5663371, 45.4675322], [-122.5665852, 45.4670892], [-122.5668293, 45.4667055], [-122.5670519, 45.466396], [-122.5673765, 45.4659859], [-122.5677627, 45.4655504], [-122.5682341, 45.4650517]]}}, {"type": "Feature", "properties": {"osm_id": 41230653, "bicycle": "no", "bridge": "yes", "hgv": "designated", "hgv:national_network": "yes", "highway": "motorway", "lanes": "4", "layer": "1", "maxheight": "default", "maxspeed": "55 mph", "oneway": "yes", "placement": "right_of:1", "ref": "I 205", "source:hgv:national_network": "https://www.ecfr.gov/current/title-23/chapter-I/subchapter-G/part-658;https://hepgis-usdot.hub.arcgis.com/apps/usdot::national-network-conventional-combination-trucks-map"}, "geometry": {"type": "LineString", "coordinates": [[-122.5495994, 45.571325], [-122.5497784, 45.5711866], [-122.5502313, 45.5708469]]}}, {"type": "Feature", "properties": {"osm_id": 42230757, "bicycle": "no", "bridge": "yes", "description": "Stadium Freeway Highway #61 - Roadway #1", "destination:lanes": "Seattle|Seattle|Kerby Avenue", "foot": "no", "hgv": "designated", "hgv:national_network": "yes", "highway": "motorway", "lanes": "3", "layer": "2", "lit": "yes", "maxspeed": "50 mph", "name": "Fremont Bridge", "oneway": "yes", "ref": "I 405", "source:hgv:national_network": "https://www.ecfr.gov/current/title-23/chapter-I/subchapter-G/part-658;https://hepgis-usdot.hub.arcgis.com/apps/usdot::national-network-conventional-combination-trucks-map", "surface": "asphalt", "turn:lanes": "none|none|slight_right"}, "geometry": {"type": "LineString", "coordinates": [[-122.6797012, 45.5406141], [-122.6784883, 45.5416001]]}}, {"type": "Feature", "properties": {"osm_id": 42231802, "bicycle": "no", "cutting": "yes", "description": "Stadium Freeway Highway #61", "destination:lanes": "||Salmon Street;Providence Park", "foot": "no", "hgv": "designated", "hgv:national_network": "yes", "highway": "motorway", "lanes": "3", "maxspeed": "50 mph", "oneway": "yes", "ref": "I 405", "source:hgv:national_network": "https://www.ecfr.gov/current/title-23/chapter-I/subchapter-G/part-658;https://hepgis-usdot.hub.arcgis.com/apps/usdot::national-network-conventional-combination-trucks-map", "surface": "asphalt", "turn:lanes": "||slight_right"}, "geometry": {"type": "LineString", "coordinates": [[-122.687852, 45.5104804], [-122.6880122, 45.510609], [-122.6882736, 45.5108982], [-122.6885554, 45.5112803], [-122.6887973, 45.5116505], [-122.6890088, 45.5120358], [-122.6891229, 45.5122748], [-122.6892155, 45.5125133], [-122.6893184, 45.5128451], [-122.6893497, 45.5131701], [-122.689352, 45.5134221], [-122.6893445, 45.5135393], [-122.6893154, 45.5137983]]}}, {"type": "Feature", "properties": {"osm_id": 43250036, "bicycle": "no", "bridge": "yes", "description": "Pacific Highway #1", "hgv": "designated", "hgv:national_network": "yes", "highway": "motorway", "lanes": "2", "layer": "1", "lit": "yes", "maxspeed": "50 mph", "official_name": "Pacific Highway #1;Korean War Veterans Memorial Highway;Purple Heart Trail", "oneway": "yes", "ref": "I 5", "source:hgv:national_network": "https://www.ecfr.gov/current/title-23/chapter-I/subchapter-G/part-658;https://hepgis-usdot.hub.arcgis.com/apps/usdot::national-network-conventional-combination-trucks-map", "surface": "asphalt"}, "geometry": {"type": "LineString", "coordinates": [[-122.6734638, 45.5424746], [-122.6753322, 45.5440259]]}}, {"type": "Feature", "properties": {"osm_id": 44791476, "NHS": "yes", "alt_name": "Highway 99E", "bridge": "yes", "description": "Pacific Highway East #1E (81)", "expressway": "yes", "foot": "no", "hgv": "designated", "hgv:national_network": "yes", "highway": "primary", "lanes": "2", "layer": "1", "maxspeed": "55 mph", "name": "Northeast Martin Luther King Junior Boulevard", "name:etymology": "Martin Luther King Junior", "name:etymology:wikidata": "Q8027", "name:etymology:wikipedia": "en:Martin Luther King Jr.", "old_ref": "US 99E", "oneway": "yes", "ref": "OR 99E", "short_name": "NE MLK Jr Blvd", "sidewalk": "no", "surface": "asphalt"}, "geometry": {"type": "LineString", "coordinates": [[-122.6644456, 45.5869613], [-122.6639512, 45.5861008]]}}, {"type": "Feature", "properties": {"osm_id": 44791492, "NHS": "yes", "alt_name": "Highway 99E", "bicycle": "use_sidepath", "bridge": "yes", "description": "Pacific Highway East #1E (81)", "expressway": "yes", "foot": "yes", "hgv": "designated", "hgv:national_network": "yes", "highway": "primary", "lanes": "2", "layer": "1", "maxspeed": "55 mph", "name": "Northeast Martin Luther King Junior Boulevard", "name:etymology": "Martin Luther King Junior", "name:etymology:wikidata": "Q8027", "name:etymology:wikipedia": "en:Martin Luther King Jr.", "old_ref": "US 99E", "oneway": "yes", "ref": "OR 99E", "short_name": "NE MLK Jr Blvd", "sidewalk:right": "separate", "surface": "asphalt"}, "geometry": {"type": "LineString", "coordinates": [[-122.6638335, 45.5861017], [-122.6643548, 45.5870087]]}}, {"type": "Feature", "properties": {"osm_id": 44791498, "NHS": "yes", "alt_name": "Highway 99E", "bicycle": "designated", "cycleway:right": "lane", "cycleway:right:buffer": "yes", "description": "Pacific Highway East #1E (81)", "expressway": "yes", "foot": "yes", "hgv": "designated", "hgv:national_network": "yes", "highway": "primary", "lanes": "2", "maxspeed": "55 mph", "name": "Northeast Martin Luther King Junior Boulevard", "name:etymology": "Martin Luther King Junior", "name:etymology:wikidata": "Q8027", "name:etymology:wikipedia": "en:Martin Luther King Jr.", "old_ref": "US 99E", "oneway": "yes", "ref": "OR 99E", "short_name": "NE MLK Jr Blvd", "sidewalk": "no", "surface": "asphalt"}, "geometry": {"type": "LineString", "coordinates": [[-122.6644617, 45.587189], [-122.6647918, 45.5877742], [-122.665972, 45.5898217]]}}, {"type": "Feature", "properties": {"osm_id": 44791571, "NHS": "yes", "alt_name": "Highway 99E", "cycleway:right": "shoulder", "description": "Pacific Highway East #1E (81)", "expressway": "yes", "foot": "yes", "hgv": "designated", "hgv:national_network": "yes", "highway": "primary", "lanes": "2", "maxspeed": "55 mph", "name": "Northeast Martin Luther King Junior Boulevard", "name:etymology": "Martin Luther King Junior", "name:etymology:wikidata": "Q8027", "name:etymology:wikipedia": "en:Martin Luther King Jr.", "old_ref": "US 99E", "oneway": "yes", "ref": "OR 99E", "short_name": "NE MLK Jr Blvd", "sidewalk": "no", "surface": "asphalt"}, "geometry": {"type": "LineString", "coordinates": [[-122.663207, 45.5847837], [-122.6624554, 45.5835113], [-122.6620167, 45.5827368], [-122.6616603, 45.5820747]]}}, {"type": "Feature", "properties": {"osm_id": 46418170, "CCGIS:bicycle": "no", "bicycle": "no", "bridge": "yes", "hgv": "designated", "hgv:national_network": "yes", "highway": "motorway", "lanes": "3", "layer": "1", "lit": "yes", "maxspeed": "60 mph", "oneway": "yes", "parking:lane:both": "no_parking", "ref": "I 5", "sidewalk": "no", "source:hgv:national_network": "https://www.ecfr.gov/current/title-23/chapter-I/subchapter-G/part-658;https://hepgis-usdot.hub.arcgis.com/apps/usdot::national-network-conventional-combination-trucks-map"}, "geometry": {"type": "LineString", "coordinates": [[-122.6648949, 45.6319139], [-122.6652146, 45.6313843]]}}, {"type": "Feature", "properties": {"osm_id": 46418171, "CCGIS:bicycle": "no", "bicycle": "no", "bridge": "yes", "hgv": "designated", "hgv:national_network": "yes", "highway": "motorway", "lanes": "3", "layer": "1", "lit": "yes", "maxspeed": "60 mph", "oneway": "yes", "parking:lane:both": "no_parking", "ref": "I 5", "sidewalk": "no", "source:hgv:national_network": "https://www.ecfr.gov/current/title-23/chapter-I/subchapter-G/part-658;https://hepgis-usdot.hub.arcgis.com/apps/usdot::national-network-conventional-combination-trucks-map"}, "geometry": {"type": "LineString", "coordinates": [[-122.6649971, 45.6313223], [-122.6646773, 45.6318501]]}}, {"type": "Feature", "properties": {"osm_id": 46418172, "CCGIS:bicycle": "no", "bicycle": "no", "hgv": "designated", "hgv:national_network": "yes", "highway": "motorway", "lanes": "3", "lit": "yes", "maxspeed": "60 mph", "oneway": "yes", "parking:lane:both": "no_parking", "ref": "I 5", "sidewalk": "no", "source:hgv:national_network": "https://www.ecfr.gov/current/title-23/chapter-I/subchapter-G/part-658;https://hepgis-usdot.hub.arcgis.com/apps/usdot::national-network-conventional-combination-trucks-map", "surface": "asphalt"}, "geometry": {"type": "LineString", "coordinates": [[-122.6646773, 45.6318501], [-122.6631599, 45.6343608]]}}, {"type": "Feature", "properties": {"osm_id": 46418175, "CCGIS:bicycle": "no", "bicycle": "no", "hgv": "designated", "hgv:national_network": "yes", "highway": "motorway", "lanes": "3", "lit": "yes", "maxspeed": "60 mph", "oneway": "yes", "parking:lane:both": "no_parking", "ref": "I 5", "sidewalk": "no", "source": "Yahoo,TIGER", "source:hgv:national_network": "https://www.ecfr.gov/current/title-23/chapter-I/subchapter-G/part-658;https://hepgis-usdot.hub.arcgis.com/apps/usdot::national-network-conventional-combination-trucks-map"}, "geometry": {"type": "LineString", "coordinates": [[-122.6652146, 45.6313843], [-122.666918, 45.6285613]]}}, {"type": "Feature", "properties": {"osm_id": 48432151, "bicycle": "no", "bridge": "yes", "change:lanes": "yes|yes|not_right|no", "destination:lanes": "||Airport Way;Portland Airport|Airport Way West;Portland Airport", "hgv": "designated", "hgv:national_network": "yes", "highway": "motorway", "lanes": "4", "layer": "1", "maxspeed": "55 mph", "oneway": "yes", "placement": "right_of:1", "ref": "I 205", "source:hgv:national_network": "https://www.ecfr.gov/current/title-23/chapter-I/subchapter-G/part-658;https://hepgis-usdot.hub.arcgis.com/apps/usdot::national-network-conventional-combination-trucks-map", "surface": "asphalt", "turn:lanes": "through|through|through;slight_right|slight_right"}, "geometry": {"type": "LineString", "coordinates": [[-122.5555226, 45.5664228], [-122.5547547, 45.5669928], [-122.554673, 45.5670554]]}}, {"type": "Feature", "properties": {"osm_id": 48432155, "bicycle": "no", "hgv": "designated", "hgv:national_network": "yes", "highway": "motorway", "lanes": "3", "maxspeed": "55 mph", "oneway": "yes", "placement": "right_of:1", "ref": "I 205", "source:hgv:national_network": "https://www.ecfr.gov/current/title-23/chapter-I/subchapter-G/part-658;https://hepgis-usdot.hub.arcgis.com/apps/usdot::national-network-conventional-combination-trucks-map"}, "geometry": {"type": "LineString", "coordinates": [[-122.5518648, 45.5692074], [-122.5511581, 45.5697365], [-122.5504773, 45.5702615], [-122.5499361, 45.5706876]]}}, {"type": "Feature", "properties": {"osm_id": 48432157, "bicycle": "no", "bridge": "yes", "hgv": "designated", "hgv:national_network": "yes", "highway": "motorway", "lanes": "4", "layer": "1", "lit": "yes", "maxspeed": "55 mph", "oneway": "yes", "placement": "right_of:1", "ref": "I 205", "source:hgv:national_network": "https://www.ecfr.gov/current/title-23/chapter-I/subchapter-G/part-658;https://hepgis-usdot.hub.arcgis.com/apps/usdot::national-network-conventional-combination-trucks-map", "surface": "asphalt"}, "geometry": {"type": "LineString", "coordinates": [[-122.5551729, 45.5671684], [-122.5561479, 45.5664329]]}}, {"type": "Feature", "properties": {"osm_id": 49098926, "bicycle": "no", "bridge": "yes", "description": "Stadium Freeway Highway #61 - Roadway #2", "foot": "no", "hgv": "designated", "hgv:national_network": "yes", "highway": "motorway", "lanes": "3", "layer": "4", "maxspeed": "50 mph", "name": "Fremont Bridge", "oneway": "yes", "ref": "I 405", "source:hgv:national_network": "https://www.ecfr.gov/current/title-23/chapter-I/subchapter-G/part-658;https://hepgis-usdot.hub.arcgis.com/apps/usdot::national-network-conventional-combination-trucks-map", "surface": "asphalt"}, "geometry": {"type": "LineString", "coordinates": [[-122.6782012, 45.5418586], [-122.6788743, 45.5413116], [-122.6796447, 45.5406884]]}}, {"type": "Feature", "properties": {"osm_id": 51758600, "bicycle": "no", "bridge": "yes", "description": "Stadium Freeway Highway #61", "foot": "no", "hgv": "designated", "hgv:national_network": "yes", "highway": "motorway", "lanes": "3", "layer": "3", "maxspeed": "50 mph", "oneway": "yes", "ref": "I 405", "source:hgv:national_network": "https://www.ecfr.gov/current/title-23/chapter-I/subchapter-G/part-658;https://hepgis-usdot.hub.arcgis.com/apps/usdot::national-network-conventional-combination-trucks-map", "surface": "asphalt"}, "geometry": {"type": "LineString", "coordinates": [[-122.686613, 45.5348739], [-122.6867193, 45.5347495], [-122.6868276, 45.5346098], [-122.6868848, 45.534528], [-122.6869483, 45.5344212], [-122.6869926, 45.534328], [-122.6870499, 45.5341896], [-122.6870784, 45.5340979], [-122.6871103, 45.5339906], [-122.6871372, 45.5338592], [-122.6871551, 45.5337215], [-122.6871693, 45.533553], [-122.687173, 45.5334157], [-122.687161, 45.5329309], [-122.6871337, 45.5322199], [-122.6871104, 45.5315423], [-122.6870936, 45.5310901], [-122.6871059, 45.5303508]]}}, {"type": "Feature", "properties": {"osm_id": 51758603, "bicycle": "no", "bridge": "yes", "destination:lanes": "none|none;Greeley Avenue;Swan Island", "hgv": "designated", "hgv:national_network": "yes", "highway": "motorway", "lanes": "2", "layer": "1", "lit": "yes", "maxspeed": "50 mph", "official_name": "Pacific Highway #1;Korean War Veterans Memorial Highway;Purple Heart Trail", "oneway": "yes", "ref": "I 5", "source:hgv:national_network": "https://www.ecfr.gov/current/title-23/chapter-I/subchapter-G/part-658;https://hepgis-usdot.hub.arcgis.com/apps/usdot::national-network-conventional-combination-trucks-map", "surface": "asphalt", "turn:lanes": "none|through;slight_right"}, "geometry": {"type": "LineString", "coordinates": [[-122.671502, 45.5407617], [-122.6716372, 45.5408634], [-122.6718571, 45.5410829], [-122.672137, 45.5413526], [-122.6724344, 45.5416215], [-122.6734638, 45.5424746]]}}, {"type": "Feature", "properties": {"osm_id": 52134998, "bicycle": "designated", "highway": "secondary", "maxspeed": "30 mph", "name": "North Interstate Avenue", "old_ref": "OR 99W (old US 99W)", "oneway": "yes", "sidewalk": "right", "surface": "asphalt"}, "geometry": {"type": "LineString", "coordinates": [[-122.6847374, 45.5832871], [-122.6846419, 45.5832495], [-122.6838145, 45.5829655]]}}, {"type": "Feature", "properties": {"osm_id": 52142542, "footway": "sidewalk", "highway": "footway", "name": "North Interstate Avenue"}, "geometry": {"type": "LineString", "coordinates": [[-122.6681301, 45.5305366], [-122.6678658, 45.5304275], [-122.667262, 45.530164]]}}, {"type": "Feature", "properties": {"osm_id": 52329553, "NHS": "yes", "alt_name": "Highway 99E", "bicycle": "designated", "cycleway:right": "lane", "cycleway:right:buffer": "yes", "description": "Pacific Highway East #1E (81)", "expressway": "yes", "hgv": "designated", "hgv:national_network": "yes", "highway": "primary", "lanes": "2", "maxspeed": "55 mph", "name": "North Martin Luther King Junior Boulevard", "name:etymology": "Martin Luther King Junior", "name:etymology:wikidata": "Q8027", "name:etymology:wikipedia": "en:Martin Luther King Jr.", "old_ref": "US 99E", "oneway": "yes", "ref": "OR 99E", "short_name": "N MLK Jr Blvd", "sidewalk": "no", "surface": "asphalt"}, "geometry": {"type": "LineString", "coordinates": [[-122.6705081, 45.5962265], [-122.6702691, 45.5960519], [-122.6700529, 45.5958864], [-122.66978, 45.5956525], [-122.6695937, 45.5954793], [-122.6694136, 45.5952957], [-122.6692541, 45.5951129], [-122.6690875, 45.5949104], [-122.6689364, 45.5947027], [-122.6687534, 45.5944199], [-122.6684547, 45.5939197], [-122.6676784, 45.5925561]]}}, {"type": "Feature", "properties": {"osm_id": 70954743, "bicycle": "yes", "hgv": "designated", "hgv:national_network": "yes", "highway": "motorway", "lanes": "3", "maxspeed": "65 mph", "maxspeed:hgv": "60 mph", "oneway": "yes", "placement": "right_of:1", "ref": "I 205", "source:hgv:national_network": "https://www.ecfr.gov/current/title-23/chapter-I/subchapter-G/part-658;https://hepgis-usdot.hub.arcgis.com/apps/usdot::national-network-conventional-combination-trucks-map", "surface": "asphalt"}, "geometry": {"type": "LineString", "coordinates": [[-122.7424237, 45.3721897], [-122.7416167, 45.3723898], [-122.7410273, 45.3725308], [-122.7405317, 45.3726394], [-122.7400128, 45.3727429], [-122.7395705, 45.372818], [-122.7390513, 45.3729057], [-122.7386421, 45.372968], [-122.7381689, 45.3730299], [-122.737481, 45.373112], [-122.7370216, 45.3731548], [-122.7365649, 45.373194], [-122.7360418, 45.3732298], [-122.7356126, 45.3732516], [-122.73503, 45.3732697], [-122.7342348, 45.3732822], [-122.7335497, 45.3732733], [-122.7328441, 45.3732505], [-122.7318441, 45.3732123], [-122.7306386, 45.3731654], [-122.7295645, 45.3731394], [-122.7287043, 45.3731355], [-122.7282127, 45.3731373]]}}, {"type": "Feature", "properties": {"osm_id": 70954943, "bicycle": "yes", "hgv": "designated", "hgv:national_network": "yes", "highway": "motorway", "lanes": "3", "maxspeed": "65 mph", "maxspeed:hgv": "60 mph", "oneway": "yes", "placement": "right_of:1", "ref": "I 205", "source:hgv:national_network": "https://www.ecfr.gov/current/title-23/chapter-I/subchapter-G/part-658;https://hepgis-usdot.hub.arcgis.com/apps/usdot::national-network-conventional-combination-trucks-map", "surface": "asphalt"}, "geometry": {"type": "LineString", "coordinates": [[-122.7121539, 45.3720993], [-122.7128808, 45.3722559], [-122.7133783, 45.3723595], [-122.713866, 45.3724553], [-122.7142745, 45.3725317], [-122.7147746, 45.3726221], [-122.7152108, 45.3726958], [-122.7159808, 45.3728219], [-122.7166589, 45.3729231], [-122.7171701, 45.37299], [-122.7177405, 45.3730677], [-122.7182951, 45.3731338], [-122.7190191, 45.3732125], [-122.7196361, 45.3732759], [-122.7201548, 45.373322], [-122.720917, 45.3733835], [-122.7216076, 45.3734341], [-122.722403, 45.3734796], [-122.7234079, 45.3735209], [-122.7240993, 45.3735388], [-122.7247632, 45.373551], [-122.725769, 45.3735567], [-122.726892, 45.3735495]]}}, {"type": "Feature", "properties": {"osm_id": 70954944, "bicycle": "yes", "hgv": "designated", "hgv:national_network": "yes", "highway": "motorway", "lanes": "2", "maxheight:signed": "no", "maxspeed": "65 mph", "maxspeed:hgv": "60 mph", "oneway": "yes", "ref": "I 205", "source:hgv:national_network": "https://www.ecfr.gov/current/title-23/chapter-I/subchapter-G/part-658;https://hepgis-usdot.hub.arcgis.com/apps/usdot::national-network-conventional-combination-trucks-map", "surface": "asphalt"}, "geometry": {"type": "LineString", "coordinates": [[-122.7123234, 45.371647], [-122.7105539, 45.3712172], [-122.7090281, 45.3708029], [-122.7074126, 45.3703124], [-122.705101, 45.369607], [-122.7037285, 45.369227], [-122.7015178, 45.3686638], [-122.7002121, 45.3683523], [-122.6988635, 45.3680495]]}}, {"type": "Feature", "properties": {"osm_id": 83580426, "bicycle": "no", "hgv": "designated", "hgv:national_network": "yes", "highway": "motorway", "lanes": "3", "maxspeed": "55 mph", "noname": "yes", "official_name": "Pacific Highway #1;Korean War Veterans Memorial Highway;Purple Heart Trail", "oneway": "yes", "ref": "I 5", "source:hgv:national_network": "https://www.ecfr.gov/current/title-23/chapter-I/subchapter-G/part-658;https://hepgis-usdot.hub.arcgis.com/apps/usdot::national-network-conventional-combination-trucks-map"}, "geometry": {"type": "LineString", "coordinates": [[-122.6738384, 45.4927903], [-122.6739274, 45.4924761], [-122.6739921, 45.4923057], [-122.6741914, 45.4918388], [-122.674427, 45.491392], [-122.6744802, 45.4912811], [-122.6746276, 45.4910513], [-122.6747833, 45.4908321], [-122.6749667, 45.4905965], [-122.6752039, 45.4903014], [-122.6754958, 45.4899824], [-122.6757225, 45.4897472], [-122.6760979, 45.4894124], [-122.6768563, 45.4887894], [-122.6776867, 45.4881956], [-122.6781671, 45.4878102], [-122.6784796, 45.4875249], [-122.6787617, 45.4872087], [-122.6789222, 45.4869822], [-122.6790421, 45.4867892], [-122.679133, 45.486589], [-122.679189, 45.486477], [-122.6792367, 45.4863369], [-122.6792861, 45.48612], [-122.6793194, 45.485831], [-122.6793296, 45.4855101], [-122.6793209, 45.4853127], [-122.6793016, 45.4850927], [-122.6792578, 45.4846969], [-122.679117, 45.4837175], [-122.6790214, 45.483068], [-122.678976, 45.4825132], [-122.6789531, 45.4822696], [-122.6789384, 45.4820467], [-122.6789317, 45.4816255], [-122.6789259, 45.4807564]]}}, {"type": "Feature", "properties": {"osm_id": 90210357, "NHS": "yes", "RLIS:bicycle": "caution_area", "alt_name": "Highway 99E", "bicycle": "yes", "change:lanes:backward": "no|not_left|yes", "change:lanes:forward": "not_left|yes", "destination:forward": "City Center", "destination:lanes:backward": "Saint Johns Bridge;Astoria|Seattle|Portland Airport;Hood River;Seattle", "destination:ref:lanes:backward": "US 30 Bypass West||US 30 Bypass East", "destination:symbol:forward": "centre", "destination:symbol:lanes:backward": "||airport", "hgv": "designated", "hgv:national_network": "yes", "highway": "primary", "lanes": "5", "lanes:backward": "3", "lanes:forward": "2", "maxspeed": "30 mph", "name": "Northeast Martin Luther King Junior Boulevard", "name:etymology": "Martin Luther King Junior", "name:etymology:wikidata": "Q8027", "name:etymology:wikipedia": "en:Martin Luther King Jr.", "old_name": "Pacific Highway East #1E (81)", "old_ref": "US 99E", "ref": "OR 99E", "short_name": "NE MLK Jr Blvd", "sidewalk": "both", "surface": "asphalt", "turn:lanes:backward": "left||"}, "geometry": {"type": "LineString", "coordinates": [[-122.6613489, 45.5772194], [-122.6613498, 45.5771058], [-122.6613506, 45.5768475], [-122.6613515, 45.57679]]}}, {"type": "Feature", "properties": {"osm_id": 90219304, "NHS": "yes", "alt_name": "Highway 99E", "bicycle": "designated", "cycleway:right": "lane", "cycleway:right:buffer": "no", "description": "Pacific Highway East #1E (81)", "destination:lanes": "||none;Vancouver Avenue;Portland Meadows", "expressway": "yes", "hgv": "designated", "hgv:national_network": "yes", "highway": "primary", "lanes": "3", "maxspeed": "55 mph", "name": "Northeast Martin Luther King Junior Boulevard", "name:etymology": "Martin Luther King Junior", "name:etymology:wikidata": "Q8027", "name:etymology:wikipedia": "en:Martin Luther King Jr.", "old_ref": "US 99E", "oneway": "yes", "placement": "right_of:1", "ref": "OR 99E", "short_name": "NE MLK Jr Blvd", "sidewalk": "no", "surface": "asphalt", "turn:lanes": "||through;slight_right"}, "geometry": {"type": "LineString", "coordinates": [[-122.6668177, 45.5909713], [-122.6664167, 45.5902897]]}}, {"type": "Feature", "properties": {"osm_id": 90219308, "NHS": "yes", "alt_name": "Highway 99E", "bicycle": "designated", "cycleway:right": "lane", "cycleway:right:buffer": "yes", "description": "Pacific Highway East #1E (81)", "expressway": "yes", "foot": "yes", "hgv": "designated", "hgv:national_network": "yes", "highway": "primary", "lanes": "2", "maxspeed": "55 mph", "name": "North Martin Luther King Junior Boulevard", "name:etymology": "Martin Luther King Junior", "name:etymology:wikidata": "Q8027", "name:etymology:wikipedia": "en:Martin Luther King Jr.", "old_ref": "US 99E", "oneway": "yes", "ref": "OR 99E", "short_name": "N MLK Jr Blvd", "sidewalk": "no", "surface": "asphalt"}, "geometry": {"type": "LineString", "coordinates": [[-122.6666855, 45.5910578], [-122.6677284, 45.5928647], [-122.668637, 45.594426], [-122.6688009, 45.5946917], [-122.6689623, 45.594916], [-122.6691281, 45.5951252], [-122.6693008, 45.595321], [-122.6694768, 45.5954978], [-122.6696442, 45.5956586], [-122.6699717, 45.5959375], [-122.6703693, 45.59624], [-122.6709175, 45.5966377], [-122.6724391, 45.5977497], [-122.6737146, 45.5986835], [-122.6748744, 45.5995277], [-122.677656, 45.6015648], [-122.6777722, 45.6015932]]}}, {"type": "Feature", "properties": {"osm_id": 91522030, "bicycle": "designated", "cycleway:right": "lane", "cycleway:right:buffer": "no", "highway": "tertiary", "lanes": "2", "maxspeed": "30 mph", "name": "North Interstate Avenue", "oneway": "yes", "sidewalk": "right"}, "geometry": {"type": "LineString", "coordinates": [[-122.6668031, 45.5296542], [-122.6667152, 45.5296272], [-122.6666619, 45.5296109], [-122.6665845, 45.5295863], [-122.666274, 45.529483]]}}, {"type": "Feature", "properties": {"osm_id": 91522031, "bicycle": "designated", "cycleway:right": "lane", "cycleway:right:buffer": "no", "highway": "tertiary", "lanes": "2", "maxspeed": "30 mph", "name": "North Interstate Avenue", "oneway": "yes", "sidewalk": "right", "surface": "asphalt"}, "geometry": {"type": "LineString", "coordinates": [[-122.6673117, 45.5298179], [-122.6671866, 45.5297721], [-122.6670884, 45.529741], [-122.6670146, 45.5297188]]}}, {"type": "Feature", "properties": {"osm_id": 98662730, "bicycle": "no", "description": "Pacific Highway #1", "hgv": "designated", "hgv:national_network": "yes", "highway": "motorway", "lanes": "3", "lit": "yes", "maxspeed": "55 mph", "noname": "yes", "official_name": "Pacific Highway #1;Korean War Veterans Memorial Highway;Purple Heart Trail", "old_name": "West Portland-Hubbard Highway #51", "old_ref": "US 99", "oneway": "yes", "ref": "I 5", "source:hgv:national_network": "https://www.ecfr.gov/current/title-23/chapter-I/subchapter-G/part-658;https://hepgis-usdot.hub.arcgis.com/apps/usdot::national-network-conventional-combination-trucks-map", "surface": "asphalt"}, "geometry": {"type": "LineString", "coordinates": [[-122.7442611, 45.4260509], [-122.7442024, 45.4218111], [-122.7441974, 45.4211797], [-122.744196, 45.4207048], [-122.7441897, 45.4198626], [-122.7441968, 45.4188614], [-122.7441905, 45.4178671], [-122.7441817, 45.4169031], [-122.7441639, 45.4160184], [-122.7441633, 45.4157144]]}}, {"type": "Feature", "properties": {"osm_id": 98662733, "bicycle": "no", "destination:lanes": "none|none|none;Truck Lane", "hgv": "designated", "hgv:national_network": "yes", "highway": "motorway", "lanes": "3", "lit": "yes", "maxspeed": "55 mph", "noname": "yes", "official_name": "Pacific Highway #1;Korean War Veterans Memorial Highway;Purple Heart Trail", "old_ref": "US 99", "oneway": "yes", "ref": "I 5", "source:hgv:national_network": "https://www.ecfr.gov/current/title-23/chapter-I/subchapter-G/part-658;https://hepgis-usdot.hub.arcgis.com/apps/usdot::national-network-conventional-combination-trucks-map", "surface": "asphalt", "turn:lanes": "none|none|through;slight_right"}, "geometry": {"type": "LineString", "coordinates": [[-122.7439305, 45.4378773], [-122.7438616, 45.4380979], [-122.7437707, 45.4383855], [-122.7436282, 45.4387061], [-122.7434503, 45.4390695], [-122.7433064, 45.4393293], [-122.7431435, 45.4396003], [-122.7430266, 45.4397935], [-122.7428794, 45.44001], [-122.7424659, 45.4405385], [-122.7422355, 45.4408159], [-122.7419484, 45.4411485], [-122.7414546, 45.44174]]}}, {"type": "Feature", "properties": {"osm_id": 98750406, "bicycle": "no", "hgv": "designated", "hgv:national_network": "yes", "highway": "motorway", "lanes": "3", "maxspeed": "55 mph", "noname": "yes", "official_name": "Pacific Highway #1;Korean War Veterans Memorial Highway;Purple Heart Trail", "oneway": "yes", "ref": "I 5", "source:hgv:national_network": "https://www.ecfr.gov/current/title-23/chapter-I/subchapter-G/part-658;https://hepgis-usdot.hub.arcgis.com/apps/usdot::national-network-conventional-combination-trucks-map"}, "geometry": {"type": "LineString", "coordinates": [[-122.6734866, 45.4976397], [-122.6735311, 45.4963684], [-122.6735846, 45.4948428], [-122.673621, 45.4939671], [-122.673655, 45.4936206], [-122.6737088, 45.4933409]]}}, {"type": "Feature", "properties": {"osm_id": 98831398, "bicycle": "designated", "cycleway:right": "lane", "cycleway:right:buffer": "no", "highway": "tertiary", "lanes": "2", "maxspeed": "30 mph", "name": "North Interstate Avenue", "old_name": "Pacific Highway West #1W (91)", "old_ref": "OR 99W (old US 99W)", "oneway": "yes", "sidewalk": "both", "surface": "asphalt"}, "geometry": {"type": "LineString", "coordinates": [[-122.6671702, 45.5300377], [-122.667315, 45.5301], [-122.6681844, 45.5304771]]}}, {"type": "Feature", "properties": {"osm_id": 98833361, "bridge": "yes", "destination:lanes": "Seattle|Seattle|Seattle;The Dalles|The Dalles", "hgv": "designated", "hgv:national_network": "yes", "highway": "motorway", "lanes": "4", "layer": "3", "maxspeed": "50 mph", "name": "Marquam Bridge", "official_name": "Pacific Highway #1;Korean War Veterans Memorial Highway;Purple Heart Trail", "oneway": "yes", "ref": "I 5", "source:hgv:national_network": "https://www.ecfr.gov/current/title-23/chapter-I/subchapter-G/part-658;https://hepgis-usdot.hub.arcgis.com/apps/usdot::national-network-conventional-combination-trucks-map", "surface": "asphalt", "turn:lanes": "none|none|through;slight_right|slight_right"}, "geometry": {"type": "LineString", "coordinates": [[-122.6670234, 45.5093253], [-122.6669206, 45.5094614], [-122.666831, 45.5096007], [-122.6667473, 45.5097828], [-122.6667015, 45.5099255], [-122.6666589, 45.5101327], [-122.6666569, 45.5104179], [-122.666666, 45.5105564], [-122.6666937, 45.510699], [-122.6667351, 45.5108549], [-122.6667736, 45.5109647], [-122.666819, 45.5110831], [-122.6669379, 45.5113209], [-122.667318, 45.5120044]]}}, {"type": "Feature", "properties": {"osm_id": 98833497, "bicycle": "no", "bridge": "yes", "hgv": "designated", "hgv:national_network": "yes", "highway": "motorway", "lanes": "4", "layer": "2", "maxspeed": "50 mph", "name": "Marquam Bridge", "official_name": "Pacific Highway #1;Korean War Veterans Memorial Highway;Purple Heart Trail", "oneway": "yes", "ref": "I 5", "source:hgv:national_network": "https://www.ecfr.gov/current/title-23/chapter-I/subchapter-G/part-658;https://hepgis-usdot.hub.arcgis.com/apps/usdot::national-network-conventional-combination-trucks-map", "surface": "asphalt"}, "geometry": {"type": "LineString", "coordinates": [[-122.6675206, 45.511712], [-122.6671627, 45.5113067], [-122.6669472, 45.5110296], [-122.6668575, 45.5108942], [-122.6667907, 45.5107314], [-122.666731, 45.5105599], [-122.6666896, 45.5103732], [-122.6666848, 45.5101335], [-122.6667223, 45.5099308], [-122.6667706, 45.5097934], [-122.6668611, 45.5096047], [-122.6669896, 45.5094065], [-122.667128, 45.5092363]]}}, {"type": "Feature", "properties": {"osm_id": 98835862, "bridge": "yes", "hgv": "designated", "hgv:national_network": "yes", "highway": "motorway", "lanes": "3", "layer": "2", "maxspeed": "50 mph", "name": "Marquam Bridge", "official_name": "Pacific Highway #1;Korean War Veterans Memorial Highway;Purple Heart Trail", "oneway": "yes", "ref": "I 5", "source:hgv:national_network": "https://www.ecfr.gov/current/title-23/chapter-I/subchapter-G/part-658;https://hepgis-usdot.hub.arcgis.com/apps/usdot::national-network-conventional-combination-trucks-map", "surface": "asphalt"}, "geometry": {"type": "LineString", "coordinates": [[-122.6677128, 45.5130172], [-122.6677423, 45.5132313], [-122.6677518, 45.5134091], [-122.6677523, 45.5136084], [-122.6677409, 45.5138378], [-122.6677179, 45.5140518], [-122.6676754, 45.5143306], [-122.6676165, 45.5146082], [-122.6675455, 45.5148886]]}}, {"type": "Feature", "properties": {"osm_id": 98965898, "access:lanes": "yes|yes|yes", "access:lanes:conditional": "no|yes|yes @ Mo-Fr 15:00-18:00", "bicycle": "no", "bus:lanes": "designated||", "hgv": "designated", "highway": "motorway", "hov:lanes": "designated||", "hov:minimum": "2", "lanes": "3", "lit": "yes", "maxspeed": "55 mph", "motorcycle:lanes": "designated||", "noname": "yes", "official_name": "Pacific Highway #1;Korean War Veterans Memorial Highway;Purple Heart Trail", "oneway": "yes", "ref": "I 5", "sidewalk": "no", "surface": "asphalt"}, "geometry": {"type": "LineString", "coordinates": [[-122.6793953, 45.5849143], [-122.6801024, 45.5864606], [-122.6805253, 45.5873861]]}}, {"type": "Feature", "properties": {"osm_id": 99028700, "CCGIS:bicycle": "no", "alt_name": "Pacific Highway", "bicycle": "no", "bridge": "yes", "cycleway:left": "no", "cycleway:right": "separate", "hgv": "designated", "hgv:national_network": "yes", "highway": "motorway", "lanes": "3", "layer": "1", "lit": "yes", "maxspeed": "50 mph", "name": "Interstate Bridge", "old_ref": "US 99; PSH 1", "oneway": "yes", "parking:both": "no", "parking:both:restriction": "no_stopping", "ref": "I 5", "sidewalk:left": "no", "sidewalk:right": "separate", "source:hgv:national_network": "https://www.ecfr.gov/current/title-23/chapter-I/subchapter-G/part-658;https://hepgis-usdot.hub.arcgis.com/apps/usdot::national-network-conventional-combination-trucks-map", "surface": "asphalt"}, "geometry": {"type": "LineString", "coordinates": [[-122.6750744, 45.6180681], [-122.6746185, 45.6188315], [-122.6743345, 45.6193072], [-122.6742541, 45.6194415], [-122.6742185, 45.619501], [-122.6739436, 45.619963], [-122.6738313, 45.6201518]]}}, {"type": "Feature", "properties": {"osm_id": 99028701, "bicycle": "no", "bridge": "yes", "bridge:name": "Interstate Bridge", "cycleway:left": "no", "cycleway:right": "separate", "destination:lanes": "||none;Hayden Island;ODOT Permits", "hgv": "designated", "hgv:national_network": "yes", "highway": "motorway", "lanes": "3", "layer": "1", "lit": "yes", "maxspeed": "50 mph", "name": "Interstate Bridge", "official_name": "Pacific Highway #1;Korean War Veterans Memorial Highway;Purple Heart Trail", "old_ref": "US 99", "oneway": "yes", "ref": "I 5", "sidewalk:left": "no", "sidewalk:right": "separate", "source:hgv:national_network": "https://www.ecfr.gov/current/title-23/chapter-I/subchapter-G/part-658;https://hepgis-usdot.hub.arcgis.com/apps/usdot::national-network-conventional-combination-trucks-map", "turn:lanes": "||through;slight_right"}, "geometry": {"type": "LineString", "coordinates": [[-122.6753742, 45.6181564], [-122.675416, 45.6180847], [-122.6755204, 45.61791], [-122.678377, 45.6131312]]}}, {"type": "Feature", "properties": {"osm_id": 103693716, "NHS": "yes", "alt_name": "Highway 99E", "description": "Pacific Highway East #1E (81)", "expressway": "yes", "hgv": "designated", "hgv:national_network": "yes", "highway": "primary", "lanes": "2", "maxspeed": "55 mph", "name": "Northeast Martin Luther King Junior Boulevard", "name:etymology": "Martin Luther King Junior", "name:etymology:wikidata": "Q8027", "name:etymology:wikipedia": "en:Martin Luther King Jr.", "old_ref": "US 99E", "oneway": "yes", "ref": "OR 99E", "short_name": "NE MLK Jr Blvd", "sidewalk": "no", "surface": "asphalt"}, "geometry": {"type": "LineString", "coordinates": [[-122.6649823, 45.5878887], [-122.6646931, 45.5873848]]}}, {"type": "Feature", "properties": {"osm_id": 105812537, "bicycle": "no", "description": "Pacific Highway #1", "hgv": "designated", "hgv:national_network": "yes", "highway": "motorway", "lanes": "3", "lit": "yes", "maxspeed": "55 mph", "noname": "yes", "official_name": "Pacific Highway #1;Korean War Veterans Memorial Highway;Purple Heart Trail", "old_name": "West Portland-Hubbard Highway #51", "old_ref": "US 99", "oneway": "yes", "ref": "I 5", "source:hgv:national_network": "https://www.ecfr.gov/current/title-23/chapter-I/subchapter-G/part-658;https://hepgis-usdot.hub.arcgis.com/apps/usdot::national-network-conventional-combination-trucks-map", "surface": "asphalt"}, "geometry": {"type": "LineString", "coordinates": [[-122.7440607, 45.4312735], [-122.7440673, 45.4314972], [-122.744078, 45.4327797], [-122.7440858, 45.4335209], [-122.7440801, 45.434921]]}}, {"type": "Feature", "properties": {"osm_id": 105812541, "bicycle": "no", "description": "Pacific Highway #1", "hgv": "designated", "hgv:national_network": "yes", "highway": "motorway", "lanes": "4", "lit": "yes", "maxspeed": "55 mph", "noname": "yes", "official_name": "Pacific Highway #1;Korean War Veterans Memorial Highway;Purple Heart Trail", "old_name": "West Portland-Hubbard Highway #51", "old_ref": "US 99", "oneway": "yes", "ref": "I 5", "source:hgv:national_network": "https://www.ecfr.gov/current/title-23/chapter-I/subchapter-G/part-658;https://hepgis-usdot.hub.arcgis.com/apps/usdot::national-network-conventional-combination-trucks-map", "surface": "asphalt"}, "geometry": {"type": "LineString", "coordinates": [[-122.7441314, 45.4076179], [-122.744172, 45.4070194], [-122.7442436, 45.4063763], [-122.7442886, 45.4060006], [-122.7443352, 45.4056501], [-122.7444276, 45.4050736], [-122.7447143, 45.4036177]]}}, {"type": "Feature", "properties": {"osm_id": 114603092, "bicycle": "no", "bridge": "yes", "hgv": "designated", "hgv:national_network": "yes", "highway": "motorway", "lanes": "3", "layer": "1", "maxspeed": "55 mph", "oneway": "yes", "placement": "right_of:1", "ref": "I 205", "source:hgv:national_network": "https://www.ecfr.gov/current/title-23/chapter-I/subchapter-G/part-658;https://hepgis-usdot.hub.arcgis.com/apps/usdot::national-network-conventional-combination-trucks-map"}, "geometry": {"type": "LineString", "coordinates": [[-122.565239, 45.4725307], [-122.565284, 45.4732698]]}}, {"type": "Feature", "properties": {"osm_id": 116316063, "NHS": "yes", "alt_name": "Highway 99E", "description": "Pacific Highway East #1E (81)", "destination:symbol": "airport", "expressway": "yes", "hgv": "designated", "hgv:national_network": "yes", "highway": "primary", "lanes": "2", "maxspeed": "55 mph", "name": "Northeast Martin Luther King Junior Boulevard", "name:etymology": "Martin Luther King Junior", "name:etymology:wikidata": "Q8027", "name:etymology:wikipedia": "en:Martin Luther King Jr.", "old_ref": "US 99E", "oneway": "yes", "placement": "right_of:1", "ref": "OR 99E", "short_name": "NE MLK Jr Blvd", "sidewalk": "no", "surface": "asphalt"}, "geometry": {"type": "LineString", "coordinates": [[-122.6656423, 45.5889944], [-122.6652795, 45.5883867]]}}, {"type": "Feature", "properties": {"osm_id": 116316065, "bicycle": "designated", "cycleway:right": "lane", "cycleway:right:buffer": "no", "highway": "tertiary", "lanes": "1", "maxspeed": "30 mph", "name": "North Interstate Avenue", "old_ref": "OR 99W (old US 99W)", "oneway": "yes", "sidewalk:left": "no", "sidewalk:right": "separate"}, "geometry": {"type": "LineString", "coordinates": [[-122.6823331, 45.5612315], [-122.6823349, 45.5610201], [-122.6823581, 45.560778], [-122.6823657, 45.5606981], [-122.6823675, 45.5606106], [-122.682363, 45.5605268], [-122.6823435, 45.5602259], [-122.682348, 45.5599403], [-122.6823606, 45.5598087], [-122.682374, 45.5596315], [-122.6823681, 45.5594469]]}}, {"type": "Feature", "properties": {"osm_id": 116316066, "bicycle": "designated", "cycleway:right": "lane", "cycleway:right:buffer": "no", "highway": "tertiary", "lanes": "1", "maxspeed": "30 mph", "name": "North Interstate Avenue", "old_name": "Pacific Highway West #1W (91)", "old_ref": "OR 99W (old US 99W)", "oneway": "yes", "sidewalk:left": "no", "sidewalk:right": "separate"}, "geometry": {"type": "LineString", "coordinates": [[-122.6820927, 45.5546496], [-122.6821405, 45.5547574], [-122.6821636, 45.5548444], [-122.6821779, 45.5549434], [-122.682177, 45.5552612], [-122.6821759, 45.5553736], [-122.6821934, 45.5555016]]}}, {"type": "Feature", "properties": {"osm_id": 117032364, "bicycle": "designated", "highway": "tertiary", "maxspeed": "30 mph", "name": "North Interstate Avenue", "old_name": "Pacific Highway West #1W (91)", "old_ref": "OR 99W (old US 99W)", "oneway": "yes", "sidewalk": "right"}, "geometry": {"type": "LineString", "coordinates": [[-122.6822276, 45.5713881], [-122.682229, 45.571347], [-122.6822405, 45.5711265], [-122.6822678, 45.5707331], [-122.6822463, 45.5704804]]}}, {"type": "Feature", "properties": {"osm_id": 117032371, "bicycle": "designated", "cycleway:left": "lane", "cycleway:left:buffer": "no", "highway": "secondary", "maxspeed": "30 mph", "name": "North Interstate Avenue", "old_ref": "OR 99W (old US 99W)", "sidewalk": "both", "surface": "asphalt", "turn:lanes:backward": "left|"}, "geometry": {"type": "LineString", "coordinates": [[-122.686678, 45.5840409], [-122.6865233, 45.5839656], [-122.6863075, 45.5838762]]}}, {"type": "Feature", "properties": {"osm_id": 117032383, "bicycle": "designated", "cycleway:right": "lane", "cycleway:right:buffer": "no", "highway": "secondary", "lanes": "1", "maxspeed": "30 mph", "maxspeed:advisory": "25 mph", "name": "North Interstate Avenue", "old_ref": "OR 99W (old US 99W)", "oneway": "yes", "sidewalk": "right"}, "geometry": {"type": "LineString", "coordinates": [[-122.6826899, 45.5825717], [-122.6825738, 45.5825097], [-122.6825072, 45.5824634], [-122.6824344, 45.5824014], [-122.6823566, 45.5823187], [-122.682292, 45.5822378], [-122.6822239, 45.5821219], [-122.6821831, 45.5820088], [-122.6821582, 45.5819149], [-122.6821513, 45.5818014], [-122.6821483, 45.5816826]]}}, {"type": "Feature", "properties": {"osm_id": 117032394, "bicycle": "designated", "cycleway:right": "lane", "cycleway:right:buffer": "no", "highway": "tertiary", "lane_markings": "yes", "lanes": "1", "maxspeed": "30 mph", "name": "North Interstate Avenue", "old_name": "Pacific Highway West #1W (91)", "old_ref": "OR 99W (old US 99W)", "oneway": "yes", "sidewalk": "right", "surface": "asphalt"}, "geometry": {"type": "LineString", "coordinates": [[-122.6820141, 45.5752795], [-122.6820157, 45.5753733], [-122.6820236, 45.5755493], [-122.6820243, 45.5755953], [-122.6820233, 45.5756411], [-122.6820073, 45.5757536], [-122.6820027, 45.5758357], [-122.6820098, 45.5763072], [-122.6820018, 45.5764099]]}}, {"type": "Feature", "properties": {"osm_id": 117045375, "NHS": "yes", "RLIS:bicycle": "caution_area", "alt_name": "Highway 99E", "bicycle": "yes", "hgv": "designated", "hgv:national_network": "yes", "highway": "primary", "lanes": "5", "lanes:backward": "2", "lanes:forward": "3", "maxspeed": "30 mph", "name": "Northeast Martin Luther King Junior Boulevard", "name:etymology": "Martin Luther King Junior", "name:etymology:wikidata": "Q8027", "name:etymology:wikipedia": "en:Martin Luther King Jr.", "ref": "OR 99E", "short_name": "NE MLK Jr Blvd; NE MLK Blvd", "sidewalk": "both", "surface": "asphalt", "turn:lanes:forward": "left||"}, "geometry": {"type": "LineString", "coordinates": [[-122.6615387, 45.5558507], [-122.661528, 45.5555515], [-122.6615268, 45.5555027]]}}, {"type": "Feature", "properties": {"osm_id": 117058376, "bicycle": "designated", "cycleway:right": "lane", "cycleway:right:buffer": "no", "highway": "tertiary", "lanes": "1", "maxspeed": "30 mph", "name": "North Interstate Avenue", "old_name": "Pacific Highway West #1W (91)", "old_ref": "OR 99W (old US 99W)", "oneway": "yes", "sidewalk": "right"}, "geometry": {"type": "LineString", "coordinates": [[-122.6777925, 45.5448662], [-122.677734, 45.544797], [-122.6776387, 45.5446676]]}}, {"type": "Feature", "properties": {"osm_id": 117315142, "bicycle": "designated", "cycleway:right": "lane", "cycleway:right:buffer": "no", "highway": "tertiary", "lanes": "1", "maxspeed": "30 mph", "name": "North Interstate Avenue", "old_name": "Pacific Highway West #1W (91)", "old_ref": "OR 99W (old US 99W)", "oneway": "yes", "sidewalk:left": "no", "sidewalk:right": "separate"}, "geometry": {"type": "LineString", "coordinates": [[-122.6808901, 45.5479942], [-122.6808892, 45.5480999], [-122.6808856, 45.5485389], [-122.680885, 45.548611], [-122.6808854, 45.548831]]}}, {"type": "Feature", "properties": {"osm_id": 117315149, "bicycle": "no", "hgv": "designated", "hgv:national_network": "yes", "highway": "motorway", "lanes": "4", "lit": "yes", "maxspeed": "55 mph", "noname": "yes", "official_name": "Pacific Highway #1;Korean War Veterans Memorial Highway;Purple Heart Trail", "oneway": "yes", "placement": "middle_of:2", "ref": "I 5", "sidewalk": "no", "source:hgv:national_network": "https://www.ecfr.gov/current/title-23/chapter-I/subchapter-G/part-658;https://hepgis-usdot.hub.arcgis.com/apps/usdot::national-network-conventional-combination-trucks-map", "surface": "asphalt"}, "geometry": {"type": "LineString", "coordinates": [[-122.6785922, 45.5483134], [-122.6785874, 45.5487666]]}}, {"type": "Feature", "properties": {"osm_id": 117315155, "bicycle": "designated", "cycleway:right": "lane", "cycleway:right:buffer": "no", "highway": "tertiary", "lanes": "1", "maxspeed": "30 mph", "name": "North Interstate Avenue", "old_name": "Pacific Highway West #1W (91)", "old_ref": "OR 99W (old US 99W)", "oneway": "yes", "sidewalk": "right"}, "geometry": {"type": "LineString", "coordinates": [[-122.6811148, 45.5478081], [-122.6811215, 45.5477197], [-122.6810918, 45.5473342], [-122.6810797, 45.5472381], [-122.6810594, 45.5471454], [-122.6810013, 45.5469991], [-122.6809417, 45.5468967], [-122.6808859, 45.5468153], [-122.6807378, 45.5466692], [-122.6806462, 45.5466031], [-122.6805333, 45.5465309], [-122.6790547, 45.5457394], [-122.678703, 45.545552], [-122.6785687, 45.5454781], [-122.6784173, 45.54539], [-122.6783028, 45.5453164], [-122.678171, 45.5452211], [-122.6780717, 45.5451414], [-122.677994, 45.5450721], [-122.6779074, 45.5449877], [-122.6777925, 45.5448662]]}}, {"type": "Feature", "properties": {"osm_id": 117315159, "bicycle": "designated", "cycleway:right": "shared_lane", "highway": "tertiary", "lanes": "1", "maxspeed": "30 mph", "maxspeed:conditional": "20 mph @ (school_days 07:00-17:00)", "name": "North Interstate Avenue", "old_name": "Pacific Highway West #1W (91)", "old_ref": "OR 99W (old US 99W)", "oneway": "yes", "sidewalk:left": "no", "sidewalk:right": "separate"}, "geometry": {"type": "LineString", "coordinates": [[-122.6821369, 45.5619092], [-122.6821337, 45.5619409]]}}, {"type": "Feature", "properties": {"osm_id": 117315169, "bicycle": "no", "description": "Pacific Highway #1", "hgv": "designated", "hgv:national_network": "yes", "highway": "motorway", "lanes": "2", "lit": "yes", "maxspeed": "50 mph", "noname": "yes", "official_name": "Pacific Highway #1;Korean War Veterans Memorial Highway;Purple Heart Trail", "oneway": "yes", "ref": "I 5", "sidewalk": "no", "source": "Yahoo,ODOT", "source:hgv:national_network": "https://www.ecfr.gov/current/title-23/chapter-I/subchapter-G/part-658;https://hepgis-usdot.hub.arcgis.com/apps/usdot::national-network-conventional-combination-trucks-map", "surface": "asphalt"}, "geometry": {"type": "LineString", "coordinates": [[-122.6787532, 45.5480746], [-122.6787308, 45.5478167], [-122.6786974, 45.5476269], [-122.6786607, 45.5474666], [-122.6786194, 45.5473129], [-122.678556, 45.5471382], [-122.678467, 45.5469233], [-122.6783614, 45.546714], [-122.6781932, 45.5464381], [-122.6780148, 45.5462029], [-122.6778891, 45.546057], [-122.6776601, 45.5458288], [-122.6774759, 45.5456592], [-122.6772688, 45.5454818], [-122.6767084, 45.5450192]]}}, {"type": "Feature", "properties": {"osm_id": 117445992, "access": "yes", "access:lanes:conditional": "no|yes|yes @ Mo-Fr 15:00-18:00", "bicycle": "no", "bus:lanes": "designated||", "cycleway:both": "no", "hgv": "designated", "highway": "motorway", "hov:lanes": "designated||", "hov:minimum": "2", "lanes": "3", "lit": "yes", "maxspeed": "50 mph", "motorcycle:lanes": "designated||", "noname": "yes", "official_name": "Pacific Highway #1;Korean War Veterans Memorial Highway;Purple Heart Trail", "oneway": "yes", "ref": "I 5", "sidewalk": "no", "surface": "asphalt"}, "geometry": {"type": "LineString", "coordinates": [[-122.6835941, 45.6008792], [-122.6834466, 45.6014023], [-122.6832772, 45.6019603], [-122.683081, 45.6026271], [-122.6828343, 45.6034697], [-122.682378, 45.6050098]]}}, {"type": "Feature", "properties": {"osm_id": 118873795, "bicycle": "no", "bridge": "yes", "description": "Stadium Freeway Highway #61", "foot": "no", "hgv": "designated", "hgv:national_network": "yes", "highway": "motorway", "lanes": "2", "layer": "2", "maxspeed": "50 mph", "oneway": "yes", "ref": "I 405", "source:hgv:national_network": "https://www.ecfr.gov/current/title-23/chapter-I/subchapter-G/part-658;https://hepgis-usdot.hub.arcgis.com/apps/usdot::national-network-conventional-combination-trucks-map", "surface": "asphalt"}, "geometry": {"type": "LineString", "coordinates": [[-122.6745317, 45.5046949], [-122.674763, 45.5048762], [-122.6750161, 45.5050401], [-122.6752033, 45.505129], [-122.6753862, 45.5052086], [-122.6756022, 45.505285], [-122.6758234, 45.5053462], [-122.6760036, 45.5053816], [-122.6761622, 45.5054089], [-122.6762535, 45.5054224]]}}, {"type": "Feature", "properties": {"osm_id": 119007701, "bicycle": "no", "hgv": "designated", "hgv:national_network": "yes", "highway": "motorway", "lanes": "3", "maxspeed": "55 mph", "noname": "yes", "official_name": "Pacific Highway #1;Korean War Veterans Memorial Highway;Purple Heart Trail", "oneway": "yes", "ref": "I 5", "source:hgv:national_network": "https://www.ecfr.gov/current/title-23/chapter-I/subchapter-G/part-658;https://hepgis-usdot.hub.arcgis.com/apps/usdot::national-network-conventional-combination-trucks-map", "surface": "asphalt"}, "geometry": {"type": "LineString", "coordinates": [[-122.6735523, 45.4931483], [-122.6735157, 45.4933321], [-122.6734732, 45.4935962], [-122.6734148, 45.4942838], [-122.673387, 45.4952666], [-122.673343, 45.4963222], [-122.6733004, 45.4973444], [-122.6732559, 45.4978991]]}}, {"type": "Feature", "properties": {"osm_id": 119667292, "NHS": "yes", "RLIS:bicycle": "caution_area", "alt_name": "Highway 99E", "bicycle": "yes", "cycleway:right": "no", "hgv": "designated", "hgv:national_network": "yes", "highway": "primary", "lanes": "2", "maxspeed": "30 mph", "name": "Northeast Martin Luther King Junior Boulevard", "name:etymology": "Martin Luther King Junior", "name:etymology:wikidata": "Q8027", "name:etymology:wikipedia": "en:Martin Luther King Jr.", "old_name": "Pacific Highway East #1E (81)", "old_ref": "US 99E", "oneway": "yes", "ref": "OR 99E", "short_name": "NE MLK Jr Blvd; NE MLK Blvd", "sidewalk": "right", "surface": "asphalt"}, "geometry": {"type": "LineString", "coordinates": [[-122.6613716, 45.5627476], [-122.6613699, 45.5628233], [-122.661369, 45.5629286], [-122.6613665, 45.5632478], [-122.6613657, 45.5633423], [-122.6613652, 45.5634014], [-122.6613727, 45.5635247], [-122.6614376, 45.5636471]]}}, {"type": "Feature", "properties": {"osm_id": 119667293, "NHS": "yes", "RLIS:bicycle": "caution_area", "alt_name": "Highway 99E", "bicycle": "yes", "cycleway:right": "no", "hgv": "designated", "hgv:national_network": "yes", "highway": "primary", "lanes": "2", "maxspeed": "30 mph", "name": "Northeast Martin Luther King Junior Boulevard", "name:etymology": "Martin Luther King Junior", "name:etymology:wikidata": "Q8027", "name:etymology:wikipedia": "en:Martin Luther King Jr.", "old_name": "Pacific Highway East #1E (81)", "old_ref": "US 99E", "oneway": "yes", "ref": "OR 99E", "short_name": "NE MLK Jr Blvd", "sidewalk": "right", "surface": "asphalt"}, "geometry": {"type": "LineString", "coordinates": [[-122.6614376, 45.5636471], [-122.6614968, 45.5635225], [-122.6614982, 45.5633427]]}}, {"type": "Feature", "properties": {"osm_id": 119667294, "NHS": "yes", "RLIS:bicycle": "caution_area", "alt_name": "Highway 99E", "bicycle": "yes", "hgv": "designated", "hgv:national_network": "yes", "highway": "primary", "lanes": "4", "maxspeed": "30 mph", "name": "Northeast Martin Luther King Junior Boulevard", "name:etymology": "Martin Luther King Junior", "name:etymology:wikidata": "Q8027", "name:etymology:wikipedia": "en:Martin Luther King Jr.", "old_name": "Pacific Highway East #1E (81)", "old_ref": "US 99E", "ref": "OR 99E", "short_name": "NE MLK Jr Blvd; NE MLK Blvd", "sidewalk": "both", "surface": "asphalt"}, "geometry": {"type": "LineString", "coordinates": [[-122.6614549, 45.5616182], [-122.6614622, 45.5612825], [-122.6614648, 45.5611628], [-122.6614677, 45.5610252], [-122.6614761, 45.5606294]]}}, {"type": "Feature", "properties": {"osm_id": 119667296, "NHS": "yes", "RLIS:bicycle": "caution_area", "alt_name": "Highway 99E", "bicycle": "yes", "cycleway:right": "no", "hgv": "designated", "hgv:national_network": "yes", "highway": "primary", "lanes": "2", "maxspeed": "30 mph", "name": "Northeast Martin Luther King Junior Boulevard", "name:etymology": "Martin Luther King Junior", "name:etymology:wikidata": "Q8027", "name:etymology:wikipedia": "en:Martin Luther King Jr.", "old_name": "Pacific Highway East #1E (81)", "old_ref": "US 99E", "oneway": "yes", "ref": "OR 99E", "short_name": "NE MLK Jr Blvd; NE MLK Blvd", "sidewalk": "right", "surface": "asphalt"}, "geometry": {"type": "LineString", "coordinates": [[-122.6614549, 45.5616182], [-122.6613926, 45.5617027], [-122.6613865, 45.5618108], [-122.6613803, 45.5622316], [-122.6613773, 45.5624182]]}}, {"type": "Feature", "properties": {"osm_id": 119667299, "NHS": "yes", "RLIS:bicycle": "caution_area", "alt_name": "Highway 99E", "bicycle": "yes", "cycleway:right": "no", "hgv": "designated", "hgv:national_network": "yes", "highway": "primary", "lanes": "2", "maxspeed": "30 mph", "name": "Northeast Martin Luther King Junior Boulevard", "name:etymology": "Martin Luther King Junior", "name:etymology:wikidata": "Q8027", "name:etymology:wikipedia": "en:Martin Luther King Jr.", "oneway": "yes", "ref": "OR 99E", "short_name": "NE MLK Jr Blvd; NE MLK Blvd", "sidewalk": "right", "surface": "asphalt"}, "geometry": {"type": "LineString", "coordinates": [[-122.6614761, 45.5606294], [-122.6615055, 45.5605708], [-122.6615461, 45.56049], [-122.6615457, 45.5602831], [-122.6615509, 45.5600878], [-122.6615623, 45.559451]]}}, {"type": "Feature", "properties": {"osm_id": 119667300, "NHS": "yes", "RLIS:bicycle": "caution_area", "alt_name": "Highway 99E", "bicycle": "yes", "cycleway:right": "no", "hgv": "designated", "hgv:national_network": "yes", "highway": "primary", "lanes": "2", "maxspeed": "30 mph", "name": "Northeast Martin Luther King Junior Boulevard", "name:etymology": "Martin Luther King Junior", "name:etymology:wikidata": "Q8027", "name:etymology:wikipedia": "en:Martin Luther King Jr.", "old_name": "Pacific Highway East #1E (81)", "old_ref": "US 99E", "oneway": "yes", "ref": "OR 99E", "short_name": "NE MLK Jr Blvd", "sidewalk": "right", "surface": "asphalt"}, "geometry": {"type": "LineString", "coordinates": [[-122.6615026, 45.5627465], [-122.6615031, 45.5626531], [-122.6615115, 45.5622414], [-122.6615204, 45.5617042], [-122.6614549, 45.5616182]]}}, {"type": "Feature", "properties": {"osm_id": 119667378, "NHS": "yes", "RLIS:bicycle": "caution_area", "alt_name": "Highway 99E", "bicycle": "yes", "cycleway:right": "no", "hgv": "designated", "hgv:national_network": "yes", "highway": "primary", "lanes": "2", "maxspeed": "30 mph", "name": "Northeast Martin Luther King Junior Boulevard", "name:etymology": "Martin Luther King Junior", "name:etymology:wikidata": "Q8027", "name:etymology:wikipedia": "en:Martin Luther King Jr.", "old_name": "Pacific Highway East #1E (81)", "old_ref": "US 99E", "oneway": "yes", "ref": "OR 99E", "short_name": "NE MLK Jr Blvd", "sidewalk": "right", "surface": "asphalt"}, "geometry": {"type": "LineString", "coordinates": [[-122.6613938, 45.5684714], [-122.6613262, 45.5685573], [-122.6613244, 45.5689207], [-122.6613233, 45.5691312], [-122.6613875, 45.5692256]]}}, {"type": "Feature", "properties": {"osm_id": 119667379, "NHS": "yes", "RLIS:bicycle": "caution_area", "alt_name": "Highway 99E", "bicycle": "yes", "cycleway:both": "no", "hgv": "designated", "hgv:national_network": "yes", "highway": "primary", "lanes": "5", "lanes:backward": "2", "lanes:both_ways": "1", "lanes:forward": "2", "maxspeed": "30 mph", "name": "Northeast Martin Luther King Junior Boulevard", "name:etymology": "Martin Luther King Junior", "name:etymology:wikidata": "Q8027", "name:etymology:wikipedia": "en:Martin Luther King Jr.", "old_name": "Pacific Highway East #1E (81)", "old_ref": "US 99E", "ref": "OR 99E", "short_name": "NE MLK Jr Blvd", "sidewalk": "both", "surface": "asphalt", "turn:lanes:both_ways": "left||"}, "geometry": {"type": "LineString", "coordinates": [[-122.6613938, 45.5684714], [-122.6613939, 45.568456], [-122.6613941, 45.5684294], [-122.6613954, 45.5682502], [-122.6613972, 45.5680111], [-122.6613995, 45.5677084], [-122.6614017, 45.5674163]]}}, {"type": "Feature", "properties": {"osm_id": 119667380, "NHS": "yes", "RLIS:bicycle": "caution_area", "alt_name": "Highway 99E", "bicycle": "yes", "cycleway:right": "no", "hgv": "designated", "hgv:national_network": "yes", "highway": "primary", "lanes": "2", "maxspeed": "30 mph", "name": "Northeast Martin Luther King Junior Boulevard", "name:etymology": "Martin Luther King Junior", "name:etymology:wikidata": "Q8027", "name:etymology:wikipedia": "en:Martin Luther King Jr.", "old_name": "Pacific Highway East #1E (81)", "old_ref": "US 99E", "oneway": "yes", "ref": "OR 99E", "short_name": "NE MLK Jr Blvd", "sidewalk": "right", "surface": "asphalt"}, "geometry": {"type": "LineString", "coordinates": [[-122.6613875, 45.5692256], [-122.6614552, 45.5691241], [-122.6614564, 45.5689719], [-122.6614568, 45.5689213], [-122.6614578, 45.5688001], [-122.6614597, 45.568559], [-122.6614459, 45.5685407], [-122.6613938, 45.5684714]]}}, {"type": "Feature", "properties": {"osm_id": 119669054, "bicycle": "designated", "highway": "secondary", "maxspeed": "30 mph", "maxspeed:advisory": "25 mph", "name": "North Interstate Avenue", "old_name": "Pacific Highway West #1W (91)", "old_ref": "OR 99W (old US 99W)", "oneway": "yes", "sidewalk": "right"}, "geometry": {"type": "LineString", "coordinates": [[-122.6847373, 45.58343], [-122.6848557, 45.5834647], [-122.6849689, 45.5834858], [-122.6851273, 45.5835081], [-122.6853066, 45.583542], [-122.6854661, 45.5835768], [-122.6855733, 45.583604], [-122.6856297, 45.5836249], [-122.6856861, 45.583642], [-122.6857482, 45.5836575], [-122.6858129, 45.5836712]]}}, {"type": "Feature", "properties": {"osm_id": 120727548, "bicycle": "no", "bridge": "yes", "hgv": "designated", "hgv:national_network": "yes", "highway": "motorway", "lanes": "2", "layer": "1", "maxspeed": "55 mph", "name": "Abernethy Bridge", "oneway": "yes", "ref": "I 205", "source:hgv:national_network": "https://www.ecfr.gov/current/title-23/chapter-I/subchapter-G/part-658;https://hepgis-usdot.hub.arcgis.com/apps/usdot::national-network-conventional-combination-trucks-map"}, "geometry": {"type": "LineString", "coordinates": [[-122.6002063, 45.3656343], [-122.6009585, 45.3654291]]}}, {"type": "Feature", "properties": {"osm_id": 120727549, "bicycle": "no", "bridge": "yes", "hgv": "designated", "hgv:national_network": "yes", "highway": "motorway", "lanes": "2", "layer": "1", "maxspeed": "55 mph", "name": "Abernethy Bridge", "oneway": "yes", "ref": "I 205", "source:hgv:national_network": "https://www.ecfr.gov/current/title-23/chapter-I/subchapter-G/part-658;https://hepgis-usdot.hub.arcgis.com/apps/usdot::national-network-conventional-combination-trucks-map"}, "geometry": {"type": "LineString", "coordinates": [[-122.6101202, 45.3627019], [-122.6094461, 45.362915]]}}, {"type": "Feature", "properties": {"osm_id": 122279341, "NHS": "yes", "RLIS:bicycle": "caution_area", "alt_name": "Highway 99E", "bicycle": "yes", "cycleway:both": "no", "hgv": "designated", "hgv:national_network": "yes", "highway": "primary", "lanes": "5", "lanes:backward": "3", "lanes:forward": "2", "maxspeed": "30 mph", "name": "Northeast Martin Luther King Junior Boulevard", "name:etymology": "Martin Luther King Junior", "name:etymology:wikidata": "Q8027", "name:etymology:wikipedia": "en:Martin Luther King Jr.", "old_name": "Pacific Highway East #1E (81)", "old_ref": "US 99E", "ref": "OR 99E", "short_name": "NE MLK Jr Blvd", "sidewalk": "both", "surface": "asphalt", "turn:lanes:backward": "left||"}, "geometry": {"type": "LineString", "coordinates": [[-122.6613828, 45.5699844], [-122.6613834, 45.5698836], [-122.6613848, 45.5696592]]}}, {"type": "Feature", "properties": {"osm_id": 122279342, "NHS": "yes", "RLIS:bicycle": "caution_area", "alt_name": "Highway 99E", "bicycle": "yes", "hgv": "designated", "hgv:national_network": "yes", "highway": "primary", "lanes": "2", "maxspeed": "30 mph", "name": "Northeast Martin Luther King Junior Boulevard", "name:etymology": "Martin Luther King Junior", "name:etymology:wikidata": "Q8027", "name:etymology:wikipedia": "en:Martin Luther King Jr.", "old_name": "Pacific Highway East #1E (81)", "old_ref": "US 99E", "oneway": "yes", "ref": "OR 99E", "short_name": "NE MLK Jr Blvd", "sidewalk": "right", "surface": "asphalt"}, "geometry": {"type": "LineString", "coordinates": [[-122.6613828, 45.5699844], [-122.6613293, 45.5700817], [-122.6613348, 45.5701985], [-122.6613333, 45.5704689], [-122.6613324, 45.5707881], [-122.6613308, 45.571321], [-122.6613304, 45.5713857], [-122.6613293, 45.5715667]]}}, {"type": "Feature", "properties": {"osm_id": 122279343, "NHS": "yes", "RLIS:bicycle": "caution_area", "alt_name": "Highway 99E", "bicycle": "yes", "hgv": "designated", "hgv:national_network": "yes", "highway": "primary", "lanes": "2", "maxspeed": "30 mph", "name": "Northeast Martin Luther King Junior Boulevard", "name:etymology": "Martin Luther King Junior", "name:etymology:wikidata": "Q8027", "name:etymology:wikipedia": "en:Martin Luther King Jr.", "old_name": "Pacific Highway East #1E (81)", "old_ref": "US 99E", "oneway": "yes", "ref": "OR 99E", "short_name": "NE MLK Jr Blvd", "sidewalk": "right", "surface": "asphalt"}, "geometry": {"type": "LineString", "coordinates": [[-122.6614373, 45.5717878], [-122.6614324, 45.5716945], [-122.6614263, 45.5713143], [-122.6614271, 45.5707849], [-122.6614272, 45.5707629], [-122.6614294, 45.5703322], [-122.6614331, 45.5700817], [-122.6614224, 45.570061], [-122.6613828, 45.5699844]]}}, {"type": "Feature", "properties": {"osm_id": 123155177, "NHS": "yes", "RLIS:bicycle": "caution_area", "alt_name": "Highway 99E", "bicycle": "yes", "embedded_rails": "tram", "hgv": "designated", "hgv:national_network": "yes", "highway": "primary", "lanes": "4", "lanes:bus": "1", "maxspeed": "30 mph", "name": "Southeast Martin Luther King Junior Boulevard", "name:etymology": "Martin Luther King Junior", "name:etymology:wikidata": "Q8027", "name:etymology:wikipedia": "en:Martin Luther King Jr.", "old_name": "Southeast Union Avenue", "oneway": "yes", "ref": "OR 99E", "short_name": "SE MLK Jr Blvd", "sidewalk": "both", "surface": "asphalt"}, "geometry": {"type": "LineString", "coordinates": [[-122.6617788, 45.5210196], [-122.661778, 45.5208733], [-122.6617777, 45.5208089], [-122.6617786, 45.5207319], [-122.661783, 45.5203736], [-122.6617844, 45.5201583], [-122.6617849, 45.520086], [-122.6617854, 45.5200103], [-122.6617862, 45.5199029], [-122.661787, 45.5197833], [-122.6617873, 45.5197318], [-122.6617888, 45.5195101], [-122.6617873, 45.5194447], [-122.6617897, 45.5193731], [-122.6617901, 45.5192967], [-122.661791, 45.5192269], [-122.6617928, 45.51911], [-122.6617927, 45.5190844], [-122.6617971, 45.5187276], [-122.661798, 45.5186565], [-122.6617996, 45.5185777], [-122.6617993, 45.5183647], [-122.6617995, 45.5180559], [-122.6617991, 45.5180224], [-122.6617982, 45.5179447]]}}, {"type": "Feature", "properties": {"osm_id": 123155178, "NHS": "yes", "RLIS:bicycle": "caution_area", "alt_name": "Highway 99E", "bicycle": "yes", "embedded_rails": "tram", "hgv": "designated", "hgv:national_network": "yes", "highway": "trunk", "lanes": "4", "maxspeed": "30 mph", "name": "Southeast Martin Luther King Junior Boulevard", "name:etymology": "Martin Luther King Junior", "name:etymology:wikidata": "Q8027", "name:etymology:wikipedia": "en:Martin Luther King Jr.", "old_name": "Southeast Union Avenue", "oneway": "yes", "ref": "OR 99E", "short_name": "SE MLK Jr Blvd", "sidewalk": "left", "surface": "asphalt", "turn:lanes": "left;through|none|none|none"}, "geometry": {"type": "LineString", "coordinates": [[-122.6618328, 45.5119611], [-122.6618332, 45.5115943], [-122.6618344, 45.5115294]]}}, {"type": "Feature", "properties": {"osm_id": 123155179, "NHS": "yes", "RLIS:bicycle": "caution_area", "alt_name": "Highway 99E", "bicycle": "yes", "embedded_rails": "tram", "hgv": "designated", "hgv:national_network": "yes", "highway": "trunk", "lanes": "4", "lanes:bus": "1", "maxspeed": "30 mph", "name": "Southeast Martin Luther King Junior Boulevard", "name:etymology": "Martin Luther King Junior", "name:etymology:wikidata": "Q8027", "name:etymology:wikipedia": "en:Martin Luther King Jr.", "old_name": "Southeast Union Avenue", "oneway": "yes", "ref": "OR 99E", "short_name": "SE MLK Jr Blvd", "sidewalk:both": "separate", "surface": "asphalt"}, "geometry": {"type": "LineString", "coordinates": [[-122.6618191, 45.5143801], [-122.6618196, 45.5142956], [-122.6618214, 45.513999]]}}, {"type": "Feature", "properties": {"osm_id": 123155180, "NHS": "yes", "RLIS:bicycle": "caution_area", "alt_name": "Highway 99E", "bicycle": "yes", "embedded_rails": "tram", "hgv": "designated", "hgv:national_network": "yes", "highway": "trunk", "lanes": "4", "maxspeed": "30 mph", "name": "Southeast Martin Luther King Junior Boulevard", "name:etymology": "Martin Luther King Junior", "name:etymology:wikidata": "Q8027", "name:etymology:wikipedia": "en:Martin Luther King Jr.", "old_name": "Southeast Union Avenue", "oneway": "yes", "ref": "OR 99E", "short_name": "SE MLK Jr Blvd", "sidewalk": "both", "surface": "asphalt"}, "geometry": {"type": "LineString", "coordinates": [[-122.6618414, 45.5101036], [-122.6618412, 45.5100361], [-122.6618415, 45.5099397], [-122.6618419, 45.50966], [-122.6618427, 45.5094974]]}}, {"type": "Feature", "properties": {"osm_id": 123689393, "bridge": "yes", "hgv": "designated", "hgv:national_network": "yes", "highway": "motorway", "lanes": "4", "layer": "2", "maxspeed": "50 mph", "name": "Marquam Bridge", "official_name": "Pacific Highway #1;Korean War Veterans Memorial Highway;Purple Heart Trail", "oneway": "yes", "ref": "I 5", "source:hgv:national_network": "https://www.ecfr.gov/current/title-23/chapter-I/subchapter-G/part-658;https://hepgis-usdot.hub.arcgis.com/apps/usdot::national-network-conventional-combination-trucks-map"}, "geometry": {"type": "LineString", "coordinates": [[-122.6677531, 45.5120415], [-122.6676288, 45.5118611], [-122.6675206, 45.511712]]}}, {"type": "Feature", "properties": {"osm_id": 123689394, "bridge": "yes", "hgv": "designated", "hgv:national_network": "yes", "highway": "motorway", "lanes": "3", "layer": "3", "maxspeed": "50 mph", "name": "Marquam Bridge", "official_name": "Pacific Highway #1;Korean War Veterans Memorial Highway;Purple Heart Trail", "oneway": "yes", "ref": "I 5", "source:hgv:national_network": "https://www.ecfr.gov/current/title-23/chapter-I/subchapter-G/part-658;https://hepgis-usdot.hub.arcgis.com/apps/usdot::national-network-conventional-combination-trucks-map", "surface": "asphalt"}, "geometry": {"type": "LineString", "coordinates": [[-122.667318, 45.5120044], [-122.6674678, 45.5122381], [-122.6675136, 45.5123288], [-122.6675518, 45.512434], [-122.6676461, 45.512719], [-122.6677128, 45.5130172]]}}, {"type": "Feature", "properties": {"osm_id": 123689395, "bicycle": "no", "hgv": "designated", "hgv:national_network": "yes", "highway": "motorway", "lanes": "3", "lit": "yes", "maxheight": "14'9\"", "maxspeed": "50 mph", "noname": "yes", "official_name": "Pacific Highway #1;Korean War Veterans Memorial Highway;Purple Heart Trail", "oneway": "yes", "ref": "I 5", "sidewalk": "no", "source:hgv:national_network": "https://www.ecfr.gov/current/title-23/chapter-I/subchapter-G/part-658;https://hepgis-usdot.hub.arcgis.com/apps/usdot::national-network-conventional-combination-trucks-map", "surface": "asphalt"}, "geometry": {"type": "LineString", "coordinates": [[-122.665747, 45.5213866], [-122.665792, 45.521181], [-122.6658463, 45.5209797], [-122.6659044, 45.5207461], [-122.665978, 45.5205146], [-122.6660639, 45.5202467], [-122.6661285, 45.5200595], [-122.6664039, 45.5193388], [-122.6668418, 45.5182821], [-122.6669771, 45.5178858], [-122.6671185, 45.5174615], [-122.6674454, 45.5161752], [-122.6677403, 45.5149086]]}}, {"type": "Feature", "properties": {"osm_id": 123689396, "bicycle": "no", "hgv": "designated", "hgv:national_network": "yes", "highway": "motorway", "lanes": "2", "lit": "yes", "maxheight:signed": "no", "maxspeed": "50 mph", "noname": "yes", "official_name": "Pacific Highway #1;Korean War Veterans Memorial Highway;Purple Heart Trail", "oneway": "yes", "ref": "I 5", "sidewalk": "no", "source:hgv:national_network": "https://www.ecfr.gov/current/title-23/chapter-I/subchapter-G/part-658;https://hepgis-usdot.hub.arcgis.com/apps/usdot::national-network-conventional-combination-trucks-map", "surface": "asphalt"}, "geometry": {"type": "LineString", "coordinates": [[-122.6672654, 45.5160878], [-122.6671072, 45.5168209], [-122.6669396, 45.5174407], [-122.666828, 45.5178608], [-122.6666853, 45.5182355], [-122.6662259, 45.5193523], [-122.665812, 45.520466], [-122.6656136, 45.5211064], [-122.6655347, 45.5214769], [-122.6655197, 45.5215479], [-122.6654369, 45.5221162], [-122.6653988, 45.5227228]]}}, {"type": "Feature", "properties": {"osm_id": 123689397, "bicycle": "no", "hgv": "designated", "hgv:national_network": "yes", "highway": "motorway", "lanes": "3", "lit": "yes", "maxspeed": "50 mph", "noname": "yes", "official_name": "Pacific Highway #1;Korean War Veterans Memorial Highway;Purple Heart Trail", "old_ref": "US 99", "oneway": "yes", "ref": "I 5", "sidewalk": "no", "source:hgv:national_network": "https://www.ecfr.gov/current/title-23/chapter-I/subchapter-G/part-658;https://hepgis-usdot.hub.arcgis.com/apps/usdot::national-network-conventional-combination-trucks-map", "surface": "asphalt"}, "geometry": {"type": "LineString", "coordinates": [[-122.6799766, 45.6097878], [-122.6797404, 45.6101703], [-122.6792311, 45.6110723], [-122.6787729, 45.6119097], [-122.6782707, 45.6127178]]}}, {"type": "Feature", "properties": {"osm_id": 123689398, "bicycle": "no", "hgv": "designated", "hgv:national_network": "yes", "highway": "motorway", "lanes": "4", "lit": "yes", "maxspeed": "50 mph", "noname": "yes", "official_name": "Pacific Highway #1;Korean War Veterans Memorial Highway;Purple Heart Trail", "old_ref": "US 99", "oneway": "yes", "ref": "I 5", "sidewalk": "no", "source:hgv:national_network": "https://www.ecfr.gov/current/title-23/chapter-I/subchapter-G/part-658;https://hepgis-usdot.hub.arcgis.com/apps/usdot::national-network-conventional-combination-trucks-map", "surface": "asphalt"}, "geometry": {"type": "LineString", "coordinates": [[-122.6804036, 45.6094369], [-122.6806487, 45.6090468]]}}, {"type": "Feature", "properties": {"osm_id": 123689401, "bridge": "yes", "bridge:structure": "truss", "hgv": "designated", "hgv:national_network": "yes", "highway": "motorway", "lanes": "4", "layer": "3", "maxspeed": "50 mph", "name": "Marquam Bridge", "name:ja": "\u30de\u30fc\u30ab\u30e0\u6a4b", "official_name": "Pacific Highway #1;Korean War Veterans Memorial Highway;Purple Heart Trail", "oneway": "yes", "ref": "I 5", "source:hgv:national_network": "https://www.ecfr.gov/current/title-23/chapter-I/subchapter-G/part-658;https://hepgis-usdot.hub.arcgis.com/apps/usdot::national-network-conventional-combination-trucks-map", "surface": "asphalt"}, "geometry": {"type": "LineString", "coordinates": [[-122.6690553, 45.5079759], [-122.6676508, 45.508817], [-122.6674048, 45.5089782], [-122.667218, 45.5091331], [-122.6671119, 45.5092289]]}}, {"type": "Feature", "properties": {"osm_id": 123689402, "access:lanes": "yes|yes|yes", "access:lanes:conditional": "no|yes|yes @ Mo-Fr 15:00-18:00", "bicycle": "no", "bus:lanes": "designated||", "hgv": "designated", "highway": "motorway", "hov:lanes": "designated||", "hov:minimum": "2", "lanes": "3", "lit": "yes", "maxheight:signed": "no", "maxspeed": "55 mph", "motorcycle:lanes": "designated||", "noname": "yes", "official_name": "Pacific Highway #1;Korean War Veterans Memorial Highway;Purple Heart Trail", "oneway": "yes", "ref": "I 5", "surface": "asphalt"}, "geometry": {"type": "LineString", "coordinates": [[-122.6785142, 45.5559247], [-122.6785096, 45.5564272]]}}, {"type": "Feature", "properties": {"osm_id": 123689403, "bicycle": "no", "hgv": "designated", "hgv:national_network": "yes", "highway": "motorway", "lanes": "3", "lit": "yes", "maxspeed": "55 mph", "noname": "yes", "official_name": "Pacific Highway #1;Korean War Veterans Memorial Highway;Purple Heart Trail", "oneway": "yes", "ref": "I 5", "sidewalk": "no", "source:hgv:national_network": "https://www.ecfr.gov/current/title-23/chapter-I/subchapter-G/part-658;https://hepgis-usdot.hub.arcgis.com/apps/usdot::national-network-conventional-combination-trucks-map", "surface": "concrete"}, "geometry": {"type": "LineString", "coordinates": [[-122.6844284, 45.5986886], [-122.6844829, 45.5984497], [-122.6845319, 45.5981834], [-122.684568, 45.597955], [-122.6845952, 45.5977244], [-122.6846139, 45.597494], [-122.6846219, 45.5972971], [-122.6846203, 45.5970969], [-122.6846159, 45.5969175], [-122.6846005, 45.5967349], [-122.6845833, 45.5965464], [-122.6845583, 45.5963559], [-122.6845074, 45.5960788], [-122.6844655, 45.5958908], [-122.6844263, 45.5957396], [-122.6843435, 45.5954629], [-122.6842651, 45.5952442]]}}, {"type": "Feature", "properties": {"osm_id": 123689405, "bicycle": "no", "destination:lanes": "Salem|Salem|Beaverton;Saint Helens|Beaverton;Saint Helens", "hgv": "designated", "hgv:national_network": "yes", "highway": "motorway", "lanes": "4", "lit": "yes", "maxheight:signed": "no", "maxspeed": "55 mph", "noname": "yes", "official_name": "Pacific Highway #1;Korean War Veterans Memorial Highway;Purple Heart Trail", "oneway": "yes", "ref": "I 5", "sidewalk": "no", "source": "Yahoo,ODOT", "source:hgv:national_network": "https://www.ecfr.gov/current/title-23/chapter-I/subchapter-G/part-658;https://hepgis-usdot.hub.arcgis.com/apps/usdot::national-network-conventional-combination-trucks-map", "surface": "asphalt", "turn:lanes": "slight_left|slight_left|slight_right|slight_right"}, "geometry": {"type": "LineString", "coordinates": [[-122.6787594, 45.5534431], [-122.6787651, 45.5487938]]}}, {"type": "Feature", "properties": {"osm_id": 123689406, "bicycle": "no", "bridge": "yes", "description": "Pacific Highway #1", "hgv": "designated", "hgv:national_network": "yes", "highway": "motorway", "lanes": "3", "layer": "1", "lit": "yes", "maxspeed": "50 mph", "official_name": "Pacific Highway #1;Korean War Veterans Memorial Highway;Purple Heart Trail", "oneway": "yes", "ref": "I 5", "source:hgv:national_network": "https://www.ecfr.gov/current/title-23/chapter-I/subchapter-G/part-658;https://hepgis-usdot.hub.arcgis.com/apps/usdot::national-network-conventional-combination-trucks-map"}, "geometry": {"type": "LineString", "coordinates": [[-122.6754416, 45.5439644], [-122.6729714, 45.5418631]]}}, {"type": "Feature", "properties": {"osm_id": 123689407, "bicycle": "no", "hgv": "designated", "hgv:national_network": "yes", "highway": "motorway", "lanes": "3", "lit": "yes", "maxheight:signed": "no", "maxspeed": "55 mph", "noname": "yes", "official_name": "Pacific Highway #1;Korean War Veterans Memorial Highway;Purple Heart Trail", "oneway": "yes", "ref": "I 5", "source:hgv:national_network": "https://www.ecfr.gov/current/title-23/chapter-I/subchapter-G/part-658;https://hepgis-usdot.hub.arcgis.com/apps/usdot::national-network-conventional-combination-trucks-map", "surface": "asphalt"}, "geometry": {"type": "LineString", "coordinates": [[-122.678543, 45.5536018], [-122.6785142, 45.5559247]]}}, {"type": "Feature", "properties": {"osm_id": 123689408, "bicycle": "no", "cycleway:both": "no", "hgv": "designated", "hgv:national_network": "yes", "highway": "motorway", "lanes": "3", "lit": "yes", "maxspeed": "50 mph", "noname": "yes", "official_name": "Pacific Highway #1;Korean War Veterans Memorial Highway;Purple Heart Trail", "oneway": "yes", "ref": "I 5", "sidewalk": "no", "source:hgv:national_network": "https://www.ecfr.gov/current/title-23/chapter-I/subchapter-G/part-658;https://hepgis-usdot.hub.arcgis.com/apps/usdot::national-network-conventional-combination-trucks-map", "surface": "asphalt"}, "geometry": {"type": "LineString", "coordinates": [[-122.682378, 45.6050098], [-122.6822638, 45.6053649], [-122.6821993, 45.6055581]]}}, {"type": "Feature", "properties": {"osm_id": 123889247, "bicycle": "no", "bridge": "yes", "hgv": "designated", "hgv:national_network": "yes", "highway": "motorway", "lanes": "3", "layer": "1", "maxspeed": "55 mph", "name": "Glenn L. Jackson Memorial Bridge", "oneway": "yes", "placement": "right_of:1", "ref": "I 205", "source:hgv:national_network": "https://www.ecfr.gov/current/title-23/chapter-I/subchapter-G/part-658;https://hepgis-usdot.hub.arcgis.com/apps/usdot::national-network-conventional-combination-trucks-map"}, "geometry": {"type": "LineString", "coordinates": [[-122.5464921, 45.5743252], [-122.5467627, 45.5739795], [-122.5469126, 45.5738042], [-122.5470589, 45.5736445], [-122.547237, 45.5734568]]}}, {"type": "Feature", "properties": {"osm_id": 123889249, "bicycle": "no", "bridge": "yes", "hgv": "designated", "hgv:national_network": "yes", "highway": "motorway", "lanes": "4", "layer": "1", "maxspeed": "55 mph", "name": "Glenn L. Jackson Memorial Bridge", "oneway": "yes", "placement": "right_of:1", "ref": "I 205", "source:hgv:national_network": "https://www.ecfr.gov/current/title-23/chapter-I/subchapter-G/part-658;https://hepgis-usdot.hub.arcgis.com/apps/usdot::national-network-conventional-combination-trucks-map"}, "geometry": {"type": "LineString", "coordinates": [[-122.5514953, 45.602257], [-122.5512378, 45.6008345], [-122.551184, 45.6004976], [-122.5511396, 45.6001772], [-122.5510759, 45.5997961], [-122.5510124, 45.5995122], [-122.5507632, 45.5985296], [-122.5505689, 45.5978957], [-122.5503618, 45.5971979], [-122.5502614, 45.5968913], [-122.5501223, 45.596484], [-122.55005, 45.5962376], [-122.5498168, 45.5956303], [-122.5495799, 45.5950199], [-122.549305, 45.5943947]]}}, {"type": "Feature", "properties": {"osm_id": 123889251, "bicycle": "no", "bridge": "yes", "hgv": "designated", "hgv:national_network": "yes", "highway": "motorway", "lanes": "4", "layer": "1", "maxspeed": "55 mph", "name": "Glenn L. Jackson Memorial Bridge", "oneway": "yes", "placement": "right_of:1", "ref": "I 205", "source:hgv:national_network": "https://www.ecfr.gov/current/title-23/chapter-I/subchapter-G/part-658;https://hepgis-usdot.hub.arcgis.com/apps/usdot::national-network-conventional-combination-trucks-map"}, "geometry": {"type": "LineString", "coordinates": [[-122.5461127, 45.5744775], [-122.5457901, 45.5749497], [-122.5455179, 45.5753645], [-122.5453814, 45.5755786], [-122.5452604, 45.5757731], [-122.5451088, 45.5760527], [-122.5449854, 45.5762827], [-122.5448754, 45.576492], [-122.5447762, 45.5766854], [-122.5446796, 45.5768881], [-122.5445817, 45.577105], [-122.5444986, 45.5773059], [-122.5444034, 45.5775311], [-122.5443243, 45.5777311], [-122.5442639, 45.5778982], [-122.5441942, 45.5780878], [-122.5441284, 45.5782859], [-122.5440627, 45.5784952], [-122.543997, 45.5787026], [-122.5439394, 45.5789307], [-122.5438817, 45.5791598], [-122.5438307, 45.5793663], [-122.5437838, 45.5795915], [-122.5437449, 45.5798112], [-122.5437073, 45.5800252], [-122.5436698, 45.5802439], [-122.543643, 45.5804551], [-122.5436188, 45.5806841], [-122.5436001, 45.5809066], [-122.543584, 45.5811337], [-122.5435719, 45.5814275]]}}, {"type": "Feature", "properties": {"osm_id": 123889292, "bicycle": "no", "cutting": "yes", "description": "Stadium Freeway Highway #61", "destination": "Salmon Street;Everett Street;Glisan Street;Beaverton", "destination:ref": "US 26 West", "foot": "no", "hgv": "designated", "hgv:national_network": "yes", "highway": "motorway", "lanes": "3", "maxspeed": "50 mph", "oneway": "yes", "ref": "I 405", "source:hgv:national_network": "https://www.ecfr.gov/current/title-23/chapter-I/subchapter-G/part-658;https://hepgis-usdot.hub.arcgis.com/apps/usdot::national-network-conventional-combination-trucks-map", "surface": "asphalt"}, "geometry": {"type": "LineString", "coordinates": [[-122.6831457, 45.5071179], [-122.6840253, 45.5076999], [-122.6845282, 45.508029], [-122.685138, 45.508424], [-122.6855852, 45.5087233], [-122.6862851, 45.5092039]]}}, {"type": "Feature", "properties": {"osm_id": 123889293, "bicycle": "no", "bridge": "yes", "description": "Stadium Freeway Highway #61", "destination": "The Dalles;Seattle", "destination:ref": "I 405;US 30 East", "foot": "no", "hgv": "designated", "hgv:national_network": "yes", "highway": "motorway", "lanes": "3", "layer": "1", "lit": "yes", "maxspeed": "50 mph", "oneway": "yes", "ref": "I 405", "source:hgv:national_network": "https://www.ecfr.gov/current/title-23/chapter-I/subchapter-G/part-658;https://hepgis-usdot.hub.arcgis.com/apps/usdot::national-network-conventional-combination-trucks-map", "surface": "asphalt", "turn:lanes": "||merge_to_left"}, "geometry": {"type": "LineString", "coordinates": [[-122.6868499, 45.5307235], [-122.6868595, 45.5313501], [-122.68686, 45.5316025], [-122.6868706, 45.5318578]]}}, {"type": "Feature", "properties": {"osm_id": 123889294, "bicycle": "no", "cutting": "yes", "description": "Stadium Freeway Highway #61", "destination": "Salmon Street;6th Avenue", "destination:lanes": "||Beaverton|6th Avenue", "destination:ref": "US 26 West", "foot": "no", "hgv": "designated", "hgv:national_network": "yes", "highway": "motorway", "lanes": "4", "maxspeed": "50 mph", "oneway": "yes", "ref": "I 405", "source:hgv:national_network": "https://www.ecfr.gov/current/title-23/chapter-I/subchapter-G/part-658;https://hepgis-usdot.hub.arcgis.com/apps/usdot::national-network-conventional-combination-trucks-map", "surface": "asphalt", "turn:lanes": "|||slight_right"}, "geometry": {"type": "LineString", "coordinates": [[-122.6796706, 45.5056926], [-122.6802178, 45.5057809], [-122.6807101, 45.5059014], [-122.6811627, 45.506046], [-122.6814982, 45.5061775], [-122.6817852, 45.506309], [-122.6821657, 45.5065051], [-122.6825085, 45.5067079], [-122.6831457, 45.5071179]]}}, {"type": "Feature", "properties": {"osm_id": 123889295, "bicycle": "no", "cutting": "yes", "description": "Stadium Freeway Highway #61", "foot": "no", "hgv": "designated", "hgv:national_network": "yes", "highway": "motorway", "lanes": "4", "maxspeed": "50 mph", "oneway": "yes", "ref": "I 405", "source:hgv:national_network": "https://www.ecfr.gov/current/title-23/chapter-I/subchapter-G/part-658;https://hepgis-usdot.hub.arcgis.com/apps/usdot::national-network-conventional-combination-trucks-map"}, "geometry": {"type": "LineString", "coordinates": [[-122.6832397, 45.5069377], [-122.6827016, 45.5065811], [-122.6822628, 45.5063142], [-122.6818377, 45.5060968], [-122.6815244, 45.5059604], [-122.6812215, 45.5058496], [-122.6810436, 45.5057854]]}}, {"type": "Feature", "properties": {"osm_id": 123889296, "bicycle": "no", "cutting": "yes", "description": "Stadium Freeway Highway #61", "foot": "no", "hgv": "designated", "hgv:national_network": "yes", "highway": "motorway", "lanes": "3", "maxheight:signed": "no", "maxspeed": "50 mph", "oneway": "yes", "ref": "I 405", "source:hgv:national_network": "https://www.ecfr.gov/current/title-23/chapter-I/subchapter-G/part-658;https://hepgis-usdot.hub.arcgis.com/apps/usdot::national-network-conventional-combination-trucks-map", "surface": "asphalt"}, "geometry": {"type": "LineString", "coordinates": [[-122.686717, 45.5263765], [-122.6867581, 45.5272781]]}}, {"type": "Feature", "properties": {"osm_id": 123889297, "bicycle": "no", "cutting": "yes", "description": "Stadium Freeway Highway #61", "foot": "no", "hgv": "designated", "hgv:national_network": "yes", "highway": "motorway", "lanes": "2", "maxspeed": "50 mph", "oneway": "yes", "ref": "I 405", "source:hgv:national_network": "https://www.ecfr.gov/current/title-23/chapter-I/subchapter-G/part-658;https://hepgis-usdot.hub.arcgis.com/apps/usdot::national-network-conventional-combination-trucks-map", "surface": "asphalt"}, "geometry": {"type": "LineString", "coordinates": [[-122.689007, 45.5146793], [-122.6888604, 45.514937], [-122.6887306, 45.5151799], [-122.6885931, 45.5154295], [-122.6883638, 45.5158476], [-122.6880546, 45.5164288], [-122.6876596, 45.5171554], [-122.6874242, 45.5175931], [-122.6871175, 45.518128]]}}, {"type": "Feature", "properties": {"osm_id": 123889298, "bicycle": "no", "cutting": "yes", "description": "Stadium Freeway Highway #61", "foot": "no", "hgv": "designated", "hgv:national_network": "yes", "highway": "motorway", "lanes": "2", "maxspeed": "50 mph", "oneway": "yes", "ref": "I 405", "source:hgv:national_network": "https://www.ecfr.gov/current/title-23/chapter-I/subchapter-G/part-658;https://hepgis-usdot.hub.arcgis.com/apps/usdot::national-network-conventional-combination-trucks-map", "surface": "asphalt"}, "geometry": {"type": "LineString", "coordinates": [[-122.6869605, 45.5271315], [-122.6869113, 45.5262493], [-122.6868887, 45.5255707], [-122.6868505, 45.5248875], [-122.6868235, 45.5246538], [-122.6867773, 45.5244228], [-122.6867038, 45.5241688], [-122.6866159, 45.5239337], [-122.6863985, 45.5234818], [-122.6861636, 45.5230306], [-122.6859274, 45.5225422], [-122.6858345, 45.5223169], [-122.6857623, 45.5220895], [-122.6857458, 45.5219656], [-122.6857285, 45.5216354]]}}, {"type": "Feature", "properties": {"osm_id": 123889299, "bicycle": "no", "cutting": "yes", "description": "Stadium Freeway Highway #61", "destination": "Salem", "destination:ref": "I 5 South", "foot": "no", "hgv": "designated", "hgv:national_network": "yes", "highway": "motorway", "lanes": "2", "maxspeed": "50 mph", "oneway": "yes", "ref": "I 405", "source:hgv:national_network": "https://www.ecfr.gov/current/title-23/chapter-I/subchapter-G/part-658;https://hepgis-usdot.hub.arcgis.com/apps/usdot::national-network-conventional-combination-trucks-map"}, "geometry": {"type": "LineString", "coordinates": [[-122.6796168, 45.5054843], [-122.6784273, 45.5054295], [-122.6777987, 45.5053968], [-122.6773392, 45.5053697], [-122.6770832, 45.5053494], [-122.676846, 45.5053216], [-122.6766388, 45.5052885], [-122.6764774, 45.5052498]]}}, {"type": "Feature", "properties": {"osm_id": 123889300, "bicycle": "no", "hgv": "designated", "hgv:national_network": "yes", "highway": "motorway", "lanes": "2", "maxspeed": "55 mph", "oneway": "yes", "ref": "I 205", "source:hgv:national_network": "https://www.ecfr.gov/current/title-23/chapter-I/subchapter-G/part-658;https://hepgis-usdot.hub.arcgis.com/apps/usdot::national-network-conventional-combination-trucks-map"}, "geometry": {"type": "LineString", "coordinates": [[-122.5957076, 45.3674224], [-122.5959953, 45.3672239], [-122.596131, 45.3671412], [-122.5963449, 45.3670134]]}}, {"type": "Feature", "properties": {"osm_id": 123889301, "bicycle": "yes", "hgv": "designated", "hgv:national_network": "yes", "highway": "motorway", "lanes": "4", "maxspeed": "60 mph", "oneway": "yes", "placement": "right_of:1", "ref": "I 205", "source:hgv:national_network": "https://www.ecfr.gov/current/title-23/chapter-I/subchapter-G/part-658;https://hepgis-usdot.hub.arcgis.com/apps/usdot::national-network-conventional-combination-trucks-map", "turn:lanes": "through|through|through|merge_to_left"}, "geometry": {"type": "LineString", "coordinates": [[-122.5592711, 45.6288564], [-122.5592891, 45.6294959], [-122.5593333, 45.6306025], [-122.5593567, 45.6309917], [-122.5593971, 45.6313439], [-122.5594703, 45.6318491], [-122.5595788, 45.6323613], [-122.5597014, 45.6328727], [-122.559806, 45.6332396]]}}, {"type": "Feature", "properties": {"osm_id": 123889302, "bicycle": "yes", "hgv": "designated", "hgv:national_network": "yes", "highway": "motorway", "lanes": "2", "maxheight:signed": "no", "maxspeed": "60 mph", "oneway": "yes", "ref": "I 205", "source:hgv:national_network": "https://www.ecfr.gov/current/title-23/chapter-I/subchapter-G/part-658;https://hepgis-usdot.hub.arcgis.com/apps/usdot::national-network-conventional-combination-trucks-map", "surface": "asphalt"}, "geometry": {"type": "LineString", "coordinates": [[-122.5787112, 45.665797], [-122.5783119, 45.6651605], [-122.5780074, 45.6646797], [-122.5775997, 45.6640901], [-122.5771733, 45.6635128], [-122.5766623, 45.6628754], [-122.5762425, 45.6623881], [-122.575627, 45.6617273], [-122.5750127, 45.6610665], [-122.5744294, 45.6604376], [-122.5739318, 45.6599042], [-122.5727811, 45.6586679], [-122.5721146, 45.6579555], [-122.5715286, 45.6573218], [-122.5707132, 45.6564445], [-122.57006, 45.6557396], [-122.5696832, 45.6553009], [-122.5694311, 45.6549803], [-122.569195, 45.65464], [-122.5689617, 45.654281], [-122.5687498, 45.6539144], [-122.5685419, 45.653516], [-122.5683582, 45.6531045], [-122.5681637, 45.652648], [-122.5661156, 45.6476952]]}}, {"type": "Feature", "properties": {"osm_id": 123889303, "bicycle": "yes", "hgv": "designated", "hgv:national_network": "yes", "highway": "motorway", "lanes": "2", "maxheight:signed": "no", "maxspeed": "60 mph", "oneway": "yes", "ref": "I 205", "source:hgv:national_network": "https://www.ecfr.gov/current/title-23/chapter-I/subchapter-G/part-658;https://hepgis-usdot.hub.arcgis.com/apps/usdot::national-network-conventional-combination-trucks-map", "surface": "asphalt"}, "geometry": {"type": "LineString", "coordinates": [[-122.5988457, 45.6859524], [-122.5994691, 45.6863754], [-122.600155, 45.6868716], [-122.6006386, 45.6872401], [-122.6011428, 45.6876336], [-122.6015548, 45.6879847], [-122.6017181, 45.6881292], [-122.6019264, 45.6883087], [-122.6022289, 45.6885788], [-122.6023923, 45.6887281], [-122.6024952, 45.6888245], [-122.6026741, 45.6889943], [-122.6027723, 45.6890893], [-122.6029351, 45.6892487], [-122.6030221, 45.6893367], [-122.6031052, 45.6894187], [-122.6039603, 45.6903025], [-122.6043642, 45.6907167], [-122.6047716, 45.6911177], [-122.6053654, 45.6916918], [-122.6056498, 45.6919445], [-122.6058245, 45.692104], [-122.606034, 45.6922871], [-122.6062855, 45.6925023], [-122.6065768, 45.6927503], [-122.606748, 45.6928933]]}}, {"type": "Feature", "properties": {"osm_id": 124098690, "bicycle": "designated", "cycleway:right": "lane", "cycleway:right:buffer": "no", "highway": "secondary", "lanes": "3", "maxspeed": "30 mph", "name": "North Interstate Avenue", "oneway": "yes", "sidewalk": "right", "surface": "asphalt"}, "geometry": {"type": "LineString", "coordinates": [[-122.6666347, 45.529805], [-122.6666552, 45.5298143], [-122.6666724, 45.5298223]]}}, {"type": "Feature", "properties": {"osm_id": 124113055, "bicycle": "designated", "cycleway:right": "lane", "cycleway:right:buffer": "no", "highway": "tertiary", "lanes": "2", "maxspeed": "30 mph", "name": "North Interstate Avenue", "old_name": "Pacific Highway West #1W (91)", "old_ref": "OR 99W (old US 99W)", "oneway": "yes", "sidewalk": "right", "surface": "asphalt", "turn:lanes": "|right"}, "geometry": {"type": "LineString", "coordinates": [[-122.6695554, 45.5311265], [-122.6697314, 45.5312267], [-122.6700279, 45.5314419], [-122.6702336, 45.5316093], [-122.6703073, 45.5316699], [-122.6704355, 45.5317752], [-122.6704976, 45.5318303]]}}, {"type": "Feature", "properties": {"osm_id": 124441883, "bicycle": "no", "hgv": "designated", "hgv:national_network": "yes", "highway": "motorway", "lanes": "3", "lit": "yes", "maxspeed": "50 mph", "noname": "yes", "official_name": "Pacific Highway #1;Korean War Veterans Memorial Highway;Purple Heart Trail", "old_ref": "US 99", "oneway": "yes", "ref": "I 5", "sidewalk": "no", "source:hgv:national_network": "https://www.ecfr.gov/current/title-23/chapter-I/subchapter-G/part-658;https://hepgis-usdot.hub.arcgis.com/apps/usdot::national-network-conventional-combination-trucks-map", "surface": "asphalt"}, "geometry": {"type": "LineString", "coordinates": [[-122.6785583, 45.6128036], [-122.6787087, 45.6125365], [-122.6788664, 45.6122374], [-122.6793548, 45.6112921], [-122.6795593, 45.6108972], [-122.68009, 45.6099607], [-122.6804036, 45.6094369]]}}, {"type": "Feature", "properties": {"osm_id": 124441895, "bicycle": "no", "cycleway:both": "no", "hgv": "designated", "hgv:national_network": "yes", "highway": "motorway", "lanes": "3", "lit": "yes", "maxheight": "default", "maxspeed": "50 mph", "noname": "yes", "official_name": "Pacific Highway #1;Korean War Veterans Memorial Highway;Purple Heart Trail", "oneway": "yes", "ref": "I 5", "sidewalk": "no", "source:hgv:national_network": "https://www.ecfr.gov/current/title-23/chapter-I/subchapter-G/part-658;https://hepgis-usdot.hub.arcgis.com/apps/usdot::national-network-conventional-combination-trucks-map", "surface": "asphalt"}, "geometry": {"type": "LineString", "coordinates": [[-122.6823914, 45.6056344], [-122.6824697, 45.6054], [-122.6825811, 45.6050459], [-122.6827834, 45.6043678], [-122.6830084, 45.6036046], [-122.6830394, 45.6034994], [-122.6833148, 45.6025552], [-122.683626, 45.6014982], [-122.6836927, 45.6012719]]}}, {"type": "Feature", "properties": {"osm_id": 124795636, "highway": "cycleway", "name": "North Interstate Avenue", "oneway": "yes", "source": "RLIS Metro Aerials 2011"}, "geometry": {"type": "LineString", "coordinates": [[-122.6847373, 45.58343], [-122.6848296, 45.583483], [-122.6848551, 45.583487], [-122.6849597, 45.5835414], [-122.6850734, 45.5835838], [-122.6852016, 45.5836317], [-122.6852526, 45.5836573], [-122.6853411, 45.583713], [-122.6853671, 45.5837272], [-122.6853952, 45.5837293], [-122.6854171, 45.5837193], [-122.685434, 45.5837036], [-122.6854499, 45.583686], [-122.6854762, 45.5836523], [-122.6854958, 45.5836368], [-122.6855044, 45.5836314], [-122.6855205, 45.5836248], [-122.68554, 45.5836245], [-122.6855623, 45.5836303], [-122.6856557, 45.5836622], [-122.6858129, 45.5836712]]}}, {"type": "Feature", "properties": {"osm_id": 124807599, "footway": "sidewalk", "highway": "footway", "name": "North Interstate Avenue"}, "geometry": {"type": "LineString", "coordinates": [[-122.6863797, 45.5841277], [-122.6863893, 45.5841475], [-122.6864394, 45.5841779], [-122.6865387, 45.584255], [-122.6865963, 45.5843201], [-122.6866478, 45.5843886], [-122.6866885, 45.5844575], [-122.6867132, 45.5844732]]}}, {"type": "Feature", "properties": {"osm_id": 124807601, "footway": "crossing", "highway": "footway", "name": "North Interstate Avenue", "wheelchair": "yes"}, "geometry": {"type": "LineString", "coordinates": [[-122.6867132, 45.5844732], [-122.6867233, 45.5845395], [-122.6867326, 45.5845993], [-122.686758, 45.5845993], [-122.6867624, 45.5846587]]}}, {"type": "Feature", "properties": {"osm_id": 124808469, "footway": "sidewalk", "highway": "footway", "name": "North Interstate Avenue", "source": "RLIS Metro Aerials 2011"}, "geometry": {"type": "LineString", "coordinates": [[-122.6854526, 45.5837528], [-122.6853691, 45.5837533], [-122.6853452, 45.5837453], [-122.6853283, 45.5837316], [-122.6852328, 45.5836786], [-122.6848533, 45.583547]]}}, {"type": "Feature", "properties": {"osm_id": 124808475, "crossing:markings": "ladder:skewed", "footway": "sidewalk", "highway": "footway", "name": "North Interstate Avenue", "source": "RLIS Metro Aerials 2011", "wheelchair": "yes"}, "geometry": {"type": "LineString", "coordinates": [[-122.6848544, 45.5835094], [-122.6848533, 45.583547], [-122.6847942, 45.5835347]]}}, {"type": "Feature", "properties": {"osm_id": 124811227, "footway": "sidewalk", "highway": "footway", "name": "North Interstate Avenue", "source": "RLIS Metro Aerials 2010"}, "geometry": {"type": "LineString", "coordinates": [[-122.6779957, 45.5449635], [-122.6780301, 45.5450173], [-122.678076, 45.5450639], [-122.6781248, 45.5451111], [-122.6782163, 45.5451914]]}}, {"type": "Feature", "properties": {"osm_id": 124953840, "bicycle": "yes", "crossing": "traffic_signals", "crossing:markings": "ladder", "crossing:signals": "yes", "footway": "crossing", "highway": "footway", "name": "Northeast Martin Luther King Junior Boulevard", "name:etymology:wikidata": "Q8027", "short_name": "NE MLK Jr Blvd", "surface": "asphalt", "wheelchair": "yes"}, "geometry": {"type": "LineString", "coordinates": [[-122.661901, 45.5237296], [-122.6618967, 45.5236557], [-122.6618965, 45.5236188]]}}, {"type": "Feature", "properties": {"osm_id": 124954370, "NHS": "yes", "RLIS:bicycle": "caution_area", "alt_name": "Highway 99E", "class:bicycle": "-1", "hgv": "designated", "hgv:national_network": "yes", "highway": "primary", "lanes": "4", "lanes:bus": "1", "maxspeed": "30 mph", "name": "Northeast Martin Luther King Junior Boulevard", "name:etymology": "Martin Luther King Junior", "name:etymology:wikidata": "Q8027", "name:etymology:wikipedia": "en:Martin Luther King Jr.", "old_name": "Northeast Union Avenue", "oneway": "yes", "ref": "OR 99E", "short_name": "NE MLK Jr Blvd; NE MLK Blvd", "sidewalk": "both", "surface": "asphalt"}, "geometry": {"type": "LineString", "coordinates": [[-122.6616684, 45.5315038], [-122.6616686, 45.531419], [-122.6616705, 45.531278], [-122.6616711, 45.5311602], [-122.6616764, 45.5308017], [-122.6616736, 45.530573], [-122.6616757, 45.5302219], [-122.6616761, 45.5301529], [-122.6616762, 45.5301073], [-122.6616761, 45.5300735], [-122.6616755, 45.5300064], [-122.6616749, 45.529941], [-122.6616757, 45.5297599], [-122.6616765, 45.52973], [-122.661685, 45.5293934], [-122.6616855, 45.529327], [-122.661686, 45.5292684], [-122.6616799, 45.5287229], [-122.6616789, 45.5286322]]}}, {"type": "Feature", "properties": {"osm_id": 125686447, "NHS": "yes", "RLIS:bicycle": "caution_area", "alt_name": "Highway 99E", "bicycle": "yes", "description": "Pacific Highway East #1E (81)", "hgv": "designated", "hgv:national_network": "yes", "highway": "primary", "lanes": "4", "maxspeed": "30 mph", "name": "Northeast Martin Luther King Junior Boulevard", "name:etymology": "Martin Luther King Junior", "name:etymology:wikidata": "Q8027", "name:etymology:wikipedia": "en:Martin Luther King Jr.", "old_ref": "US 99E", "ref": "OR 99E", "short_name": "NE MLK Jr Blvd", "sidewalk": "both", "surface": "asphalt"}, "geometry": {"type": "LineString", "coordinates": [[-122.6613366, 45.5806936], [-122.6613361, 45.5806664], [-122.6613366, 45.5804867], [-122.661337, 45.5803392], [-122.6613375, 45.5799845], [-122.6613407, 45.579223]]}}, {"type": "Feature", "properties": {"osm_id": 125693819, "NHS": "yes", "RLIS:bicycle": "caution_area", "alt_name": "Highway 99E", "bicycle": "yes", "hgv": "designated", "hgv:national_network": "yes", "highway": "primary", "lanes": "2", "maxspeed": "30 mph", "name": "Northeast Martin Luther King Junior Boulevard", "name:etymology": "Martin Luther King Junior", "name:etymology:wikidata": "Q8027", "name:etymology:wikipedia": "en:Martin Luther King Jr.", "old_name": "Pacific Highway East #1E (81)", "old_ref": "US 99E", "oneway": "yes", "ref": "OR 99E", "short_name": "NE MLK Jr Blvd", "sidewalk": "right", "surface": "asphalt"}, "geometry": {"type": "LineString", "coordinates": [[-122.6613188, 45.5717879], [-122.661311, 45.5718761], [-122.6613079, 45.5725982], [-122.6613064, 45.5731785], [-122.6613062, 45.5732581], [-122.661306, 45.573313], [-122.6612998, 45.574165]]}}, {"type": "Feature", "properties": {"osm_id": 125693820, "NHS": "yes", "RLIS:bicycle": "caution_area", "alt_name": "Highway 99E", "bicycle": "yes", "hgv": "designated", "hgv:national_network": "yes", "highway": "primary", "lanes": "2", "maxspeed": "30 mph", "name": "Northeast Martin Luther King Junior Boulevard", "name:etymology": "Martin Luther King Junior", "name:etymology:wikidata": "Q8027", "name:etymology:wikipedia": "en:Martin Luther King Jr.", "old_name": "Pacific Highway East #1E (81)", "old_ref": "US 99E", "oneway": "yes", "ref": "OR 99E", "short_name": "NE MLK Jr Blvd", "sidewalk": "right", "surface": "asphalt"}, "geometry": {"type": "LineString", "coordinates": [[-122.6614317, 45.5744342], [-122.6614378, 45.5733143], [-122.6614377, 45.5732596], [-122.6614376, 45.5731713], [-122.6614397, 45.5726197], [-122.6614399, 45.5725694], [-122.6614404, 45.5723878], [-122.6614412, 45.5721095]]}}, {"type": "Feature", "properties": {"osm_id": 125693821, "NHS": "yes", "RLIS:bicycle": "caution_area", "alt_name": "Highway 99E", "bicycle": "yes", "hgv": "designated", "hgv:national_network": "yes", "highway": "primary", "lanes": "5", "lanes:backward": "2", "lanes:both_ways": "1", "lanes:forward": "2", "maxspeed": "30 mph", "name": "Northeast Martin Luther King Junior Boulevard", "name:etymology": "Martin Luther King Junior", "name:etymology:wikidata": "Q8027", "name:etymology:wikipedia": "en:Martin Luther King Jr.", "old_name": "Pacific Highway East #1E (81)", "old_ref": "US 99E", "ref": "OR 99E", "short_name": "NE MLK Jr Blvd", "sidewalk": "both", "surface": "asphalt", "turn:lanes:both_ways": "left"}, "geometry": {"type": "LineString", "coordinates": [[-122.6613545, 45.5761833], [-122.6613545, 45.5761549], [-122.6613543, 45.5758101]]}}, {"type": "Feature", "properties": {"osm_id": 125693822, "NHS": "yes", "RLIS:bicycle": "caution_area", "alt_name": "Highway 99E", "bicycle": "yes", "hgv": "designated", "hgv:national_network": "yes", "highway": "primary", "lanes": "2", "maxspeed": "30 mph", "name": "Northeast Martin Luther King Junior Boulevard", "name:etymology": "Martin Luther King Junior", "name:etymology:wikidata": "Q8027", "name:etymology:wikipedia": "en:Martin Luther King Jr.", "old_name": "Pacific Highway East #1E (81)", "old_ref": "US 99E", "oneway": "yes", "ref": "OR 99E", "short_name": "NE MLK Jr Blvd", "sidewalk": "right", "surface": "asphalt"}, "geometry": {"type": "LineString", "coordinates": [[-122.6613545, 45.5761833], [-122.6612874, 45.5762495], [-122.6612863, 45.5764407], [-122.661286, 45.5764946], [-122.6612851, 45.5766974], [-122.6613515, 45.57679]]}}, {"type": "Feature", "properties": {"osm_id": 125693823, "NHS": "yes", "RLIS:bicycle": "caution_area", "alt_name": "Highway 99E", "bicycle": "yes", "hgv": "designated", "hgv:national_network": "yes", "highway": "primary", "lanes": "2", "maxspeed": "30 mph", "name": "Northeast Martin Luther King Junior Boulevard", "name:etymology": "Martin Luther King Junior", "name:etymology:wikidata": "Q8027", "name:etymology:wikipedia": "en:Martin Luther King Jr.", "old_name": "Pacific Highway East #1E (81)", "old_ref": "US 99E", "oneway": "yes", "ref": "OR 99E", "short_name": "NE MLK Jr Blvd", "sidewalk": "right", "surface": "asphalt"}, "geometry": {"type": "LineString", "coordinates": [[-122.6613515, 45.57679], [-122.6614155, 45.5766998], [-122.6614166, 45.5764869], [-122.6614168, 45.5764369], [-122.6614181, 45.5762593], [-122.6613545, 45.5761833]]}}, {"type": "Feature", "properties": {"osm_id": 125695602, "NHS": "yes", "RLIS:bicycle": "caution_area", "alt_name": "Highway 99E", "bicycle": "yes", "hgv": "designated", "hgv:national_network": "yes", "highway": "primary", "lanes": "2", "maxspeed": "30 mph", "name": "Northeast Martin Luther King Junior Boulevard", "name:etymology": "Martin Luther King Junior", "name:etymology:wikidata": "Q8027", "name:etymology:wikipedia": "en:Martin Luther King Jr.", "old_name": "Northeast Union Avenue", "oneway": "yes", "ref": "OR 99E", "short_name": "NE MLK Jr Blvd; NE MLK Blvd", "sidewalk": "right", "surface": "asphalt"}, "geometry": {"type": "LineString", "coordinates": [[-122.6616247, 45.552062], [-122.6616251, 45.5520028], [-122.6616274, 45.5516165]]}}, {"type": "Feature", "properties": {"osm_id": 125785897, "NHS": "yes", "RLIS:bicycle": "caution_area", "alt_name": "Highway 99E", "bicycle": "yes", "hgv": "designated", "hgv:national_network": "yes", "highway": "primary", "lanes": "2", "maxspeed": "30 mph", "name": "Northeast Martin Luther King Junior Boulevard", "name:etymology": "Martin Luther King Junior", "name:etymology:wikidata": "Q8027", "name:etymology:wikipedia": "en:Martin Luther King Jr.", "oneway": "yes", "ref": "OR 99E", "short_name": "NE MLK Jr Blvd; NE MLK Blvd", "sidewalk": "right", "surface": "asphalt"}, "geometry": {"type": "LineString", "coordinates": [[-122.6615772, 45.539957], [-122.6615614, 45.5402472], [-122.6615578, 45.540338], [-122.6615559, 45.5404128], [-122.6615544, 45.5404735]]}}, {"type": "Feature", "properties": {"osm_id": 125785902, "footway": "sidewalk", "highway": "footway", "name": "North Interstate Avenue"}, "geometry": {"type": "LineString", "coordinates": [[-122.6686257, 45.530306], [-122.6684299, 45.5302083], [-122.6681782, 45.5300828], [-122.667552, 45.5298141], [-122.6674394, 45.5297696], [-122.6673848, 45.5297344]]}}, {"type": "Feature", "properties": {"osm_id": 125785918, "crossing": "traffic_signals", "crossing:island": "yes", "crossing:markings": "surface", "crossing:signals": "yes", "footway": "crossing", "highway": "footway", "lit": "yes", "name": "Northeast Martin Luther King Junior Boulevard", "name:etymology:wikidata": "Q8027", "short_name": "NE MLK Jr Blvd", "surface": "paving_stones", "wheelchair": "yes"}, "geometry": {"type": "LineString", "coordinates": [[-122.6618316, 45.5301286], [-122.6618318, 45.5301079], [-122.6618321, 45.5300741], [-122.6618325, 45.5300343], [-122.6618328, 45.5299956], [-122.6618331, 45.5299643]]}}, {"type": "Feature", "properties": {"osm_id": 126575248, "bicycle": "designated", "cycleway:right": "lane", "cycleway:right:buffer": "no", "highway": "tertiary", "lanes": "1", "maxspeed": "30 mph", "name": "North Interstate Avenue", "old_name": "Pacific Highway West #1W (91)", "old_ref": "OR 99W (old US 99W)", "oneway": "yes", "sidewalk:left": "no", "sidewalk:right": "separate"}, "geometry": {"type": "LineString", "coordinates": [[-122.6771115, 45.541009], [-122.6771169, 45.5410811], [-122.6771197, 45.5419234], [-122.6771171, 45.5428312], [-122.677099, 45.5432334]]}}, {"type": "Feature", "properties": {"osm_id": 126575249, "bicycle": "designated", "cycleway:right": "lane", "cycleway:right:buffer": "no", "highway": "tertiary", "lanes": "1", "maxspeed": "30 mph", "name": "North Interstate Avenue", "old_name": "Pacific Highway West #1W (91)", "old_ref": "OR 99W (old US 99W)", "oneway": "yes", "sidewalk": "right"}, "geometry": {"type": "LineString", "coordinates": [[-122.670929, 45.5322204], [-122.6710386, 45.5323237], [-122.6713686, 45.5326091], [-122.6715697, 45.5327827], [-122.6717847, 45.5329928], [-122.6721191, 45.5333473], [-122.6725458, 45.5338446], [-122.672964, 45.5343336], [-122.6731821, 45.5346081], [-122.6734682, 45.5349864], [-122.6740069, 45.5356998], [-122.6741671, 45.5359385], [-122.6742363, 45.5360455], [-122.6742951, 45.5361378], [-122.6743275, 45.5361968], [-122.6743588, 45.5362653], [-122.6743644, 45.5362809], [-122.6743949, 45.5363658]]}}, {"type": "Feature", "properties": {"osm_id": 126575250, "bicycle": "designated", "cycleway": "track", "highway": "tertiary", "lanes": "1", "maxspeed": "30 mph", "name": "North Interstate Avenue", "old_name": "Pacific Highway West #1W (91)", "old_ref": "OR 99W (old US 99W)", "oneway": "yes", "sidewalk:left": "no", "sidewalk:right": "separate", "surface": "asphalt"}, "geometry": {"type": "LineString", "coordinates": [[-122.6744829, 45.5385216], [-122.674491, 45.5387706], [-122.674512, 45.5388604], [-122.6745527, 45.5389528], [-122.6746068, 45.5390369], [-122.6746688, 45.5391159], [-122.6747342, 45.5391824], [-122.6747888, 45.5392314], [-122.6748009, 45.5392407], [-122.6748614, 45.5392868], [-122.6749361, 45.5393384]]}}, {"type": "Feature", "properties": {"osm_id": 126575251, "bicycle": "designated", "cycleway:right": "lane", "cycleway:right:buffer": "no", "foot": "no", "highway": "tertiary", "lanes": "1", "maxspeed": "30 mph", "name": "North Interstate Avenue", "old_name": "Pacific Highway West #1W (91)", "old_ref": "OR 99W (old US 99W)", "oneway": "yes", "sidewalk": "no"}, "geometry": {"type": "LineString", "coordinates": [[-122.6773161, 45.5445374], [-122.6773598, 45.5446178], [-122.6774171, 45.544703], [-122.6775328, 45.544861], [-122.677586, 45.5449181], [-122.6776563, 45.5449937], [-122.6777297, 45.5450695], [-122.677804, 45.5451376], [-122.6779071, 45.5452247], [-122.6779119, 45.5452285], [-122.6780252, 45.545317]]}}, {"type": "Feature", "properties": {"osm_id": 126575252, "bicycle": "designated", "cycleway:right": "track", "highway": "tertiary", "lanes": "1", "maxspeed": "30 mph", "name": "North Interstate Avenue", "old_name": "Pacific Highway West #1W (91)", "old_ref": "OR 99W (old US 99W)", "oneway": "yes", "sidewalk:left": "no", "sidewalk:right": "separate", "surface": "asphalt"}, "geometry": {"type": "LineString", "coordinates": [[-122.6747279, 45.5376252], [-122.6747225, 45.53741], [-122.6747267, 45.5372027]]}}, {"type": "Feature", "properties": {"osm_id": 126575253, "bicycle": "designated", "cycleway:right": "lane", "cycleway:right:buffer": "no", "highway": "tertiary", "lanes": "1", "maxspeed": "30 mph", "name": "North Interstate Avenue", "old_name": "Pacific Highway West #1W (91)", "old_ref": "OR 99W (old US 99W)", "oneway": "yes", "sidewalk": "right", "surface": "asphalt"}, "geometry": {"type": "LineString", "coordinates": [[-122.6697378, 45.5309909], [-122.669636, 45.5309277], [-122.669475, 45.5308277], [-122.6692986, 45.5307322]]}}, {"type": "Feature", "properties": {"osm_id": 127415119, "NHS": "yes", "RLIS:bicycle": "caution_area", "alt_name": "Highway 99E", "bicycle": "yes", "expressway": "yes", "foot": "no", "hgv": "designated", "hgv:national_network": "yes", "highway": "trunk", "lanes": "2", "maxspeed": "30 mph", "name": "Southeast Martin Luther King Junior Boulevard", "name:etymology:wikidata": "Q8027", "oneway": "yes", "ref": "OR 99E", "short_name": "SE MLK Jr Blvd", "sidewalk": "no", "surface": "asphalt"}, "geometry": {"type": "LineString", "coordinates": [[-122.6608843, 45.5023259], [-122.6607886, 45.5017501]]}}, {"type": "Feature", "properties": {"osm_id": 127415122, "NHS": "yes", "RLIS:bicycle": "caution_area", "alt_name": "Highway 99E", "bicycle": "yes", "embankment": "yes", "embedded_rails": "tram", "expressway": "yes", "foot": "yes", "hgv": "designated", "hgv:national_network": "yes", "highway": "trunk", "lanes": "3", "maxspeed": "30 mph", "name": "Southeast Martin Luther King Junior Boulevard", "name:etymology": "Martin Luther King Junior", "name:etymology:wikidata": "Q8027", "name:etymology:wikipedia": "en:Martin Luther King Jr.", "old_name": "Southeast Union Avenue", "oneway": "yes", "placement": "left_of:2", "ref": "OR 99E", "short_name": "SE MLK Jr Blvd", "sidewalk": "right", "surface": "asphalt"}, "geometry": {"type": "LineString", "coordinates": [[-122.6618436, 45.5093152], [-122.6618416, 45.5091293], [-122.6618312, 45.5090353], [-122.6618017, 45.5089076], [-122.6617621, 45.5087987], [-122.6617147, 45.5086991]]}}, {"type": "Feature", "properties": {"osm_id": 127415151, "embankment": "yes", "footway": "sidewalk", "highway": "footway", "name": "Southeast Martin Luther King Jr Boulevard", "name:etymology:wikidata": "Q8027"}, "geometry": {"type": "LineString", "coordinates": [[-122.6620049, 45.5094728], [-122.6619907, 45.5093375], [-122.6619889, 45.5091555], [-122.6619514, 45.508943], [-122.6618854, 45.5087646], [-122.661874, 45.5087162], [-122.6618633, 45.5085769]]}}, {"type": "Feature", "properties": {"osm_id": 128691479, "bicycle": "designated", "cycleway:right": "lane", "cycleway:right:buffer": "no", "highway": "tertiary", "lanes": "1", "maxspeed": "30 mph", "name": "North Interstate Avenue", "old_name": "Pacific Highway West #1W (91)", "old_ref": "OR 99W (old US 99W)", "oneway": "yes", "sidewalk:left": "no", "sidewalk:right": "separate"}, "geometry": {"type": "LineString", "coordinates": [[-122.6822027, 45.5560914], [-122.6822037, 45.5562733], [-122.6822139, 45.5564788], [-122.6822119, 45.5565997], [-122.6822076, 45.5568564], [-122.6822078, 45.5571805], [-122.6822039, 45.5572217], [-122.6822015, 45.5572537], [-122.6821783, 45.5575669], [-122.6821788, 45.5576552], [-122.6821634, 45.5582783], [-122.6821767, 45.5585807]]}}, {"type": "Feature", "properties": {"osm_id": 128691483, "bicycle": "designated", "cycleway:right": "lane", "cycleway:right:buffer": "no", "highway": "tertiary", "lanes": "1", "maxspeed": "30 mph", "name": "North Interstate Avenue", "old_ref": "OR 99W (old US 99W)", "oneway": "yes", "sidewalk:left": "no", "sidewalk:right": "separate", "surface": "paved"}, "geometry": {"type": "LineString", "coordinates": [[-122.6823518, 45.5546517], [-122.682321, 45.5545808], [-122.6822483, 45.5545093], [-122.6821517, 45.5544331], [-122.6820173, 45.5543344], [-122.6815412, 45.5539925], [-122.6814186, 45.5539029], [-122.6813745, 45.553862], [-122.6813355, 45.5538258], [-122.6812553, 45.5537387], [-122.6811967, 45.5536515], [-122.681161, 45.5535812], [-122.681127, 45.5534864], [-122.6810941, 45.5533931], [-122.6810674, 45.5532767], [-122.6810554, 45.5531713], [-122.6810568, 45.5528949], [-122.6810653, 45.5527756], [-122.6810741, 45.5526634], [-122.6810755, 45.5524954], [-122.6810754, 45.5524294]]}}, {"type": "Feature", "properties": {"osm_id": 128691484, "bicycle": "designated", "cycleway:right": "lane", "cycleway:right:buffer": "no", "highway": "tertiary", "lanes": "1", "maxspeed": "30 mph", "name": "North Interstate Avenue", "old_ref": "OR 99W (old US 99W)", "oneway": "yes", "sidewalk:left": "no", "sidewalk:right": "separate", "surface": "asphalt"}, "geometry": {"type": "LineString", "coordinates": [[-122.6823909, 45.5560949], [-122.6823888, 45.5559514], [-122.6823901, 45.5557593], [-122.6824136, 45.5555025]]}}, {"type": "Feature", "properties": {"osm_id": 129272947, "footway": "sidewalk", "highway": "footway", "name": "North Interstate Avenue"}, "geometry": {"type": "LineString", "coordinates": [[-122.6693925, 45.5311178], [-122.6693483, 45.5310939], [-122.6690885, 45.5309502], [-122.6689618, 45.5308863], [-122.6687717, 45.530796], [-122.668733, 45.530779], [-122.6685559, 45.5307012], [-122.6685087, 45.5306911]]}}, {"type": "Feature", "properties": {"osm_id": 134825417, "NHS": "yes", "alt_name": "Highway 99E", "change:lanes": "no|not_left|yes", "description": "Pacific Highway East #1E (81)", "destination:lanes": "Humane Society;Portland Airport|City Center|City Center", "destination:symbol:lanes": "airport|centre|centre", "expressway": "yes", "foot": "yes", "hgv": "designated", "hgv:national_network": "yes", "highway": "primary", "lanes": "3", "lit": "yes", "maxspeed": "30 mph", "name": "Northeast Martin Luther King Junior Boulevard", "name:etymology": "Martin Luther King Junior", "name:etymology:wikidata": "Q8027", "name:etymology:wikipedia": "en:Martin Luther King Jr.", "old_ref": "US 99E", "oneway": "yes", "placement": "right_of:2", "ref": "OR 99E", "short_name": "NE MLK Jr Blvd", "sidewalk": "right", "surface": "asphalt", "turn:lanes": "left||"}, "geometry": {"type": "LineString", "coordinates": [[-122.6614614, 45.5815704], [-122.6614401, 45.5814762], [-122.6614209, 45.581259], [-122.6613267, 45.581125]]}}, {"type": "Feature", "properties": {"osm_id": 135706765, "embankment": "yes", "footway": "sidewalk", "highway": "footway", "name": "Southeast Martin Luther King Jr Boulevard", "name:etymology:wikidata": "Q8027"}, "geometry": {"type": "LineString", "coordinates": [[-122.6617482, 45.5084962], [-122.6616016, 45.5083378], [-122.6613803, 45.5080338], [-122.6612899, 45.5078894]]}}, {"type": "Feature", "properties": {"osm_id": 135706774, "embankment": "yes", "footway": "crossing", "highway": "footway", "name": "Southeast Martin Luther King Jr Boulevard", "name:etymology:wikidata": "Q8027"}, "geometry": {"type": "LineString", "coordinates": [[-122.6618633, 45.5085769], [-122.6618366, 45.5085632], [-122.6617908, 45.5085332], [-122.6617482, 45.5084962]]}}, {"type": "Feature", "properties": {"osm_id": 136353307, "bicycle": "designated", "cycleway:right": "lane", "cycleway:right:buffer": "no", "highway": "tertiary", "lanes": "2", "maxspeed": "30 mph", "name": "North Interstate Avenue", "old_name": "Pacific Highway West #1W (91)", "old_ref": "OR 99W (old US 99W)", "oneway": "yes", "sidewalk": "right", "surface": "asphalt"}, "geometry": {"type": "LineString", "coordinates": [[-122.669453, 45.5310707], [-122.6695554, 45.5311265]]}}, {"type": "Feature", "properties": {"osm_id": 136353309, "bicycle": "designated", "cycleway:right": "lane", "cycleway:right:buffer": "no", "highway": "tertiary", "lanes": "3", "maxspeed": "30 mph", "name": "North Interstate Avenue", "old_name": "Pacific Highway West #1W (91)", "old_ref": "OR 99W (old US 99W)", "oneway": "yes", "sidewalk": "both", "surface": "asphalt", "turn:lanes": "through|through|right"}, "geometry": {"type": "LineString", "coordinates": [[-122.6681256, 45.5301677], [-122.6676125, 45.5299482], [-122.6675127, 45.5299047], [-122.667486, 45.5298927], [-122.6673117, 45.5298179]]}}, {"type": "Feature", "properties": {"osm_id": 136353314, "bicycle": "designated", "cycleway:right": "lane", "cycleway:right:buffer": "no", "highway": "secondary", "lanes": "3", "maxspeed": "30 mph", "name": "North Interstate Avenue", "old_ref": "OR 99W (old US 99W)", "oneway": "yes", "sidewalk": "right", "surface": "asphalt", "turn:lanes": "through|none|none"}, "geometry": {"type": "LineString", "coordinates": [[-122.6661019, 45.5295603], [-122.6663508, 45.5296758], [-122.6664244, 45.5297083], [-122.6664452, 45.5297176], [-122.6665175, 45.5297506], [-122.6665658, 45.5297732], [-122.6665874, 45.529783], [-122.6666347, 45.529805]]}}, {"type": "Feature", "properties": {"osm_id": 138322458, "bicycle": "no", "hgv": "designated", "hgv:national_network": "yes", "highway": "motorway", "lanes": "3", "maxheight:signed": "no", "maxspeed": "55 mph", "oneway": "yes", "placement": "right_of:1", "ref": "I 205", "source:hgv:national_network": "https://www.ecfr.gov/current/title-23/chapter-I/subchapter-G/part-658;https://hepgis-usdot.hub.arcgis.com/apps/usdot::national-network-conventional-combination-trucks-map", "surface": "asphalt"}, "geometry": {"type": "LineString", "coordinates": [[-122.5734443, 45.4139956], [-122.5737283, 45.414808], [-122.5739491, 45.4154726], [-122.5740538, 45.4158923], [-122.5740927, 45.4160652], [-122.5741305, 45.4162624], [-122.5741583, 45.4165073], [-122.5741802, 45.4167607], [-122.5741774, 45.4170696], [-122.5741544, 45.4173502], [-122.5741303, 45.4175178], [-122.5740737, 45.4177649], [-122.5740118, 45.4180161], [-122.5739652, 45.4181545], [-122.5738592, 45.4184283], [-122.5737455, 45.4186639], [-122.5736581, 45.4188225], [-122.5734747, 45.4191328], [-122.5733235, 45.4193601], [-122.5731955, 45.4195497], [-122.5730635, 45.4197193], [-122.572888, 45.4199467], [-122.5727206, 45.4201527], [-122.5725259, 45.4203852], [-122.5723792, 45.4205402]]}}, {"type": "Feature", "properties": {"osm_id": 141246963, "bicycle": "designated", "cycleway:right": "lane", "cycleway:right:buffer": "no", "highway": "tertiary", "maxspeed": "30 mph", "name": "North Interstate Avenue", "old_ref": "OR 99W (old US 99W)", "oneway": "yes", "sidewalk": "right"}, "geometry": {"type": "LineString", "coordinates": [[-122.682245, 45.5716951], [-122.6822455, 45.5715959], [-122.6822276, 45.5713881]]}}, {"type": "Feature", "properties": {"osm_id": 141248779, "bicycle": "designated", "cycleway:right": "lane", "cycleway:right:buffer": "no", "highway": "tertiary", "lanes": "1", "maxspeed": "30 mph", "name": "North Interstate Avenue", "old_name": "Pacific Highway West #1W (91)", "old_ref": "OR 99W (old US 99W)", "oneway": "yes", "sidewalk": "right"}, "geometry": {"type": "LineString", "coordinates": [[-122.6805751, 45.5467374], [-122.680667, 45.546828], [-122.6807426, 45.5469187], [-122.6808051, 45.5470068], [-122.6808562, 45.5471178], [-122.6808787, 45.5471958], [-122.6808943, 45.5472867], [-122.6809159, 45.5474833]]}}, {"type": "Feature", "properties": {"osm_id": 141248780, "bicycle": "designated", "cycleway": "track", "highway": "tertiary", "lanes": "1", "maxspeed": "30 mph", "name": "North Interstate Avenue", "old_name": "Pacific Highway West #1W (91)", "old_ref": "OR 99W (old US 99W)", "oneway": "yes", "sidewalk": "right"}, "geometry": {"type": "LineString", "coordinates": [[-122.6772945, 45.5409289], [-122.677294, 45.5407524]]}}, {"type": "Feature", "properties": {"osm_id": 141248781, "bicycle": "designated", "cycleway:right": "lane", "cycleway:right:buffer": "no", "foot": "no", "highway": "tertiary", "lanes": "1", "maxspeed": "30 mph", "name": "North Interstate Avenue", "old_name": "Pacific Highway West #1W (91)", "old_ref": "OR 99W (old US 99W)", "oneway": "yes", "sidewalk": "no"}, "geometry": {"type": "LineString", "coordinates": [[-122.6773236, 45.5431726], [-122.6772969, 45.5428047], [-122.6772963, 45.5423556]]}}, {"type": "Feature", "properties": {"osm_id": 141248782, "bicycle": "designated", "cycleway:right": "lane", "cycleway:right:buffer": "no", "foot": "no", "highway": "tertiary", "lanes": "1", "maxspeed": "30 mph", "name": "North Interstate Avenue", "old_name": "Pacific Highway West #1W (91)", "old_ref": "OR 99W (old US 99W)", "oneway": "yes", "sidewalk": "no"}, "geometry": {"type": "LineString", "coordinates": [[-122.677099, 45.5432334], [-122.6770972, 45.5434051], [-122.6770977, 45.5435026], [-122.6771084, 45.5436441]]}}, {"type": "Feature", "properties": {"osm_id": 141556237, "NHS": "yes", "RLIS:bicycle": "caution_area", "alt_name": "Highway 99E", "bicycle": "yes", "hgv": "designated", "hgv:national_network": "yes", "highway": "primary", "lanes": "2", "maxspeed": "30 mph", "name": "Northeast Martin Luther King Junior Boulevard", "name:etymology": "Martin Luther King Junior", "name:etymology:wikidata": "Q8027", "name:etymology:wikipedia": "en:Martin Luther King Jr.", "old_name": "Northeast Union Avenue", "oneway": "yes", "ref": "OR 99E", "short_name": "NE MLK Jr Blvd; NE MLK Blvd", "sidewalk": "right", "surface": "asphalt"}, "geometry": {"type": "LineString", "coordinates": [[-122.6616742, 45.540922], [-122.6616784, 45.5408478], [-122.6616826, 45.5403374], [-122.6616731, 45.5399573], [-122.6616732, 45.5397356], [-122.6616748, 45.5395602], [-122.6616769, 45.5393251], [-122.6616797, 45.5390006], [-122.6616807, 45.5387122], [-122.661681, 45.5385766], [-122.6616835, 45.5383466], [-122.661686, 45.5381146], [-122.6616872, 45.5380946], [-122.6616909, 45.5380309]]}}, {"type": "Feature", "properties": {"osm_id": 141556240, "NHS": "yes", "RLIS:bicycle": "caution_area", "alt_name": "Highway 99E", "bicycle": "yes", "hgv": "designated", "hgv:national_network": "yes", "highway": "primary", "lanes": "2", "maxspeed": "30 mph", "name": "Northeast Martin Luther King Junior Boulevard", "name:etymology": "Martin Luther King Junior", "name:etymology:wikidata": "Q8027", "name:etymology:wikipedia": "en:Martin Luther King Jr.", "old_name": "Northeast Union Avenue", "oneway": "yes", "ref": "OR 99E", "short_name": "NE MLK Jr Blvd; NE MLK Blvd", "sidewalk": "right", "surface": "asphalt"}, "geometry": {"type": "LineString", "coordinates": [[-122.6616462, 45.541874], [-122.6616492, 45.5416328], [-122.6616539, 45.541264]]}}, {"type": "Feature", "properties": {"osm_id": 141556244, "NHS": "yes", "RLIS:bicycle": "caution_area", "alt_name": "Highway 99E", "bicycle": "designated", "hgv": "designated", "hgv:national_network": "yes", "highway": "primary", "lanes": "2", "maxspeed": "30 mph", "name": "Northeast Martin Luther King Junior Boulevard", "name:etymology": "Martin Luther King Junior", "name:etymology:wikidata": "Q8027", "name:etymology:wikipedia": "en:Martin Luther King Jr.", "old_name": "Northeast Union Avenue", "oneway": "yes", "ref": "OR 99E", "short_name": "NE MLK Jr Blvd; NE MLK Blvd", "sidewalk": "right", "surface": "asphalt"}, "geometry": {"type": "LineString", "coordinates": [[-122.6616614, 45.5421169], [-122.661654, 45.5420409], [-122.6616462, 45.541874]]}}, {"type": "Feature", "properties": {"osm_id": 141556248, "NHS": "yes", "RLIS:bicycle": "caution_area", "alt_name": "Highway 99E", "bicycle": "designated", "hgv": "designated", "hgv:national_network": "yes", "highway": "primary", "lanes": "2", "maxspeed": "30 mph", "name": "Northeast Martin Luther King Junior Boulevard", "name:etymology": "Martin Luther King Junior", "name:etymology:wikidata": "Q8027", "name:etymology:wikipedia": "en:Martin Luther King Jr.", "old_name": "Northeast Union Avenue", "oneway": "yes", "ref": "OR 99E", "short_name": "NE MLK Jr Blvd; NE MLK Blvd", "sidewalk": "right", "surface": "asphalt"}, "geometry": {"type": "LineString", "coordinates": [[-122.6616539, 45.541264], [-122.6616694, 45.5410073], [-122.6616703, 45.5409906], [-122.6616742, 45.540922]]}}, {"type": "Feature", "properties": {"osm_id": 141556255, "NHS": "yes", "RLIS:bicycle": "caution_area", "alt_name": "Highway 99E", "bicycle": "yes", "hgv": "designated", "hgv:national_network": "yes", "highway": "primary", "lanes": "2", "maxspeed": "30 mph", "name": "Northeast Martin Luther King Junior Boulevard", "name:etymology": "Martin Luther King Junior", "name:etymology:wikidata": "Q8027", "name:etymology:wikipedia": "en:Martin Luther King Jr.", "oneway": "yes", "ref": "OR 99E", "short_name": "NE MLK Jr Blvd; NE MLK Blvd", "sidewalk": "right", "surface": "asphalt"}, "geometry": {"type": "LineString", "coordinates": [[-122.6615559, 45.5412625], [-122.661553, 45.5418775]]}}, {"type": "Feature", "properties": {"osm_id": 141556261, "NHS": "yes", "RLIS:bicycle": "caution_area", "alt_name": "Highway 99E", "bicycle": "designated", "hgv": "designated", "hgv:national_network": "yes", "highway": "primary", "lanes": "2", "maxspeed": "30 mph", "name": "Northeast Martin Luther King Junior Boulevard", "name:etymology": "Martin Luther King Junior", "name:etymology:wikidata": "Q8027", "name:etymology:wikipedia": "en:Martin Luther King Jr.", "oneway": "yes", "ref": "OR 99E", "short_name": "NE MLK Jr Blvd; NE MLK Blvd", "sidewalk": "right", "surface": "asphalt"}, "geometry": {"type": "LineString", "coordinates": [[-122.661553, 45.5418775], [-122.6615457, 45.5420264], [-122.661545, 45.5420415], [-122.6615386, 45.5421169]]}}, {"type": "Feature", "properties": {"osm_id": 141556266, "NHS": "yes", "RLIS:bicycle": "caution_area", "alt_name": "Highway 99E", "bicycle": "designated", "cycleway:right": "lane", "hgv": "designated", "hgv:national_network": "yes", "highway": "primary", "lanes": "2", "maxspeed": "30 mph", "name": "Northeast Martin Luther King Junior Boulevard", "name:etymology": "Martin Luther King Junior", "name:etymology:wikidata": "Q8027", "name:etymology:wikipedia": "en:Martin Luther King Jr.", "oneway": "yes", "ref": "OR 99E", "short_name": "NE MLK Jr Blvd; NE MLK Blvd", "sidewalk": "right", "surface": "asphalt"}, "geometry": {"type": "LineString", "coordinates": [[-122.6615569, 45.5409207], [-122.6615592, 45.5409931], [-122.6615559, 45.5412625]]}}, {"type": "Feature", "properties": {"osm_id": 141556271, "NHS": "yes", "RLIS:bicycle": "caution_area", "alt_name": "Highway 99E", "bicycle": "yes", "hgv": "designated", "hgv:national_network": "yes", "highway": "primary", "lanes": "2", "maxspeed": "30 mph", "name": "Northeast Martin Luther King Junior Boulevard", "name:etymology": "Martin Luther King Junior", "name:etymology:wikidata": "Q8027", "name:etymology:wikipedia": "en:Martin Luther King Jr.", "oneway": "yes", "ref": "OR 99E", "short_name": "NE MLK Jr Blvd; NE MLK Blvd", "sidewalk": "right", "surface": "asphalt"}, "geometry": {"type": "LineString", "coordinates": [[-122.6615456, 45.5429684], [-122.6615451, 45.5430474], [-122.6615409, 45.5436932], [-122.6615427, 45.5438168], [-122.661544, 45.5439133], [-122.6615509, 45.5443225]]}}, {"type": "Feature", "properties": {"osm_id": 143690693, "NHS": "yes", "RLIS:bicycle": "caution_area", "alt_name": "Highway 99E", "bicycle": "yes", "hgv": "designated", "hgv:national_network": "yes", "highway": "primary", "lanes": "2", "lit": "yes", "maxspeed": "30 mph", "name": "Northeast Martin Luther King Junior Boulevard", "name:etymology": "Martin Luther King Junior", "name:etymology:wikidata": "Q8027", "name:etymology:wikipedia": "en:Martin Luther King Jr.", "old_name": "Northeast Union Avenue", "oneway": "yes", "ref": "OR 99E", "short_name": "NE MLK Jr Blvd; NE MLK Blvd", "sidewalk": "right", "surface": "asphalt"}, "geometry": {"type": "LineString", "coordinates": [[-122.6616864, 45.5445788], [-122.661686, 45.5445037], [-122.6616842, 45.544346], [-122.6616545, 45.5440637], [-122.6616401, 45.5439411], [-122.6616366, 45.543817], [-122.6616338, 45.5437152], [-122.661658, 45.5431009], [-122.6616621, 45.5429131], [-122.6616618, 45.5428473]]}}, {"type": "Feature", "properties": {"osm_id": 143690705, "NHS": "yes", "RLIS:bicycle": "caution_area", "alt_name": "Highway 99E", "bicycle": "yes", "hgv": "designated", "hgv:national_network": "yes", "highway": "primary", "lanes": "2", "maxspeed": "30 mph", "name": "Northeast Martin Luther King Junior Boulevard", "name:etymology": "Martin Luther King Junior", "name:etymology:wikidata": "Q8027", "name:etymology:wikipedia": "en:Martin Luther King Jr.", "oneway": "yes", "ref": "OR 99E", "short_name": "NE MLK Jr Blvd", "sidewalk": "right", "surface": "asphalt"}, "geometry": {"type": "LineString", "coordinates": [[-122.6615518, 45.544664], [-122.66155, 45.5447367], [-122.6615468, 45.5453506], [-122.6616111, 45.5455241]]}}, {"type": "Feature", "properties": {"osm_id": 144316493, "NHS": "yes", "RLIS:bicycle": "caution_area", "alt_name": "Highway 99E", "bicycle": "yes", "hgv": "designated", "hgv:national_network": "yes", "highway": "primary", "lanes": "2", "maxspeed": "30 mph", "name": "Northeast Martin Luther King Junior Boulevard", "name:etymology": "Martin Luther King Junior", "name:etymology:wikidata": "Q8027", "name:etymology:wikipedia": "en:Martin Luther King Jr.", "oneway": "yes", "ref": "OR 99E", "short_name": "NE MLK Jr Blvd; NE MLK Blvd", "sidewalk": "right", "surface": "asphalt"}, "geometry": {"type": "LineString", "coordinates": [[-122.6615839, 45.5380312], [-122.6615859, 45.5380931], [-122.6615889, 45.5382162], [-122.6615858, 45.5387132], [-122.661584, 45.5390007], [-122.6615818, 45.5392695], [-122.6615803, 45.5395601], [-122.6615772, 45.539957]]}}, {"type": "Feature", "properties": {"osm_id": 151443027, "bicycle": "designated", "cycleway:right": "lane", "cycleway:right:buffer": "no", "foot": "no", "highway": "tertiary", "lanes": "1", "maxspeed": "30 mph", "name": "North Interstate Avenue", "old_name": "Pacific Highway West #1W (91)", "old_ref": "OR 99W (old US 99W)", "oneway": "yes", "sidewalk": "no"}, "geometry": {"type": "LineString", "coordinates": [[-122.6780252, 45.545317], [-122.678087, 45.54536], [-122.6781854, 45.5454239], [-122.6783015, 45.5454915], [-122.6788469, 45.5457745], [-122.6793407, 45.5460375], [-122.6798654, 45.5463154], [-122.6803615, 45.5465851], [-122.6804566, 45.5466465], [-122.6805751, 45.5467374]]}}, {"type": "Feature", "properties": {"osm_id": 153506711, "bicycle": "designated", "cycleway:right": "lane", "cycleway:right:buffer": "no", "highway": "tertiary", "lanes": "2", "maxspeed": "30 mph", "name": "North Interstate Avenue", "old_name": "Pacific Highway West #1W (91)", "old_ref": "OR 99W (old US 99W)", "oneway": "yes", "sidewalk": "right", "surface": "asphalt", "turn:lanes": "left|"}, "geometry": {"type": "LineString", "coordinates": [[-122.6715092, 45.5324392], [-122.6714644, 45.5323951], [-122.6712327, 45.5321951], [-122.6711143, 45.532093]]}}, {"type": "Feature", "properties": {"osm_id": 154068220, "crossing": "traffic_signals", "crossing:markings": "ladder", "crossing:signals": "yes", "footway": "crossing", "highway": "footway", "name": "Northeast Martin Luther King Junior Boulevard", "name:etymology:wikidata": "Q8027", "short_name": "NE MLK Jr Blvd", "surface": "asphalt", "wheelchair": "yes"}, "geometry": {"type": "LineString", "coordinates": [[-122.6619038, 45.5230271], [-122.6618951, 45.52293]]}}, {"type": "Feature", "properties": {"osm_id": 154653181, "bicycle": "designated", "est_width": "1.5", "foot": "designated", "highway": "path", "name": "Northeast Martin Luther King Junior Boulevard", "name:etymology:wikidata": "Q8027", "path": "sidewalk", "segregated": "no", "short_name": "NE MLK Jr Blvd", "surface": "paved"}, "geometry": {"type": "LineString", "coordinates": [[-122.6635258, 45.5856057], [-122.6634857, 45.5857317], [-122.6635297, 45.5858019], [-122.6636578, 45.5859782], [-122.663737, 45.5860717], [-122.6637579, 45.5861023]]}}, {"type": "Feature", "properties": {"osm_id": 154653183, "bicycle": "designated", "bridge": "yes", "est_width": "1.5", "foot": "designated", "highway": "path", "layer": "1", "name": "Northeast Martin Luther King Junior Boulevard", "name:etymology:wikidata": "Q8027", "path": "sidewalk", "segregated": "no", "short_name": "NE MLK Jr Blvd", "surface": "paved"}, "geometry": {"type": "LineString", "coordinates": [[-122.6637579, 45.5861023], [-122.6642985, 45.587038]]}}, {"type": "Feature", "properties": {"osm_id": 155097963, "NHS": "yes", "alt_name": "Highway 99E", "bicycle": "designated", "description": "Pacific Highway East #1E (81)", "expressway": "yes", "hgv": "designated", "hgv:national_network": "yes", "highway": "primary", "lanes": "2", "maxspeed": "55 mph", "name": "North Martin Luther King Junior Boulevard", "name:etymology": "Martin Luther King Junior", "name:etymology:wikidata": "Q8027", "name:etymology:wikipedia": "en:Martin Luther King Jr.", "old_ref": "US 99E", "oneway": "yes", "ref": "OR 99E", "short_name": "N MLK Jr Blvd", "sidewalk": "no", "surface": "asphalt"}, "geometry": {"type": "LineString", "coordinates": [[-122.6777722, 45.6015932], [-122.6777411, 45.6015103], [-122.6739516, 45.5987405], [-122.6705081, 45.5962265]]}}, {"type": "Feature", "properties": {"osm_id": 155097964, "NHS": "yes", "alt_name": "Highway 99E", "bicycle": "use_sidepath", "description": "Pacific Highway East #1E (81)", "expressway": "yes", "foot": "yes", "hgv": "designated", "hgv:national_network": "yes", "highway": "primary", "lanes": "2", "maxspeed": "55 mph", "name": "Northeast Martin Luther King Junior Boulevard", "name:etymology": "Martin Luther King Junior", "name:etymology:wikidata": "Q8027", "name:etymology:wikipedia": "en:Martin Luther King Jr.", "old_ref": "US 99E", "oneway": "yes", "ref": "OR 99E", "short_name": "NE MLK Jr Blvd", "sidewalk:right": "separate", "surface": "asphalt"}, "geometry": {"type": "LineString", "coordinates": [[-122.6635258, 45.5856057], [-122.6637055, 45.5858944], [-122.6638335, 45.5861017]]}}, {"type": "Feature", "properties": {"osm_id": 155097965, "NHS": "yes", "alt_name": "Highway 99E", "bicycle": "designated", "cycleway:right": "lane", "cycleway:right:buffer": "no", "description": "Pacific Highway East #1E (81)", "expressway": "yes", "foot": "yes", "hgv": "designated", "hgv:national_network": "yes", "highway": "primary", "lanes": "2", "maxspeed": "55 mph", "name": "Northeast Martin Luther King Junior Boulevard", "name:etymology": "Martin Luther King Junior", "name:etymology:wikidata": "Q8027", "name:etymology:wikipedia": "en:Martin Luther King Jr.", "old_ref": "US 99E", "oneway": "yes", "ref": "OR 99E", "short_name": "NE MLK Jr Blvd", "sidewalk": "no", "surface": "asphalt"}, "geometry": {"type": "LineString", "coordinates": [[-122.6614993, 45.5820593], [-122.6615945, 45.5822268], [-122.6616327, 45.5822946], [-122.6617235, 45.5824529], [-122.6618793, 45.5827255], [-122.6622498, 45.58338], [-122.6629583, 45.5846312], [-122.6635258, 45.5856057]]}}, {"type": "Feature", "properties": {"osm_id": 156121083, "footway": "sidewalk", "highway": "footway", "name": "North Interstate Avenue", "surface": "concrete"}, "geometry": {"type": "LineString", "coordinates": [[-122.6665822, 45.5299034], [-122.6666036, 45.5298885], [-122.6666336, 45.5298827], [-122.6666673, 45.5298896], [-122.6669232, 45.5300052], [-122.6669625, 45.5300457]]}}, {"type": "Feature", "properties": {"osm_id": 158110719, "NHS": "yes", "RLIS:bicycle": "caution_area", "alt_name": "Highway 99E", "bicycle": "yes", "cycleway:right": "no", "hgv": "designated", "hgv:national_network": "yes", "highway": "primary", "lanes": "2", "maxspeed": "30 mph", "name": "Northeast Martin Luther King Junior Boulevard", "name:etymology": "Martin Luther King Junior", "name:etymology:wikidata": "Q8027", "name:etymology:wikipedia": "en:Martin Luther King Jr.", "old_name": "Pacific Highway East #1E (81)", "old_ref": "US 99E", "oneway": "yes", "ref": "OR 99E", "short_name": "NE MLK Jr Blvd", "sidewalk": "right", "surface": "asphalt"}, "geometry": {"type": "LineString", "coordinates": [[-122.6614017, 45.5674163], [-122.6614676, 45.567325], [-122.661469, 45.5671416], [-122.6614719, 45.5667585], [-122.661472, 45.5667447]]}}, {"type": "Feature", "properties": {"osm_id": 158110729, "NHS": "yes", "RLIS:bicycle": "caution_area", "alt_name": "Highway 99E", "bicycle": "yes", "cycleway:right": "no", "hgv": "designated", "hgv:national_network": "yes", "highway": "primary", "lanes": "2", "maxspeed": "30 mph", "name": "Northeast Martin Luther King Junior Boulevard", "name:etymology": "Martin Luther King Junior", "name:etymology:wikidata": "Q8027", "name:etymology:wikipedia": "en:Martin Luther King Jr.", "old_name": "Pacific Highway East #1E (81)", "old_ref": "US 99E", "oneway": "yes", "ref": "OR 99E", "short_name": "NE MLK Jr Blvd", "sidewalk": "right", "surface": "asphalt"}, "geometry": {"type": "LineString", "coordinates": [[-122.6614104, 45.5664177], [-122.6613439, 45.5665124], [-122.6613407, 45.5668195], [-122.6613353, 45.5673229], [-122.6614017, 45.5674163]]}}, {"type": "Feature", "properties": {"osm_id": 159219546, "footway": "crossing", "highway": "footway", "name": "North Interstate Avenue"}, "geometry": {"type": "LineString", "coordinates": [[-122.6693925, 45.5311178], [-122.669488, 45.5311765]]}}, {"type": "Feature", "properties": {"osm_id": 159410067, "CCGIS:bicycle": "no", "bicycle": "no", "hgv": "designated", "hgv:national_network": "yes", "highway": "motorway", "lanes": "4", "maxspeed": "60 mph", "oneway": "yes", "parking:lane:both": "no_parking", "ref": "I 5", "sidewalk": "no", "source:hgv:national_network": "https://www.ecfr.gov/current/title-23/chapter-I/subchapter-G/part-658;https://hepgis-usdot.hub.arcgis.com/apps/usdot::national-network-conventional-combination-trucks-map", "surface": "asphalt"}, "geometry": {"type": "LineString", "coordinates": [[-122.6638189, 45.6884437], [-122.6639743, 45.6880547], [-122.6641886, 45.6875008], [-122.6643548, 45.6869495], [-122.6644772, 45.6864821], [-122.6645231, 45.6862454]]}}, {"type": "Feature", "properties": {"osm_id": 159410071, "CCGIS:bicycle": "no", "bicycle": "no", "hgv": "designated", "hgv:national_network": "yes", "highway": "motorway", "lanes": "3", "maxspeed": "60 mph", "oneway": "yes", "parking:lane:both": "no_parking", "ref": "I 5", "sidewalk": "no", "source:hgv:national_network": "https://www.ecfr.gov/current/title-23/chapter-I/subchapter-G/part-658;https://hepgis-usdot.hub.arcgis.com/apps/usdot::national-network-conventional-combination-trucks-map", "surface": "asphalt"}, "geometry": {"type": "LineString", "coordinates": [[-122.6638155, 45.6877252], [-122.6636244, 45.6882755], [-122.6633542, 45.6888704], [-122.6625241, 45.6904582], [-122.6614627, 45.6924812]]}}, {"type": "Feature", "properties": {"osm_id": 159410085, "bicycle": "no", "bridge": "yes", "description": "Stadium Freeway Highway #61", "destination:lanes": "Saint Helens|Saint Helens;The Dalles;Seattle|The Dalles;Seattle|The Dalles;Seattle", "foot": "no", "hgv": "designated", "hgv:national_network": "yes", "highway": "motorway", "lanes": "4", "layer": "1", "lit": "yes", "maxspeed": "50 mph", "oneway": "yes", "ref": "I 405", "source:hgv:national_network": "https://www.ecfr.gov/current/title-23/chapter-I/subchapter-G/part-658;https://hepgis-usdot.hub.arcgis.com/apps/usdot::national-network-conventional-combination-trucks-map", "surface": "asphalt", "turn:lanes": "slight_left|slight_left;through||merge_to_left"}, "geometry": {"type": "LineString", "coordinates": [[-122.6868015, 45.5289618], [-122.6868178, 45.5298454], [-122.6868499, 45.5307235]]}}, {"type": "Feature", "properties": {"osm_id": 160254281, "access": "no", "access:conditional": "yes @ (2026 Oct 19 - 2026 Dec 31; 2027+)", "bicycle": "no", "bridge": "yes", "description": "Pacific Highway #1", "fixme": "remove access tags after construction", "hgv": "designated", "hgv:national_network": "yes", "highway": "motorway", "lanes": "2", "layer": "1", "maxspeed": "50 mph", "official_name": "Pacific Highway #1;Korean War Veterans Memorial Highway;Purple Heart Trail", "oneway": "yes", "ref": "I 5", "source:hgv:national_network": "https://www.ecfr.gov/current/title-23/chapter-I/subchapter-G/part-658;https://hepgis-usdot.hub.arcgis.com/apps/usdot::national-network-conventional-combination-trucks-map", "surface": "asphalt"}, "geometry": {"type": "LineString", "coordinates": [[-122.6654671, 45.5246136], [-122.665485, 45.5239137], [-122.6655204, 45.5227251]]}}, {"type": "Feature", "properties": {"osm_id": 160254296, "bicycle": "no", "cutting": "yes", "description": "Stadium Freeway Highway #61", "destination:lanes": "Salem|Salem|The Dalles;Seattle|The Dalles;Seattle", "foot": "no", "hgv": "designated", "hgv:national_network": "yes", "highway": "motorway", "lanes": "4", "maxspeed": "50 mph", "oneway": "yes", "ref": "I 405", "source:hgv:national_network": "https://www.ecfr.gov/current/title-23/chapter-I/subchapter-G/part-658;https://hepgis-usdot.hub.arcgis.com/apps/usdot::national-network-conventional-combination-trucks-map", "turn:lanes": "none|none|slight_right|slight_right"}, "geometry": {"type": "LineString", "coordinates": [[-122.6810436, 45.5057854], [-122.680589, 45.5056616], [-122.6803649, 45.5056086], [-122.6801322, 45.5055623], [-122.6798761, 45.5055196], [-122.6796168, 45.5054843]]}}, {"type": "Feature", "properties": {"osm_id": 160270935, "CCGIS:bicycle": "no", "bicycle": "no", "cycleway:both": "no", "hgv": "designated", "hgv:national_network": "yes", "highway": "motorway", "lanes": "3", "lit": "yes", "maxheight:signed": "no", "maxspeed": "50 mph", "oneway": "yes", "parking:lane:both": "no_parking", "ref": "I 5", "sidewalk": "no", "source": "Yahoo,TIGER", "source:hgv:national_network": "https://www.ecfr.gov/current/title-23/chapter-I/subchapter-G/part-658;https://hepgis-usdot.hub.arcgis.com/apps/usdot::national-network-conventional-combination-trucks-map", "surface": "asphalt"}, "geometry": {"type": "LineString", "coordinates": [[-122.671897, 45.622767], [-122.6716919, 45.6229318], [-122.6714716, 45.6230957], [-122.6711446, 45.6233369], [-122.670853, 45.6235521], [-122.6704845, 45.6238245], [-122.6702704, 45.6239855], [-122.67006, 45.6241502], [-122.6698597, 45.6243124], [-122.6696616, 45.6244822], [-122.6694711, 45.6246546], [-122.6692871, 45.6248306], [-122.6691048, 45.6250107], [-122.6689406, 45.6251822], [-122.6687723, 45.6253659], [-122.6686106, 45.6255522], [-122.6684753, 45.6257184], [-122.6683188, 45.6259159], [-122.6681734, 45.6261118], [-122.6680205, 45.6263333], [-122.6679037, 45.6265117], [-122.667775, 45.6267169]]}}, {"type": "Feature", "properties": {"osm_id": 160270936, "CCGIS:bicycle": "no", "bicycle": "no", "hgv": "designated", "hgv:national_network": "yes", "highway": "motorway", "lanes": "4", "lit": "yes", "maxheight:signed": "no", "maxspeed": "60 mph", "oneway": "yes", "parking:lane:both": "no_parking", "ref": "I 5", "sidewalk": "no", "source": "Yahoo,TIGER", "source:hgv:national_network": "https://www.ecfr.gov/current/title-23/chapter-I/subchapter-G/part-658;https://hepgis-usdot.hub.arcgis.com/apps/usdot::national-network-conventional-combination-trucks-map", "surface": "asphalt"}, "geometry": {"type": "LineString", "coordinates": [[-122.6625697, 45.6352622], [-122.6624148, 45.6355498], [-122.6622908, 45.6358137], [-122.6621651, 45.6360796], [-122.6620652, 45.6363365], [-122.6619623, 45.6366825], [-122.6618847, 45.6370767], [-122.6618096, 45.6375758], [-122.6617687, 45.6378519], [-122.6617404, 45.6389252], [-122.6617402, 45.6410807]]}}, {"type": "Feature", "properties": {"osm_id": 160270937, "CCGIS:bicycle": "no", "bicycle": "no", "hgv": "designated", "hgv:national_network": "yes", "highway": "motorway", "lanes": "3", "maxspeed": "60 mph", "oneway": "yes", "parking:lane:both": "no_parking", "ref": "I 5", "sidewalk": "no", "source:hgv:national_network": "https://www.ecfr.gov/current/title-23/chapter-I/subchapter-G/part-658;https://hepgis-usdot.hub.arcgis.com/apps/usdot::national-network-conventional-combination-trucks-map", "surface": "asphalt", "tiger:cfcc": "A11", "tiger:county": "Clark, WA", "tiger:name_base": "I-5"}, "geometry": {"type": "LineString", "coordinates": [[-122.658428, 45.6986816], [-122.6601695, 45.6954506], [-122.6612026, 45.6934562]]}}, {"type": "Feature", "properties": {"osm_id": 160270939, "CCGIS:bicycle": "no", "bicycle": "no", "hgv": "designated", "hgv:national_network": "yes", "highway": "motorway", "lanes": "3", "lit": "yes", "maxspeed": "60 mph", "noname": "yes", "oneway": "yes", "parking:lane:both": "no_parking", "ref": "I 5", "sidewalk": "no", "source": "Yahoo,TIGER", "source:hgv:national_network": "https://www.ecfr.gov/current/title-23/chapter-I/subchapter-G/part-658;https://hepgis-usdot.hub.arcgis.com/apps/usdot::national-network-conventional-combination-trucks-map"}, "geometry": {"type": "LineString", "coordinates": [[-122.6626046, 45.6358855], [-122.6627294, 45.6355548], [-122.6629386, 45.6351558], [-122.6631594, 45.6347943]]}}, {"type": "Feature", "properties": {"osm_id": 160270942, "CCGIS:bicycle": "no", "bicycle": "no", "cycleway:both": "no", "hgv": "designated", "hgv:national_network": "yes", "highway": "motorway", "lanes": "3", "lit": "yes", "maxspeed": "50 mph", "oneway": "yes", "parking:lane:both": "no_parking", "ref": "I 5", "sidewalk": "no", "source": "Yahoo,TIGER", "source:hgv:national_network": "https://www.ecfr.gov/current/title-23/chapter-I/subchapter-G/part-658;https://hepgis-usdot.hub.arcgis.com/apps/usdot::national-network-conventional-combination-trucks-map"}, "geometry": {"type": "LineString", "coordinates": [[-122.6723723, 45.6226684], [-122.6724732, 45.6225858], [-122.6725711, 45.6225021], [-122.6726685, 45.6224137], [-122.6727593, 45.6223252], [-122.6728489, 45.6222348], [-122.6729334, 45.6221407], [-122.6730108, 45.6220456], [-122.6730857, 45.6219483], [-122.6731516, 45.6218506], [-122.6732134, 45.6217526]]}}, {"type": "Feature", "properties": {"osm_id": 160402311, "bicycle": "no", "bridge": "yes", "hgv": "designated", "hgv:national_network": "yes", "highway": "motorway", "lanes": "4", "layer": "1", "maxspeed": "55 mph", "name": "Glenn L. Jackson Memorial Bridge", "oneway": "yes", "placement": "right_of:1", "ref": "I 205", "source:hgv:national_network": "https://www.ecfr.gov/current/title-23/chapter-I/subchapter-G/part-658;https://hepgis-usdot.hub.arcgis.com/apps/usdot::national-network-conventional-combination-trucks-map"}, "geometry": {"type": "LineString", "coordinates": [[-122.5512458, 45.6029302], [-122.5514963, 45.6042565]]}}, {"type": "Feature", "properties": {"osm_id": 160402318, "bicycle": "no", "hgv": "designated", "hgv:national_network": "yes", "highway": "motorway", "lanes": "4", "maxheight:signed": "no", "maxspeed": "55 mph", "oneway": "yes", "placement": "right_of:1", "ref": "I 205", "source:hgv:national_network": "https://www.ecfr.gov/current/title-23/chapter-I/subchapter-G/part-658;https://hepgis-usdot.hub.arcgis.com/apps/usdot::national-network-conventional-combination-trucks-map", "surface": "asphalt"}, "geometry": {"type": "LineString", "coordinates": [[-122.5643651, 45.5349851], [-122.5644122, 45.53477], [-122.5645293, 45.5343225], [-122.5646159, 45.5339977], [-122.5646963, 45.5336544]]}}, {"type": "Feature", "properties": {"osm_id": 160411350, "bicycle": "yes", "hgv": "designated", "hgv:national_network": "yes", "highway": "motorway", "lanes": "4", "maxspeed": "60 mph", "oneway": "yes", "placement": "right_of:1", "ref": "I 205", "source:hgv:national_network": "https://www.ecfr.gov/current/title-23/chapter-I/subchapter-G/part-658;https://hepgis-usdot.hub.arcgis.com/apps/usdot::national-network-conventional-combination-trucks-map"}, "geometry": {"type": "LineString", "coordinates": [[-122.5553488, 45.615672], [-122.5572284, 45.6176779], [-122.557451, 45.6179313], [-122.5576525, 45.6181809]]}}, {"type": "Feature", "properties": {"osm_id": 160411354, "bicycle": "yes", "hgv": "designated", "hgv:national_network": "yes", "highway": "motorway", "lanes": "4", "maxheight:signed": "no", "maxspeed": "60 mph", "oneway": "yes", "placement": "right_of:1", "ref": "I 205", "source:hgv:national_network": "https://www.ecfr.gov/current/title-23/chapter-I/subchapter-G/part-658;https://hepgis-usdot.hub.arcgis.com/apps/usdot::national-network-conventional-combination-trucks-map"}, "geometry": {"type": "LineString", "coordinates": [[-122.5568208, 45.6168546], [-122.5548419, 45.6147584], [-122.5544724, 45.614362], [-122.5542088, 45.6140498], [-122.5539936, 45.6137635], [-122.5537834, 45.6134439], [-122.5536007, 45.6131519], [-122.5534562, 45.6128796], [-122.5533418, 45.6126593], [-122.5532372, 45.6124192]]}}, {"type": "Feature", "properties": {"osm_id": 160418254, "CCGIS:bicycle": "no", "bicycle": "no", "hgv": "designated", "hgv:national_network": "yes", "highway": "motorway", "lanes": "3", "lit": "yes", "maxheight:signed": "no", "maxspeed": "60 mph", "noname": "yes", "oneway": "yes", "parking:lane:both": "no_parking", "ref": "I 5", "sidewalk": "no", "source:hgv:national_network": "https://www.ecfr.gov/current/title-23/chapter-I/subchapter-G/part-658;https://hepgis-usdot.hub.arcgis.com/apps/usdot::national-network-conventional-combination-trucks-map", "surface": "asphalt"}, "geometry": {"type": "LineString", "coordinates": [[-122.663078, 45.6538452], [-122.6652349, 45.6591429], [-122.6657033, 45.6603166], [-122.666202, 45.661554], [-122.666614, 45.6625918], [-122.6668111, 45.6630552]]}}, {"type": "Feature", "properties": {"osm_id": 160418263, "CCGIS:bicycle": "no", "bicycle": "no", "hgv": "designated", "hgv:national_network": "yes", "highway": "motorway", "lanes": "3", "lit": "yes", "maxheight:signed": "no", "maxspeed": "60 mph", "oneway": "yes", "parking:lane:both": "no_parking", "ref": "I 5", "sidewalk": "no", "source": "Yahoo,TIGER", "source:hgv:national_network": "https://www.ecfr.gov/current/title-23/chapter-I/subchapter-G/part-658;https://hepgis-usdot.hub.arcgis.com/apps/usdot::national-network-conventional-combination-trucks-map", "surface": "asphalt"}, "geometry": {"type": "LineString", "coordinates": [[-122.6616924, 45.644643], [-122.6616363, 45.6471861], [-122.6616013, 45.6483381], [-122.6616064, 45.6491548], [-122.661651, 45.6498298], [-122.6616978, 45.6501814]]}}, {"type": "Feature", "properties": {"osm_id": 160418267, "CCGIS:bicycle": "no", "bicycle": "no", "hgv": "designated", "hgv:national_network": "yes", "highway": "motorway", "lanes": "4", "lit": "yes", "maxspeed": "60 mph", "noname": "yes", "oneway": "yes", "parking:lane:both": "no_parking", "ref": "I 5", "sidewalk": "no", "source": "Yahoo,TIGER", "source:hgv:national_network": "https://www.ecfr.gov/current/title-23/chapter-I/subchapter-G/part-658;https://hepgis-usdot.hub.arcgis.com/apps/usdot::national-network-conventional-combination-trucks-map"}, "geometry": {"type": "LineString", "coordinates": [[-122.6620107, 45.6419708], [-122.6620152, 45.6410278], [-122.6620055, 45.6394336], [-122.662055, 45.6382422], [-122.6620901, 45.638009]]}}, {"type": "Feature", "properties": {"osm_id": 160827170, "bicycle": "no", "cutting": "yes", "description": "Stadium Freeway Highway #61", "foot": "no", "hgv": "designated", "hgv:national_network": "yes", "highway": "motorway", "lanes": "2", "maxheight": "default", "maxspeed": "50 mph", "oneway": "yes", "ref": "I 405", "source:hgv:national_network": "https://www.ecfr.gov/current/title-23/chapter-I/subchapter-G/part-658;https://hepgis-usdot.hub.arcgis.com/apps/usdot::national-network-conventional-combination-trucks-map", "surface": "asphalt"}, "geometry": {"type": "LineString", "coordinates": [[-122.6873352, 45.5181257], [-122.6878317, 45.5171451], [-122.6882393, 45.5163967], [-122.6885059, 45.5159034], [-122.6887673, 45.5154173], [-122.6891891, 45.5146366], [-122.6892805, 45.5144411], [-122.6893796, 45.5141927], [-122.689514, 45.5138304]]}}, {"type": "Feature", "properties": {"osm_id": 160827177, "bicycle": "no", "cutting": "yes", "description": "Stadium Freeway Highway #61", "destination:lanes": "none|none;Beaverton|Beaverton", "foot": "no", "hgv": "designated", "hgv:national_network": "yes", "highway": "motorway", "lanes": "3", "maxspeed": "50 mph", "oneway": "yes", "ref": "I 405", "source:hgv:national_network": "https://www.ecfr.gov/current/title-23/chapter-I/subchapter-G/part-658;https://hepgis-usdot.hub.arcgis.com/apps/usdot::national-network-conventional-combination-trucks-map", "surface": "asphalt", "turn:lanes": "|through;slight_right|slight_right"}, "geometry": {"type": "LineString", "coordinates": [[-122.6857285, 45.5216354], [-122.6857578, 45.5213776], [-122.6858016, 45.5211684], [-122.6859044, 45.5208706], [-122.6861118, 45.5204396], [-122.6873352, 45.5181257]]}}, {"type": "Feature", "properties": {"osm_id": 161377490, "bicycle": "yes", "hgv": "designated", "hgv:national_network": "yes", "highway": "motorway", "lanes": "3", "maxspeed": "60 mph", "oneway": "yes", "placement": "right_of:1", "ref": "I 205", "source:hgv:national_network": "https://www.ecfr.gov/current/title-23/chapter-I/subchapter-G/part-658;https://hepgis-usdot.hub.arcgis.com/apps/usdot::national-network-conventional-combination-trucks-map", "turn:lanes": "through|through|merge_to_left"}, "geometry": {"type": "LineString", "coordinates": [[-122.566274, 45.6503068], [-122.5668173, 45.6516224], [-122.566946, 45.6519074], [-122.5670717, 45.6521706], [-122.5672813, 45.6525702], [-122.5674991, 45.6529629], [-122.5677198, 45.653336], [-122.5679438, 45.6536825], [-122.5682576, 45.6541338], [-122.5685696, 45.6545553], [-122.5690517, 45.6551441], [-122.5695423, 45.6556874]]}}, {"type": "Feature", "properties": {"osm_id": 162042036, "area": "yes", "bench": "yes", "bin": "yes", "bus": "yes", "highway": "platform", "mapillary": "GPdayixIe4RaLmSwbl4MoA", "name": "Northeast Martin Luther King & East Burnside", "name:etymology:wikidata": "Q8027", "network": "Portland Streetcar;TriMet", "public_transport": "platform", "railway": "platform", "ref": "5901", "shelter": "yes", "short_name": "NE MLK & E Burnside", "tactile_paving": "yes", "tram": "yes"}, "geometry": {"type": "LineString", "coordinates": [[-122.6618359, 45.5233661], [-122.6618711, 45.5233664], [-122.6618684, 45.5235335], [-122.6618332, 45.5235332], [-122.6618359, 45.5233661]]}}, {"type": "Feature", "properties": {"osm_id": 162042040, "area": "yes", "bench": "no", "bin": "yes", "bus": "yes", "highway": "platform", "lit": "yes", "name": "Northeast Martin Luther King & Hoyt", "name:etymology:wikidata": "Q8027", "network": "Portland Streetcar;TriMet", "public_transport": "platform", "railway": "platform", "ref": "5912", "shelter": "no", "short_name": "NE MLK & Hoyt", "tactile_paving": "yes", "tram": "yes"}, "geometry": {"type": "LineString", "coordinates": [[-122.6618009, 45.5276064], [-122.661836, 45.5276064], [-122.661836, 45.5275954], [-122.6618364, 45.5273466], [-122.6618013, 45.5273466], [-122.6618009, 45.5276064]]}}, {"type": "Feature", "properties": {"osm_id": 162042043, "footway": "sidewalk", "highway": "footway", "lit": "yes", "name": "Northeast Martin Luther King Junior Boulevard", "name:etymology:wikidata": "Q8027", "short_name": "NE MLK Jr Blvd", "surface": "paving_stones"}, "geometry": {"type": "LineString", "coordinates": [[-122.661835, 45.5273253], [-122.6618364, 45.5273466], [-122.661836, 45.5275954], [-122.6618219, 45.5278824]]}}, {"type": "Feature", "properties": {"osm_id": 162042057, "highway": "footway", "name": "Northeast Martin Luther King Junior Boulevard", "name:etymology:wikidata": "Q8027", "short_name": "NE MLK Jr Blvd", "surface": "concrete"}, "geometry": {"type": "LineString", "coordinates": [[-122.6618965, 45.5236188], [-122.661879, 45.5235563]]}}, {"type": "Feature", "properties": {"osm_id": 162042093, "crossing": "traffic_signals", "crossing:markings": "ladder", "crossing:signals": "yes", "footway": "crossing", "highway": "footway", "name": "Southeast Martin Luther King Junior Boulevard", "name:etymology:wikidata": "Q8027", "short_name": "SE MLK Jr Blvd", "surface": "asphalt", "wheelchair": "yes"}, "geometry": {"type": "LineString", "coordinates": [[-122.6618951, 45.52293], [-122.6618897, 45.5228773], [-122.6618824, 45.5228003]]}}, {"type": "Feature", "properties": {"osm_id": 166978701, "NHS": "yes", "RLIS:bicycle": "caution_area", "alt_name": "Highway 99E", "bicycle": "yes", "cycleway:both": "no", "hgv": "designated", "hgv:national_network": "yes", "highway": "primary", "lanes": "5", "lanes:backward": "2", "lanes:both_ways": "1", "lanes:forward": "2", "maxspeed": "30 mph", "name": "Northeast Martin Luther King Junior Boulevard", "name:etymology": "Martin Luther King Junior", "name:etymology:wikidata": "Q8027", "name:etymology:wikipedia": "en:Martin Luther King Jr.", "old_name": "Pacific Highway East #1E (81)", "old_ref": "US 99E", "ref": "OR 99E", "short_name": "NE MLK Jr Blvd", "sidewalk": "both", "surface": "asphalt"}, "geometry": {"type": "LineString", "coordinates": [[-122.6614124, 45.5658224], [-122.6614166, 45.5655455], [-122.6614166, 45.5655297], [-122.6614166, 45.5653528]]}}, {"type": "Feature", "properties": {"osm_id": 171855970, "NHS": "yes", "RLIS:bicycle": "caution_area", "alt_name": "Highway 99E", "bicycle": "yes", "hgv": "designated", "hgv:national_network": "yes", "highway": "primary", "lanes": "5", "lanes:backward": "2", "lanes:both_ways": "1", "lanes:forward": "2", "maxspeed": "30 mph", "name": "Northeast Martin Luther King Junior Boulevard", "name:etymology": "Martin Luther King Junior", "name:etymology:wikidata": "Q8027", "name:etymology:wikipedia": "en:Martin Luther King Jr.", "ref": "OR 99E", "short_name": "NE MLK Jr Blvd", "sidewalk": "both", "surface": "asphalt"}, "geometry": {"type": "LineString", "coordinates": [[-122.6616063, 45.5469894], [-122.661606, 45.5471206]]}}, {"type": "Feature", "properties": {"osm_id": 171855975, "NHS": "yes", "RLIS:bicycle": "caution_area", "alt_name": "Highway 99E", "bicycle": "yes", "hgv": "designated", "hgv:national_network": "yes", "highway": "primary", "lanes": "5", "lanes:backward": "2", "lanes:both_ways": "1", "lanes:forward": "2", "maxspeed": "30 mph", "name": "Northeast Martin Luther King Junior Boulevard", "name:etymology": "Martin Luther King Junior", "name:etymology:wikidata": "Q8027", "name:etymology:wikipedia": "en:Martin Luther King Jr.", "old_name": "Northeast Union Avenue", "ref": "OR 99E", "short_name": "NE MLK Jr Blvd", "sidewalk": "both", "surface": "asphalt"}, "geometry": {"type": "LineString", "coordinates": [[-122.6616062, 45.5461774], [-122.6616063, 45.5461647], [-122.6616071, 45.5460572], [-122.6616077, 45.546014], [-122.6616099, 45.5458543], [-122.6616106, 45.5457996], [-122.6616108, 45.5456995], [-122.6616111, 45.5455241]]}}, {"type": "Feature", "properties": {"osm_id": 171855978, "NHS": "yes", "RLIS:bicycle": "caution_area", "alt_name": "Highway 99E", "bicycle": "yes", "hgv": "designated", "hgv:national_network": "yes", "highway": "primary", "lanes": "2", "maxspeed": "30 mph", "name": "Northeast Martin Luther King Junior Boulevard", "name:etymology": "Martin Luther King Junior", "name:etymology:wikidata": "Q8027", "name:etymology:wikipedia": "en:Martin Luther King Jr.", "oneway": "yes", "ref": "OR 99E", "short_name": "NE MLK Jr Blvd; NE MLK Blvd", "sidewalk": "right", "surface": "asphalt"}, "geometry": {"type": "LineString", "coordinates": [[-122.6615242, 45.5482708], [-122.6615248, 45.5483392], [-122.6615208, 45.5485705]]}}, {"type": "Feature", "properties": {"osm_id": 171855983, "NHS": "yes", "RLIS:bicycle": "caution_area", "alt_name": "Highway 99E", "bicycle": "yes", "hgv": "designated", "hgv:national_network": "yes", "highway": "primary", "lanes": "2", "maxspeed": "30 mph", "name": "Northeast Martin Luther King Junior Boulevard", "name:etymology": "Martin Luther King Junior", "name:etymology:wikidata": "Q8027", "name:etymology:wikipedia": "en:Martin Luther King Jr.", "old_name": "Northeast Union Avenue", "oneway": "yes", "ref": "OR 99E", "short_name": "NE MLK Jr Blvd; NE MLK Blvd", "sidewalk": "right", "surface": "asphalt"}, "geometry": {"type": "LineString", "coordinates": [[-122.6616111, 45.5455241], [-122.6616798, 45.545351], [-122.6616832, 45.5450248]]}}, {"type": "Feature", "properties": {"osm_id": 171855986, "NHS": "yes", "RLIS:bicycle": "caution_area", "alt_name": "Highway 99E", "bicycle": "yes", "hgv": "designated", "hgv:national_network": "yes", "highway": "primary", "lanes": "2", "maxspeed": "30 mph", "name": "Northeast Martin Luther King Junior Boulevard", "name:etymology": "Martin Luther King Junior", "name:etymology:wikidata": "Q8027", "name:etymology:wikipedia": "en:Martin Luther King Jr.", "oneway": "yes", "ref": "OR 99E", "short_name": "NE MLK Jr Blvd", "sidewalk": "right", "surface": "asphalt"}, "geometry": {"type": "LineString", "coordinates": [[-122.6616062, 45.5461774], [-122.6615371, 45.5463733], [-122.6615334, 45.546842], [-122.6616063, 45.5469894]]}}, {"type": "Feature", "properties": {"osm_id": 171940477, "NHS": "yes", "RLIS:bicycle": "caution_area", "alt_name": "Highway 99E", "bicycle": "yes", "hgv": "designated", "hgv:national_network": "yes", "highway": "primary", "lanes": "2", "maxspeed": "30 mph", "name": "Northeast Martin Luther King Junior Boulevard", "name:etymology": "Martin Luther King Junior", "name:etymology:wikidata": "Q8027", "name:etymology:wikipedia": "en:Martin Luther King Jr.", "old_name": "Northeast Union Avenue", "oneway": "yes", "ref": "OR 99E", "short_name": "NE MLK Jr Blvd; NE MLK Blvd", "sidewalk:left": "no", "sidewalk:right": "separate", "surface": "asphalt"}, "geometry": {"type": "LineString", "coordinates": [[-122.6617003, 45.5378613], [-122.6617035, 45.5378028], [-122.6617068, 45.5374957], [-122.6617113, 45.537067], [-122.6617111, 45.5367128], [-122.6617057, 45.53661], [-122.661698, 45.5365074], [-122.6616874, 45.5364019], [-122.6616737, 45.5361821]]}}, {"type": "Feature", "properties": {"osm_id": 174405981, "bicycle": "yes", "hgv": "designated", "hgv:national_network": "yes", "highway": "motorway", "lanes": "5", "maxspeed": "65 mph", "maxspeed:hgv": "60 mph", "noname": "yes", "official_name": "Pacific Highway #1;Korean War Veterans Memorial Highway;Purple Heart Trail", "old_name": "Robert Hugh Baldock Freeway;West Portland-Hubbard Highway #51", "oneway": "yes", "placement": "middle_of:2", "ref": "I 5", "source:hgv:national_network": "https://www.ecfr.gov/current/title-23/chapter-I/subchapter-G/part-658;https://hepgis-usdot.hub.arcgis.com/apps/usdot::national-network-conventional-combination-trucks-map", "surface": "asphalt"}, "geometry": {"type": "LineString", "coordinates": [[-122.7624736, 45.3583862], [-122.7630988, 45.3568374], [-122.7642238, 45.353968]]}}, {"type": "Feature", "properties": {"osm_id": 177859544, "bicycle": "no", "hgv": "designated", "hgv:national_network": "yes", "highway": "motorway", "lanes": "4", "lit": "yes", "maxspeed": "55 mph", "noname": "yes", "official_name": "Pacific Highway #1;Korean War Veterans Memorial Highway;Purple Heart Trail", "oneway": "yes", "ref": "I 5", "source:hgv:national_network": "https://www.ecfr.gov/current/title-23/chapter-I/subchapter-G/part-658;https://hepgis-usdot.hub.arcgis.com/apps/usdot::national-network-conventional-combination-trucks-map", "surface": "asphalt"}, "geometry": {"type": "LineString", "coordinates": [[-122.7330778, 45.445897], [-122.7327042, 45.446079], [-122.7323892, 45.4462375], [-122.7320383, 45.4464326], [-122.7318034, 45.4465794], [-122.7315867, 45.4467233], [-122.7313473, 45.446896], [-122.7307504, 45.4474599], [-122.730581, 45.447608], [-122.7303025, 45.447966], [-122.7297354, 45.4487849], [-122.7290527, 45.4499022], [-122.7283502, 45.4510125], [-122.7282441, 45.4511656], [-122.7280226, 45.4514303], [-122.7277949, 45.4516736], [-122.7274734, 45.4519643], [-122.7271981, 45.4521743], [-122.7268965, 45.4523843], [-122.7264664, 45.4526386], [-122.7262151, 45.4527764], [-122.725825, 45.4529421], [-122.7254427, 45.4530897]]}}, {"type": "Feature", "properties": {"osm_id": 182779128, "NHS": "yes", "RLIS:bicycle": "caution_area", "alt_name": "Highway 99E", "bicycle": "yes", "hgv": "designated", "hgv:national_network": "yes", "highway": "primary", "lanes": "2", "maxspeed": "30 mph", "name": "Northeast Martin Luther King Junior Boulevard", "name:etymology": "Martin Luther King Junior", "name:etymology:wikidata": "Q8027", "name:etymology:wikipedia": "en:Martin Luther King Jr.", "oneway": "yes", "ref": "OR 99E", "short_name": "NE MLK Jr Blvd; NE MLK Blvd", "sidewalk": "right", "surface": "asphalt"}, "geometry": {"type": "LineString", "coordinates": [[-122.6615688, 45.5591231], [-122.6615705, 45.5590591], [-122.6615785, 45.5586388], [-122.6615868, 45.5581416], [-122.6615941, 45.5577048], [-122.6615948, 45.5576695], [-122.6616065, 45.5570755], [-122.6616157, 45.5564985], [-122.661616, 45.5564769], [-122.661617, 45.5564062], [-122.661617, 45.5563352], [-122.6616175, 45.5562518], [-122.6615497, 45.5561728]]}}, {"type": "Feature", "properties": {"osm_id": 182779130, "NHS": "yes", "RLIS:bicycle": "caution_area", "alt_name": "Highway 99E", "bicycle": "yes", "cycleway:right": "no", "hgv": "designated", "hgv:national_network": "yes", "highway": "primary", "lanes": "2", "maxspeed": "30 mph", "name": "Northeast Martin Luther King Junior Boulevard", "name:etymology": "Martin Luther King Junior", "name:etymology:wikidata": "Q8027", "name:etymology:wikipedia": "en:Martin Luther King Jr.", "oneway": "yes", "ref": "OR 99E", "short_name": "NE MLK Jr Blvd; NE MLK Blvd", "sidewalk": "right", "surface": "asphalt"}, "geometry": {"type": "LineString", "coordinates": [[-122.6614355, 45.5591229], [-122.6614343, 45.5591939], [-122.6614262, 45.559652], [-122.6614195, 45.5600279], [-122.6614226, 45.5603714]]}}, {"type": "Feature", "properties": {"osm_id": 184992860, "crossing": "uncontrolled", "crossing:markings": "yes", "footway": "crossing", "highway": "footway", "name": "Northeast Martin Luther King Junior Boulevard", "name:etymology:wikidata": "Q8027", "short_name": "NE MLK Jr Blvd", "surface": "concrete"}, "geometry": {"type": "LineString", "coordinates": [[-122.661579, 45.5286941], [-122.6615804, 45.5286328], [-122.6615811, 45.5286017]]}}, {"type": "Feature", "properties": {"osm_id": 184992862, "footway": "crossing", "highway": "footway", "name": "Northeast Martin Luther King Junior Boulevard", "name:etymology:wikidata": "Q8027", "short_name": "NE MLK Jr Blvd"}, "geometry": {"type": "LineString", "coordinates": [[-122.6615628, 45.5293924], [-122.6615624, 45.5293267], [-122.6615622, 45.529268]]}}, {"type": "Feature", "properties": {"osm_id": 185171685, "area": "yes", "bus": "yes", "highway": "platform", "mapillary": "oV9TrhaVPudcWr4XvtHIuQ", "name": "Southeast Martin Luther King & Mill", "name:etymology:wikidata": "Q8027", "network": "Portland Streetcar;TriMet", "public_transport": "platform", "railway": "platform", "ref": "5933", "short_name": "SE MLK & Mill", "tram": "yes"}, "geometry": {"type": "LineString", "coordinates": [[-122.6619619, 45.5097952], [-122.6619652, 45.5096229], [-122.6619842, 45.5096226], [-122.6620027, 45.5096226], [-122.6620017, 45.5097953], [-122.6619855, 45.5097954], [-122.6619619, 45.5097952]]}}, {"type": "Feature", "properties": {"osm_id": 185171686, "footway": "sidewalk", "highway": "footway", "name": "Southeast Martin Luther King Jr Boulevard", "name:etymology:wikidata": "Q8027"}, "geometry": {"type": "LineString", "coordinates": [[-122.6619842, 45.5096226], [-122.6620052, 45.5095135], [-122.6620049, 45.5094728]]}}, {"type": "Feature", "properties": {"osm_id": 185180723, "footway": "sidewalk", "highway": "footway", "name": "Northeast Martin Luther King Junior Boulevard", "name:etymology:wikidata": "Q8027", "short_name": "NE MLK Jr Blvd", "surface": "concrete"}, "geometry": {"type": "LineString", "coordinates": [[-122.661879, 45.5235563], [-122.6618684, 45.5235335], [-122.6618711, 45.5233664], [-122.6619076, 45.5233284], [-122.6618996, 45.5230564], [-122.6619038, 45.5230271]]}}, {"type": "Feature", "properties": {"osm_id": 186831115, "CCGIS:bicycle": "no", "bicycle": "no", "hgv": "designated", "hgv:national_network": "yes", "highway": "motorway", "lanes": "3", "lit": "yes", "maxspeed": "60 mph", "oneway": "yes", "parking:lane:both": "no_parking", "ref": "I 5", "sidewalk": "no", "source:hgv:national_network": "https://www.ecfr.gov/current/title-23/chapter-I/subchapter-G/part-658;https://hepgis-usdot.hub.arcgis.com/apps/usdot::national-network-conventional-combination-trucks-map", "surface": "asphalt"}, "geometry": {"type": "LineString", "coordinates": [[-122.6647592, 45.6844188], [-122.6647257, 45.6809264], [-122.6647274, 45.6792587]]}}, {"type": "Feature", "properties": {"osm_id": 186974892, "bicycle": "no", "cutting": "yes", "description": "Stadium Freeway Highway #61", "foot": "no", "hgv": "designated", "hgv:national_network": "yes", "highway": "motorway", "lanes": "2", "lit": "yes", "maxheight:signed": "no", "maxspeed": "50 mph", "oneway": "yes", "ref": "I 405", "source:hgv:national_network": "https://www.ecfr.gov/current/title-23/chapter-I/subchapter-G/part-658;https://hepgis-usdot.hub.arcgis.com/apps/usdot::national-network-conventional-combination-trucks-map", "surface": "asphalt"}, "geometry": {"type": "LineString", "coordinates": [[-122.6857638, 45.522652], [-122.6858934, 45.5228286], [-122.6859995, 45.5230275], [-122.6862084, 45.5234292], [-122.6864047, 45.5238229], [-122.6865217, 45.5241036], [-122.6865703, 45.5242425], [-122.6866599, 45.5246138], [-122.6866903, 45.524837], [-122.68673, 45.5255535], [-122.6867321, 45.5262058], [-122.686717, 45.5263765]]}}, {"type": "Feature", "properties": {"osm_id": 186974898, "bicycle": "no", "bridge": "yes", "description": "Stadium Freeway Highway #61", "foot": "no", "hgv": "designated", "hgv:national_network": "yes", "highway": "motorway", "lanes": "2", "layer": "1", "lit": "yes", "maxspeed": "50 mph", "oneway": "yes", "ref": "I 405", "source:hgv:national_network": "https://www.ecfr.gov/current/title-23/chapter-I/subchapter-G/part-658;https://hepgis-usdot.hub.arcgis.com/apps/usdot::national-network-conventional-combination-trucks-map", "surface": "asphalt"}, "geometry": {"type": "LineString", "coordinates": [[-122.6868706, 45.5318578], [-122.686922, 45.5328786], [-122.6869352, 45.5334191], [-122.686934, 45.5337585], [-122.6869305, 45.5338749], [-122.686924, 45.5339837], [-122.6869081, 45.5341008], [-122.686886, 45.5342147], [-122.6868586, 45.5343269], [-122.6868082, 45.5344646], [-122.6867426, 45.534613], [-122.6866579, 45.5347525], [-122.686571, 45.5348644], [-122.686419, 45.5350372], [-122.6863133, 45.5351461], [-122.6862325, 45.5352186], [-122.6860065, 45.535432]]}}, {"type": "Feature", "properties": {"osm_id": 186974902, "bicycle": "no", "cutting": "yes", "description": "Stadium Freeway Highway #61", "destination:lanes": "Seattle|Seattle;Everett Street;Glisan Street|Everett Street;Glisan Street", "foot": "no", "hgv": "designated", "hgv:national_network": "yes", "highway": "motorway", "lanes": "3", "lit": "yes", "maxheight:signed": "no", "maxspeed": "50 mph", "oneway": "yes", "ref": "I 405", "source:hgv:national_network": "https://www.ecfr.gov/current/title-23/chapter-I/subchapter-G/part-658;https://hepgis-usdot.hub.arcgis.com/apps/usdot::national-network-conventional-combination-trucks-map", "surface": "asphalt", "turn:lanes": "none|through;slight_right|slight_right"}, "geometry": {"type": "LineString", "coordinates": [[-122.6871175, 45.518128], [-122.6859367, 45.520355], [-122.6857476, 45.520721], [-122.6856069, 45.5211191], [-122.6855542, 45.5213685], [-122.6855369, 45.5215448], [-122.6855422, 45.5217943], [-122.6855596, 45.5219498], [-122.6857638, 45.522652]]}}, {"type": "Feature", "properties": {"osm_id": 186974990, "access:lanes": "yes|yes|yes", "access:lanes:conditional": "no|yes|yes @ Mo-Fr 15:00-18:00", "bicycle": "no", "bus:lanes": "designated||", "hgv": "designated", "highway": "motorway", "hov:lanes": "designated||", "hov:minimum": "2", "lanes": "3", "lit": "yes", "maxheight:signed": "no", "maxspeed": "55 mph", "motorcycle:lanes": "designated||", "noname": "yes", "official_name": "Pacific Highway #1;Korean War Veterans Memorial Highway;Purple Heart Trail", "oneway": "yes", "ref": "I 5", "surface": "asphalt"}, "geometry": {"type": "LineString", "coordinates": [[-122.6784969, 45.5574338], [-122.6784611, 45.560262], [-122.6784851, 45.5618179], [-122.6785413, 45.5635492]]}}, {"type": "Feature", "properties": {"osm_id": 186974991, "access": "yes", "access:lanes:conditional": "no||| @ Mo-Fr 15:00-18:00", "bicycle": "no", "bus:lanes": "designated|||", "hgv": "designated", "highway": "motorway", "hov:lanes": "designated|||", "hov:minimum": "2", "lanes": "4", "lit": "yes", "maxspeed": "55 mph", "motorcycle:lanes": "designated|||", "noname": "yes", "official_name": "Pacific Highway #1;Korean War Veterans Memorial Highway;Purple Heart Trail", "oneway": "yes", "placement": "middle_of:2", "ref": "I 5", "surface": "asphalt", "turn:lanes": "|||merge_to_left"}, "geometry": {"type": "LineString", "coordinates": [[-122.6785096, 45.5564272], [-122.6784969, 45.5574338]]}}, {"type": "Feature", "properties": {"osm_id": 186976093, "CCGIS:bicycle": "no", "bicycle": "no", "destination:lanes": "||none;4th Plain Boulevard|Mill Plain Boulevard", "hgv": "designated", "hgv:national_network": "yes", "highway": "motorway", "lanes": "4", "lit": "yes", "maxspeed": "50 mph", "oneway": "yes", "parking:lane:both": "no_parking", "ref": "I 5", "sidewalk": "no", "source": "Yahoo,TIGER", "source:hgv:national_network": "https://www.ecfr.gov/current/title-23/chapter-I/subchapter-G/part-658;https://hepgis-usdot.hub.arcgis.com/apps/usdot::national-network-conventional-combination-trucks-map", "surface": "asphalt", "turn:lanes": "||through;slight_right|slight_right"}, "geometry": {"type": "LineString", "coordinates": [[-122.667775, 45.6267169], [-122.6676492, 45.6269255], [-122.6670885, 45.6278561]]}}, {"type": "Feature", "properties": {"osm_id": 186981933, "CCGIS:bicycle": "no", "bicycle": "no", "cycleway:both": "no", "hgv": "designated", "hgv:national_network": "yes", "highway": "motorway", "lanes": "3", "lit": "yes", "maxheight:signed": "no", "maxspeed": "50 mph", "oneway": "yes", "parking:lane:both": "no_parking", "ref": "I 5", "sidewalk": "no", "source": "Yahoo,TIGER", "source:hgv:national_network": "https://www.ecfr.gov/current/title-23/chapter-I/subchapter-G/part-658;https://hepgis-usdot.hub.arcgis.com/apps/usdot::national-network-conventional-combination-trucks-map"}, "geometry": {"type": "LineString", "coordinates": [[-122.6672854, 45.6279542], [-122.6679605, 45.6268307], [-122.6680773, 45.6266406], [-122.6682151, 45.6264266], [-122.6683518, 45.6262269], [-122.6684933, 45.6260328], [-122.6686426, 45.6258398], [-122.6687972, 45.6256516], [-122.6689557, 45.6254666], [-122.6691243, 45.6252815], [-122.6692998, 45.6250992], [-122.6694791, 45.62492], [-122.6696663, 45.6247444], [-122.6698618, 45.6245703], [-122.6700715, 45.624388], [-122.6702745, 45.6242249], [-122.6704752, 45.6240703], [-122.6707396, 45.6238731], [-122.6712882, 45.6234706], [-122.6713711, 45.6234095], [-122.6717183, 45.6231535], [-122.6722605, 45.6227534], [-122.6723723, 45.6226684]]}}, {"type": "Feature", "properties": {"osm_id": 186994609, "CCGIS:bicycle": "no", "bicycle": "no", "destination:lanes": "none|none|none|Northeast Highway 99", "hgv": "designated", "hgv:national_network": "yes", "highway": "motorway", "lanes": "4", "lit": "yes", "maxspeed": "60 mph", "noname": "yes", "oneway": "yes", "parking:lane:both": "no_parking", "ref": "I 5", "sidewalk": "no", "source:hgv:national_network": "https://www.ecfr.gov/current/title-23/chapter-I/subchapter-G/part-658;https://hepgis-usdot.hub.arcgis.com/apps/usdot::national-network-conventional-combination-trucks-map", "surface": "asphalt", "turn:lanes": "none|none|none|slight_right"}, "geometry": {"type": "LineString", "coordinates": [[-122.662653, 45.6527704], [-122.663078, 45.6538452]]}}, {"type": "Feature", "properties": {"osm_id": 186994612, "CCGIS:bicycle": "no", "bicycle": "no", "destination:lanes": "Seattle|Seattle|none;Northeast 78th Street|Northeast 78th Street", "hgv": "designated", "hgv:national_network": "yes", "highway": "motorway", "lanes": "4", "lit": "yes", "maxheight:signed": "no", "maxspeed": "60 mph", "noname": "yes", "oneway": "yes", "parking:lane:both": "no_parking", "ref": "I 5", "sidewalk": "no", "source:hgv:national_network": "https://www.ecfr.gov/current/title-23/chapter-I/subchapter-G/part-658;https://hepgis-usdot.hub.arcgis.com/apps/usdot::national-network-conventional-combination-trucks-map", "surface": "asphalt", "turn:lanes": "none|none|through;slight_right|slight_right"}, "geometry": {"type": "LineString", "coordinates": [[-122.6668111, 45.6630552], [-122.6669523, 45.6635335], [-122.6670961, 45.6641758], [-122.6671602, 45.6645533], [-122.6671778, 45.6649988], [-122.6671642, 45.6653277], [-122.6671343, 45.6656558], [-122.6670701, 45.6660479], [-122.6669963, 45.6664346], [-122.666912, 45.6667052], [-122.6668174, 45.6669756], [-122.6666959, 45.6672856], [-122.6665505, 45.6675923], [-122.6663246, 45.6680168], [-122.6660343, 45.6685001], [-122.6654732, 45.6695118], [-122.6651791, 45.6700208], [-122.6649311, 45.6705279], [-122.6647468, 45.6709633], [-122.6646174, 45.6714048], [-122.6645247, 45.6718037], [-122.6644496, 45.6722048], [-122.6644206, 45.6724651], [-122.6643945, 45.6727214]]}}, {"type": "Feature", "properties": {"osm_id": 186994616, "CCGIS:bicycle": "no", "bicycle": "no", "destination": "Seattle", "hgv": "designated", "hgv:national_network": "yes", "highway": "motorway", "lanes": "3", "lit": "yes", "maxspeed": "60 mph", "noname": "yes", "oneway": "yes", "parking:lane:both": "no_parking", "ref": "I 5", "sidewalk": "no", "source:hgv:national_network": "https://www.ecfr.gov/current/title-23/chapter-I/subchapter-G/part-658;https://hepgis-usdot.hub.arcgis.com/apps/usdot::national-network-conventional-combination-trucks-map", "surface": "asphalt"}, "geometry": {"type": "LineString", "coordinates": [[-122.6643945, 45.6727214], [-122.6644287, 45.6756731], [-122.6644775, 45.6778854]]}}, {"type": "Feature", "properties": {"osm_id": 186994619, "CCGIS:bicycle": "no", "bicycle": "no", "destination:lanes": "none|none|none;Northeast 99th Street|Northeast 99th Street", "hgv": "designated", "hgv:national_network": "yes", "highway": "motorway", "lanes": "4", "lit": "yes", "maxspeed": "60 mph", "oneway": "yes", "parking:lane:both": "no_parking", "ref": "I 5", "sidewalk": "no", "source:hgv:national_network": "https://www.ecfr.gov/current/title-23/chapter-I/subchapter-G/part-658;https://hepgis-usdot.hub.arcgis.com/apps/usdot::national-network-conventional-combination-trucks-map", "surface": "asphalt", "turn:lanes": "none|none|through;slight_right|slight_right"}, "geometry": {"type": "LineString", "coordinates": [[-122.664486, 45.6844214], [-122.6644507, 45.6849933], [-122.6643208, 45.6859061], [-122.6641985, 45.6864492], [-122.6640566, 45.6869934], [-122.6639043, 45.6874823], [-122.6638155, 45.6877252]]}}, {"type": "Feature", "properties": {"osm_id": 189307186, "NHS": "yes", "RLIS:bicycle": "caution_area", "alt_name": "Highway 99E", "bicycle": "yes", "expressway": "yes", "foot": "no", "hgv": "designated", "hgv:national_network": "yes", "highway": "trunk", "lanes": "2", "maxspeed": "30 mph", "name": "Southeast Martin Luther King Junior Boulevard", "name:etymology": "Martin Luther King Junior", "name:etymology:wikidata": "Q8027", "name:etymology:wikipedia": "en:Martin Luther King Jr.", "oneway": "yes", "ref": "OR 99E", "short_name": "SE MLK Jr Blvd", "sidewalk": "no"}, "geometry": {"type": "LineString", "coordinates": [[-122.6609562, 45.5033846], [-122.6609396, 45.5030788], [-122.6609267, 45.5028688], [-122.6609181, 45.5026407]]}}, {"type": "Feature", "properties": {"osm_id": 189465452, "NHS": "yes", "RLIS:bicycle": "caution_area", "alt_name": "Highway 99E", "bicycle": "yes", "embedded_rails": "tram", "hgv": "designated", "hgv:national_network": "yes", "highway": "trunk", "lanes": "4", "lanes:bus": "1", "maxspeed": "30 mph", "name": "Southeast Martin Luther King Junior Boulevard", "name:etymology": "Martin Luther King Junior", "name:etymology:wikidata": "Q8027", "name:etymology:wikipedia": "en:Martin Luther King Jr.", "old_name": "Southeast Union Avenue", "oneway": "yes", "ref": "OR 99E", "short_name": "SE MLK Jr Blvd", "sidewalk:both": "separate", "surface": "asphalt"}, "geometry": {"type": "LineString", "coordinates": [[-122.6618352, 45.5129791], [-122.6618302, 45.5126332]]}}, {"type": "Feature", "properties": {"osm_id": 189765054, "footway": "sidewalk", "highway": "footway", "name": "Southeast Martin Luther King Jr Boulevard", "name:etymology:wikidata": "Q8027"}, "geometry": {"type": "LineString", "coordinates": [[-122.6620101, 45.5100401], [-122.661996, 45.5100231], [-122.661997, 45.5098195], [-122.6619855, 45.5097954], [-122.6619842, 45.5096226]]}}, {"type": "Feature", "properties": {"osm_id": 189891728, "footway": "sidewalk", "highway": "footway", "name": "Southeast Martin Luther King, Junior Boulevard", "name:etymology:wikidata": "Q8027"}, "geometry": {"type": "LineString", "coordinates": [[-122.6617079, 45.5166901], [-122.661701, 45.5166044]]}}, {"type": "Feature", "properties": {"osm_id": 197587440, "bicycle": "yes", "hgv": "designated", "hgv:national_network": "yes", "highway": "motorway", "lanes": "5", "lit": "yes", "maxheight:signed": "no", "maxspeed": "55 mph", "noname": "yes", "official_name": "Pacific Highway #1;Korean War Veterans Memorial Highway;Purple Heart Trail", "old_name": "Robert Hugh Baldock Freeway;West Portland-Hubbard Highway #51", "old_ref": "US 99", "oneway": "yes", "ref": "I 5", "source:hgv:national_network": "https://www.ecfr.gov/current/title-23/chapter-I/subchapter-G/part-658;https://hepgis-usdot.hub.arcgis.com/apps/usdot::national-network-conventional-combination-trucks-map", "surface": "asphalt"}, "geometry": {"type": "LineString", "coordinates": [[-122.7487975, 45.3926977], [-122.7490274, 45.3921298], [-122.7494793, 45.3909984], [-122.7500734, 45.3894884], [-122.7503764, 45.3887204], [-122.7506692, 45.3879609]]}}, {"type": "Feature", "properties": {"osm_id": 197587442, "bicycle": "yes", "destination:lanes": "Portland|Portland|Portland;Oregon City|Oregon City", "hgv": "designated", "hgv:national_network": "yes", "highway": "motorway", "lanes": "4", "lit": "no", "maxheight:signed": "no", "maxspeed": "65 mph", "maxspeed:hgv": "60 mph", "noname": "yes", "official_name": "Pacific Highway #1;Korean War Veterans Memorial Highway;Purple Heart Trail", "old_name": "Robert Hugh Baldock Freeway;West Portland-Hubbard Highway #51", "old_ref": "US 99", "oneway": "yes", "placement": "middle_of:2", "ref": "I 5", "source:hgv:national_network": "https://www.ecfr.gov/current/title-23/chapter-I/subchapter-G/part-658;https://hepgis-usdot.hub.arcgis.com/apps/usdot::national-network-conventional-combination-trucks-map", "surface": "asphalt", "turn:lanes": "through|through|through;slight_right|slight_right"}, "geometry": {"type": "LineString", "coordinates": [[-122.768565, 45.3411134], [-122.7684431, 45.3417232], [-122.7682989, 45.3422747], [-122.7681535, 45.3427703], [-122.7680246, 45.3432094], [-122.767874, 45.3436756], [-122.7675427, 45.344583], [-122.7671757, 45.3455031], [-122.7668814, 45.3462982], [-122.7662602, 45.3478538], [-122.765633, 45.3494065], [-122.7652093, 45.3504655], [-122.7647766, 45.3515413], [-122.7639227, 45.3536576], [-122.7637937, 45.3539773], [-122.7627613, 45.3564943], [-122.761879, 45.3586867], [-122.7612807, 45.3601829], [-122.760728, 45.3616028], [-122.7593409, 45.3650696]]}}, {"type": "Feature", "properties": {"osm_id": 197587453, "bicycle": "yes", "hgv": "designated", "hgv:national_network": "yes", "highway": "motorway", "lanes": "4", "lit": "yes", "maxspeed": "55 mph", "noname": "yes", "official_name": "Pacific Highway #1;Korean War Veterans Memorial Highway;Purple Heart Trail", "old_name": "Robert Hugh Baldock Freeway;West Portland-Hubbard Highway #51", "old_ref": "US 99", "oneway": "yes", "ref": "I 5", "source:hgv:national_network": "https://www.ecfr.gov/current/title-23/chapter-I/subchapter-G/part-658;https://hepgis-usdot.hub.arcgis.com/apps/usdot::national-network-conventional-combination-trucks-map", "surface": "asphalt"}, "geometry": {"type": "LineString", "coordinates": [[-122.7461702, 45.3992681], [-122.7469034, 45.3973604], [-122.7471574, 45.3967089]]}}, {"type": "Feature", "properties": {"osm_id": 197587456, "bicycle": "yes", "hgv": "designated", "hgv:national_network": "yes", "highway": "motorway", "lanes": "3", "lit": "yes", "maxspeed": "55 mph", "noname": "yes", "official_name": "Pacific Highway #1;Korean War Veterans Memorial Highway;Purple Heart Trail", "old_name": "Robert Hugh Baldock Freeway;West Portland-Hubbard Highway #51", "old_ref": "US 99", "oneway": "yes", "ref": "I 5", "source:hgv:national_network": "https://www.ecfr.gov/current/title-23/chapter-I/subchapter-G/part-658;https://hepgis-usdot.hub.arcgis.com/apps/usdot::national-network-conventional-combination-trucks-map"}, "geometry": {"type": "LineString", "coordinates": [[-122.7481321, 45.3936422], [-122.7480025, 45.3940072], [-122.7476328, 45.3949238], [-122.747184, 45.3960313]]}}, {"type": "Feature", "properties": {"osm_id": 197587463, "bicycle": "yes", "hgv": "designated", "hgv:national_network": "yes", "highway": "motorway", "lanes": "4", "lit": "yes", "maxspeed": "55 mph", "noname": "yes", "official_name": "Pacific Highway #1;Korean War Veterans Memorial Highway;Purple Heart Trail", "old_name": "West Portland-Hubbard Highway #51", "old_ref": "US 99", "oneway": "yes", "ref": "I 5", "source:hgv:national_network": "https://www.ecfr.gov/current/title-23/chapter-I/subchapter-G/part-658;https://hepgis-usdot.hub.arcgis.com/apps/usdot::national-network-conventional-combination-trucks-map", "surface": "asphalt"}, "geometry": {"type": "LineString", "coordinates": [[-122.7455555, 45.4000332], [-122.7452714, 45.4007687], [-122.7450234, 45.4014841], [-122.7447941, 45.4021995], [-122.7447155, 45.4024787], [-122.7445926, 45.402915]]}}, {"type": "Feature", "properties": {"osm_id": 197587470, "bicycle": "no", "hgv": "designated", "hgv:national_network": "yes", "highway": "motorway", "lanes": "3", "lit": "yes", "maxspeed": "55 mph", "noname": "yes", "official_name": "Pacific Highway #1;Korean War Veterans Memorial Highway;Purple Heart Trail", "oneway": "yes", "ref": "I 5", "source:hgv:national_network": "https://www.ecfr.gov/current/title-23/chapter-I/subchapter-G/part-658;https://hepgis-usdot.hub.arcgis.com/apps/usdot::national-network-conventional-combination-trucks-map", "surface": "asphalt"}, "geometry": {"type": "LineString", "coordinates": [[-122.724538, 45.4534716], [-122.7251159, 45.4533293], [-122.7255598, 45.45319], [-122.7260644, 45.4530111], [-122.7263355, 45.4528863], [-122.7265048, 45.4528005], [-122.7267218, 45.4526843], [-122.7270233, 45.4524843], [-122.7272976, 45.4522957], [-122.7274357, 45.4521948], [-122.7277484, 45.4519311], [-122.7279505, 45.4517475], [-122.7281041, 45.4515849], [-122.7281735, 45.4515033], [-122.7284177, 45.4512076], [-122.7286302, 45.4509043], [-122.7288198, 45.4506171], [-122.7292055, 45.4499915], [-122.7296069, 45.4493357], [-122.7299785, 45.4487294], [-122.7301077, 45.4485325], [-122.7302986, 45.4482532], [-122.7304528, 45.4480443], [-122.7306802, 45.4477677], [-122.730812, 45.447624], [-122.731037, 45.4474011], [-122.7312091, 45.4472493], [-122.7313307, 45.4471453], [-122.7315779, 45.4469267], [-122.7318769, 45.4467183], [-122.7320618, 45.4466011], [-122.7322651, 45.4464814], [-122.7324448, 45.4463783], [-122.7327129, 45.4462421], [-122.7329946, 45.4461143], [-122.73333, 45.4459709], [-122.7337012, 45.4458379], [-122.7339623, 45.4457502], [-122.7343164, 45.4456495], [-122.7346761, 45.4455596], [-122.7350452, 45.4454781], [-122.7356553, 45.4453678]]}}, {"type": "Feature", "properties": {"osm_id": 198199379, "bicycle": "no", "bridge": "yes", "hgv": "designated", "hgv:national_network": "yes", "highway": "motorway", "lanes": "3", "layer": "1", "maxspeed": "55 mph", "name": "Abernethy Bridge", "oneway": "yes", "placement": "right_of:1", "ref": "I 205", "source:hgv:national_network": "https://www.ecfr.gov/current/title-23/chapter-I/subchapter-G/part-658;https://hepgis-usdot.hub.arcgis.com/apps/usdot::national-network-conventional-combination-trucks-map"}, "geometry": {"type": "LineString", "coordinates": [[-122.6059789, 45.3639007], [-122.6041165, 45.3644233], [-122.6018071, 45.3650665]]}}, {"type": "Feature", "properties": {"osm_id": 198199381, "bicycle": "no", "bridge": "yes", "hgv": "designated", "hgv:national_network": "yes", "highway": "motorway", "lanes": "2", "layer": "1", "maxspeed": "55 mph", "name": "Abernethy Bridge", "oneway": "yes", "ref": "I 205", "source:hgv:national_network": "https://www.ecfr.gov/current/title-23/chapter-I/subchapter-G/part-658;https://hepgis-usdot.hub.arcgis.com/apps/usdot::national-network-conventional-combination-trucks-map"}, "geometry": {"type": "LineString", "coordinates": [[-122.6009059, 45.3653224], [-122.6002038, 45.3655338]]}}, {"type": "Feature", "properties": {"osm_id": 198199382, "bicycle": "no", "bridge": "yes", "hgv": "designated", "hgv:national_network": "yes", "highway": "motorway", "lanes": "2", "layer": "1", "maxspeed": "55 mph", "name": "Abernethy Bridge", "oneway": "yes", "ref": "I 205", "source:hgv:national_network": "https://www.ecfr.gov/current/title-23/chapter-I/subchapter-G/part-658;https://hepgis-usdot.hub.arcgis.com/apps/usdot::national-network-conventional-combination-trucks-map"}, "geometry": {"type": "LineString", "coordinates": [[-122.6063899, 45.363912], [-122.6081831, 45.3634093], [-122.6090912, 45.363148], [-122.609569, 45.3630041], [-122.6101868, 45.3627969]]}}, {"type": "Feature", "properties": {"osm_id": 202760894, "bicycle": "designated", "cycleway:right": "lane", "cycleway:right:buffer": "no", "highway": "tertiary", "lanes": "2", "maxspeed": "30 mph", "name": "North Interstate Avenue", "old_name": "Pacific Highway West #1W (91)", "old_ref": "OR 99W (old US 99W)", "oneway": "yes", "sidewalk": "right", "surface": "asphalt"}, "geometry": {"type": "LineString", "coordinates": [[-122.6681844, 45.5304771], [-122.6683515, 45.5305397], [-122.6683806, 45.530551], [-122.6685234, 45.5306064], [-122.6686768, 45.5306725], [-122.6688193, 45.5307376], [-122.6690784, 45.5308594], [-122.669265, 45.5309619], [-122.669453, 45.5310707]]}}, {"type": "Feature", "properties": {"osm_id": 203293778, "highway": "tertiary", "lanes": "2", "maxspeed": "30 mph", "name": "North Interstate Avenue", "oneway": "yes", "sidewalk": "right", "surface": "asphalt"}, "geometry": {"type": "LineString", "coordinates": [[-122.6670146, 45.5297188], [-122.6669631, 45.5297031], [-122.6668758, 45.5296774], [-122.6668031, 45.5296542]]}}, {"type": "Feature", "properties": {"osm_id": 203293782, "bicycle": "designated", "foot": "designated", "highway": "path", "name": "North Interstate Avenue", "surface": "paved", "width": "3.2"}, "geometry": {"type": "LineString", "coordinates": [[-122.6670146, 45.5297188], [-122.6670369, 45.5296458], [-122.6670316, 45.529638], [-122.6670005, 45.5296205], [-122.6669722, 45.529614], [-122.6669417, 45.5296154], [-122.6669029, 45.5296236], [-122.6668517, 45.5296379], [-122.6668031, 45.5296542]]}}, {"type": "Feature", "properties": {"osm_id": 203415061, "NHS": "yes", "alt_name": "Highway 99E", "change:lanes": "no|not_left|yes", "description": "Pacific Highway East #1E (81)", "destination:lanes": "Humane Society;Portland Airport|City Center|City Center", "destination:symbol:lanes": "airport|centre|centre", "expressway": "yes", "foot": "yes", "hgv": "designated", "hgv:national_network": "yes", "highway": "primary", "lanes": "3", "lit": "no", "maxspeed": "55 mph", "name": "Northeast Martin Luther King Junior Boulevard", "name:etymology": "Martin Luther King Junior", "name:etymology:wikidata": "Q8027", "name:etymology:wikipedia": "en:Martin Luther King Jr.", "old_ref": "US 99E", "oneway": "yes", "placement": "right_of:2", "ref": "OR 99E", "short_name": "NE MLK Jr Blvd", "sidewalk": "right", "surface": "asphalt", "turn:lanes": "left||"}, "geometry": {"type": "LineString", "coordinates": [[-122.6615443, 45.5818296], [-122.6615196, 45.5817681], [-122.6614847, 45.5816617], [-122.6614614, 45.5815704]]}}, {"type": "Feature", "properties": {"osm_id": 204160340, "footway": "sidewalk", "highway": "footway", "name": "Southeast Martin Luther King Junior Boulevard", "name:etymology:wikidata": "Q8027", "short_name": "SE MLK Jr Blvd"}, "geometry": {"type": "LineString", "coordinates": [[-122.6617138, 45.5123222], [-122.6617094, 45.5121592]]}}, {"type": "Feature", "properties": {"osm_id": 204166016, "footway": "sidewalk", "highway": "footway", "name": "Northeast Martin Luther King Junior Boulevard", "name:etymology:wikidata": "Q8027", "short_name": "NE MLK Jr Blvd", "surface": "concrete"}, "geometry": {"type": "LineString", "coordinates": [[-122.6615622, 45.529268], [-122.6615627, 45.5291488], [-122.6615709, 45.5287243]]}}, {"type": "Feature", "properties": {"osm_id": 204166017, "NHS": "yes", "RLIS:bicycle": "caution_area", "alt_name": "Highway 99E", "bicycle": "yes", "hgv": "designated", "hgv:national_network": "yes", "highway": "primary", "lanes": "4", "maxspeed": "30 mph", "name": "Northeast Martin Luther King Junior Boulevard", "name:etymology": "Martin Luther King Junior", "name:etymology:wikidata": "Q8027", "name:etymology:wikipedia": "en:Martin Luther King Jr.", "old_name": "Northeast Union Avenue", "oneway": "yes", "ref": "OR 99E", "short_name": "NE MLK Jr Blvd; NE MLK Blvd", "sidewalk:both": "separate", "surface": "asphalt"}, "geometry": {"type": "LineString", "coordinates": [[-122.6616737, 45.5361821], [-122.6616552, 45.5358481], [-122.6616556, 45.5357904], [-122.6616561, 45.535729], [-122.661658, 45.5355657]]}}, {"type": "Feature", "properties": {"osm_id": 204187928, "NHS": "yes", "RLIS:bicycle": "caution_area", "alt_name": "Highway 99E", "bicycle": "yes", "cycleway:both": "no", "hgv": "designated", "hgv:national_network": "yes", "highway": "primary", "lanes": "4", "maxspeed": "30 mph", "name": "Northeast Martin Luther King Junior Boulevard", "name:etymology": "Martin Luther King Junior", "name:etymology:wikidata": "Q8027", "name:etymology:wikipedia": "en:Martin Luther King Jr.", "old_name": "Pacific Highway East #1E (81)", "old_ref": "US 99E", "ref": "OR 99E", "short_name": "NE MLK Jr Blvd", "sidewalk": "both", "surface": "asphalt", "traffic_calming": "island"}, "geometry": {"type": "LineString", "coordinates": [[-122.661418, 45.5648488], [-122.6614185, 45.5647695], [-122.6614196, 45.5646222]]}}, {"type": "Feature", "properties": {"osm_id": 204187929, "NHS": "yes", "RLIS:bicycle": "caution_area", "alt_name": "Highway 99E", "bicycle": "yes", "hgv": "designated", "hgv:national_network": "yes", "highway": "primary", "lanes": "5", "lanes:backward": "2", "lanes:both_ways": "1", "lanes:forward": "2", "maxspeed": "30 mph", "name": "Northeast Martin Luther King Junior Boulevard", "name:etymology": "Martin Luther King Junior", "name:etymology:wikidata": "Q8027", "name:etymology:wikipedia": "en:Martin Luther King Jr.", "old_name": "Pacific Highway East #1E (81)", "old_ref": "US 99E", "ref": "OR 99E", "short_name": "NE MLK Jr Blvd", "sidewalk": "both", "surface": "asphalt"}, "geometry": {"type": "LineString", "coordinates": [[-122.6614196, 45.5646222], [-122.6614224, 45.5643362], [-122.6614238, 45.5641869], [-122.6614254, 45.5640605]]}}, {"type": "Feature", "properties": {"osm_id": 205281967, "bicycle": "designated", "cycleway:right": "lane", "cycleway:right:buffer": "no", "highway": "tertiary", "maxspeed": "30 mph", "name": "North Interstate Avenue", "old_ref": "OR 99W (old US 99W)", "oneway": "yes", "sidewalk": "right", "surface": "asphalt"}, "geometry": {"type": "LineString", "coordinates": [[-122.6822088, 45.5752948], [-122.6822111, 45.5751958], [-122.6821965, 45.5749197], [-122.6822027, 45.5742556], [-122.6822043, 45.5740813], [-122.6822056, 45.5739473], [-122.6822363, 45.5735878], [-122.6822339, 45.5735111], [-122.6822117, 45.5732104], [-122.6822112, 45.5730756], [-122.6822128, 45.5726657], [-122.6822415, 45.5722989], [-122.6822368, 45.5720641]]}}, {"type": "Feature", "properties": {"osm_id": 205281968, "bicycle": "designated", "cycleway:right": "shared_lane", "highway": "tertiary", "maxspeed": "30 mph", "maxspeed:conditional": "20 mph @ (school_days 07:00-17:00)", "name": "North Interstate Avenue", "old_name": "Pacific Highway West #1W (91)", "old_ref": "OR 99W (old US 99W)", "oneway": "yes", "sidewalk:left": "no", "sidewalk:right": "separate"}, "geometry": {"type": "LineString", "coordinates": [[-122.682373, 45.5619796], [-122.6823664, 45.5619087]]}}, {"type": "Feature", "properties": {"osm_id": 205281969, "bicycle": "designated", "highway": "tertiary", "lanes": "1", "maxspeed": "30 mph", "name": "North Interstate Avenue", "old_name": "Pacific Highway West #1W (91)", "old_ref": "OR 99W (old US 99W)", "oneway": "yes", "sidewalk": "right", "surface": "asphalt"}, "geometry": {"type": "LineString", "coordinates": [[-122.682304, 45.5663043], [-122.6823113, 45.5661979], [-122.6822994, 45.5659706], [-122.68232, 45.5655085], [-122.6823244, 45.5648703], [-122.6823289, 45.5647901], [-122.6823349, 45.5646822], [-122.6823445, 45.5640793], [-122.6823529, 45.5633743], [-122.6823387, 45.5632414]]}}, {"type": "Feature", "properties": {"osm_id": 205281970, "bicycle": "designated", "highway": "tertiary", "lanes": "1", "maxspeed": "30 mph", "name": "North Interstate Avenue", "old_name": "Pacific Highway West #1W (91)", "old_ref": "OR 99W (old US 99W)", "oneway": "yes", "sidewalk": "right"}, "geometry": {"type": "LineString", "coordinates": [[-122.6821033, 45.5634234], [-122.6821351, 45.5636997], [-122.6821382, 45.5637677], [-122.6821215, 45.564083], [-122.6821219, 45.5642269], [-122.6820967, 45.5646391], [-122.682093, 45.5647191], [-122.6820935, 45.5647991], [-122.6820861, 45.5655146], [-122.6820859, 45.5658251], [-122.6820981, 45.5659867]]}}, {"type": "Feature", "properties": {"osm_id": 205281971, "bicycle": "designated", "cycleway:right": "lane", "cycleway:right:buffer": "no", "highway": "tertiary", "maxspeed": "30 mph", "name": "North Interstate Avenue", "old_ref": "OR 99W (old US 99W)", "oneway": "yes", "sidewalk": "both"}, "geometry": {"type": "LineString", "coordinates": [[-122.6822073, 45.577128], [-122.682219, 45.5769985], [-122.6822193, 45.5769305]]}}, {"type": "Feature", "properties": {"osm_id": 205281972, "bicycle": "designated", "cycleway:right": "shared_lane", "highway": "tertiary", "maxspeed": "30 mph", "maxspeed:conditional": "20 mph @ (school_days 07:00-17:00)", "name": "North Interstate Avenue", "old_name": "Pacific Highway West #1W (91)", "old_ref": "OR 99W (old US 99W)", "oneway": "yes", "sidewalk:both": "separate"}, "geometry": {"type": "LineString", "coordinates": [[-122.6823536, 45.5626607], [-122.682376, 45.5625661], [-122.682373, 45.5619796]]}}, {"type": "Feature", "properties": {"osm_id": 205281975, "bicycle": "designated", "highway": "tertiary", "maxspeed": "30 mph", "name": "North Interstate Avenue", "old_name": "Pacific Highway West #1W (91)", "old_ref": "OR 99W (old US 99W)", "oneway": "yes", "sidewalk": "both", "surface": "asphalt"}, "geometry": {"type": "LineString", "coordinates": [[-122.682036, 45.5698887], [-122.682017, 45.570041], [-122.6820193, 45.5703799], [-122.6820216, 45.5707556]]}}, {"type": "Feature", "properties": {"osm_id": 205281976, "bicycle": "designated", "cycleway:right": "lane", "cycleway:right:buffer": "no", "highway": "secondary", "maxspeed": "30 mph", "name": "North Interstate Avenue", "old_name": "Pacific Highway West #1W (91)", "old_ref": "OR 99W (old US 99W)", "oneway": "yes", "sidewalk": "right"}, "geometry": {"type": "LineString", "coordinates": [[-122.6819787, 45.5795368], [-122.6819788, 45.5795995], [-122.6819797, 45.5796666], [-122.6819931, 45.579852], [-122.6819928, 45.5800123], [-122.6819884, 45.5806873]]}}, {"type": "Feature", "properties": {"osm_id": 205281977, "bicycle": "designated", "highway": "tertiary", "maxspeed": "30 mph", "name": "North Interstate Avenue", "old_name": "Pacific Highway West #1W (91)", "old_ref": "OR 99W (old US 99W)", "oneway": "yes", "sidewalk": "both"}, "geometry": {"type": "LineString", "coordinates": [[-122.6821248, 45.5626647], [-122.682108, 45.5627566], [-122.682102, 45.5633693], [-122.6821033, 45.5634234]]}}, {"type": "Feature", "properties": {"osm_id": 205281978, "bicycle": "designated", "highway": "tertiary", "lane_markings": "yes", "lanes": "1", "maxspeed": "30 mph", "name": "North Interstate Avenue", "old_name": "Pacific Highway West #1W (91)", "old_ref": "OR 99W (old US 99W)", "oneway": "yes", "sidewalk": "both", "surface": "asphalt"}, "geometry": {"type": "LineString", "coordinates": [[-122.6822594, 45.5698883], [-122.68227, 45.569737], [-122.6822712, 45.5696627], [-122.6822807, 45.5691229], [-122.6822821, 45.5690366]]}}, {"type": "Feature", "properties": {"osm_id": 205281979, "bicycle": "designated", "cycleway:right": "lane", "cycleway:right:buffer": "no", "highway": "secondary", "lanes": "1", "maxspeed": "30 mph", "name": "North Interstate Avenue", "old_name": "Pacific Highway West #1W (91)", "old_ref": "OR 99W (old US 99W)", "oneway": "yes", "sidewalk": "both", "surface": "asphalt"}, "geometry": {"type": "LineString", "coordinates": [[-122.681979, 45.5771302], [-122.6819788, 45.5772709], [-122.6819778, 45.5774471], [-122.6819749, 45.5779469], [-122.6819756, 45.5780177]]}}, {"type": "Feature", "properties": {"osm_id": 205281980, "bicycle": "designated", "highway": "tertiary", "maxspeed": "30 mph", "name": "North Interstate Avenue", "old_name": "Pacific Highway West #1W (91)", "old_ref": "OR 99W (old US 99W)", "oneway": "yes", "sidewalk": "right"}, "geometry": {"type": "LineString", "coordinates": [[-122.6820216, 45.5707556], [-122.6820186, 45.5709066], [-122.6820159, 45.5709953], [-122.6820394, 45.5713467]]}}, {"type": "Feature", "properties": {"osm_id": 205284337, "bicycle": "designated", "cycleway:right": "lane", "cycleway:right:buffer": "no", "highway": "tertiary", "lanes": "1", "maxspeed": "30 mph", "name": "North Interstate Avenue", "old_ref": "OR 99W (old US 99W)", "oneway": "yes", "sidewalk": "both", "surface": "asphalt"}, "geometry": {"type": "LineString", "coordinates": [[-122.681104, 45.5495982], [-122.6811155, 45.5495132], [-122.6811208, 45.5492265], [-122.6811223, 45.5491353], [-122.6811274, 45.5488272]]}}, {"type": "Feature", "properties": {"osm_id": 205284339, "bicycle": "designated", "cycleway:right": "lane", "cycleway:right:buffer": "no", "highway": "tertiary", "lanes": "1", "maxspeed": "30 mph", "name": "North Interstate Avenue", "old_name": "Pacific Highway West #1W (91)", "old_ref": "OR 99W (old US 99W)", "oneway": "yes", "sidewalk": "right"}, "geometry": {"type": "LineString", "coordinates": [[-122.6809003, 45.5496018], [-122.6808999, 45.549674], [-122.6808991, 45.5496935], [-122.6809156, 45.5500002], [-122.6809127, 45.55035], [-122.6809113, 45.550595], [-122.6809062, 45.5508602], [-122.680904, 45.5512021], [-122.6808992, 45.5513622], [-122.6808883, 45.5514778], [-122.6808731, 45.5515926], [-122.6808673, 45.551673], [-122.6808829, 45.551864]]}}, {"type": "Feature", "properties": {"osm_id": 205284342, "bicycle": "designated", "cycleway:right": "lane", "cycleway:right:buffer": "no", "highway": "tertiary", "lanes": "2", "maxspeed": "30 mph", "name": "North Interstate Avenue", "old_ref": "OR 99W (old US 99W)", "oneway": "yes", "sidewalk": "right", "turn:lanes": "left|"}, "geometry": {"type": "LineString", "coordinates": [[-122.6811124, 45.5484448], [-122.6811093, 45.5478817], [-122.6811148, 45.5478081]]}}, {"type": "Feature", "properties": {"osm_id": 205284344, "bicycle": "designated", "cycleway:right": "lane", "cycleway:right:buffer": "no", "highway": "tertiary", "lanes": "2", "maxspeed": "30 mph", "name": "North Interstate Avenue", "old_name": "Pacific Highway West #1W (91)", "old_ref": "OR 99W (old US 99W)", "oneway": "yes", "sidewalk:left": "no", "sidewalk:right": "separate", "turn:lanes": "left|"}, "geometry": {"type": "LineString", "coordinates": [[-122.6821984, 45.5556009], [-122.6822018, 45.5559326], [-122.682202, 45.5559521], [-122.6822027, 45.5560914]]}}, {"type": "Feature", "properties": {"osm_id": 205284346, "bicycle": "designated", "cycleway:right": "lane", "cycleway:right:buffer": "no", "highway": "tertiary", "lanes": "2", "maxspeed": "30 mph", "name": "North Interstate Avenue", "old_ref": "OR 99W (old US 99W)", "oneway": "yes", "sidewalk:left": "no", "sidewalk:right": "separate", "surface": "asphalt", "turn:lanes": "left|"}, "geometry": {"type": "LineString", "coordinates": [[-122.6824052, 45.5549431], [-122.682378, 45.5547739], [-122.6823749, 45.5547548], [-122.6823518, 45.5546517]]}}, {"type": "Feature", "properties": {"osm_id": 205288371, "bicycle": "designated", "cycleway:right": "lane", "cycleway:right:buffer": "no", "foot": "no", "highway": "tertiary", "lanes": "1", "maxspeed": "30 mph", "name": "North Interstate Avenue", "old_name": "Pacific Highway West #1W (91)", "old_ref": "OR 99W (old US 99W)", "oneway": "yes", "sidewalk": "no"}, "geometry": {"type": "LineString", "coordinates": [[-122.6745148, 45.5361685], [-122.6744285, 45.5360179], [-122.6742911, 45.53581], [-122.6741916, 45.5356777], [-122.6740194, 45.5354528], [-122.6738014, 45.5351679], [-122.6734873, 45.5347573], [-122.6729463, 45.5340475], [-122.6726702, 45.533685], [-122.6724147, 45.5333739], [-122.6722142, 45.5331559], [-122.6719792, 45.5329128]]}}, {"type": "Feature", "properties": {"osm_id": 205288372, "bicycle": "designated", "cycleway:right": "lane", "cycleway:right:buffer": "no", "highway": "tertiary", "lanes": "2", "maxspeed": "30 mph", "name": "North Interstate Avenue", "old_name": "Pacific Highway West #1W (91)", "old_ref": "OR 99W (old US 99W)", "oneway": "yes", "sidewalk:left": "no", "sidewalk:right": "separate", "turn:lanes": "left|"}, "geometry": {"type": "LineString", "coordinates": [[-122.6763686, 45.5400745], [-122.6767138, 45.5402553], [-122.6768224, 45.540325], [-122.6768979, 45.5403844], [-122.6769627, 45.54045], [-122.6770154, 45.5405263], [-122.6770504, 45.5405964], [-122.6770749, 45.5406645], [-122.6770915, 45.5407432], [-122.6770978, 45.5408202], [-122.6771051, 45.5409212], [-122.6771061, 45.5409347], [-122.6771115, 45.541009]]}}, {"type": "Feature", "properties": {"osm_id": 205288373, "bicycle": "designated", "cycleway:right": "lane", "cycleway:right:buffer": "no", "highway": "tertiary", "lanes": "1", "maxspeed": "30 mph", "name": "North Interstate Avenue", "old_name": "Pacific Highway West #1W (91)", "old_ref": "OR 99W (old US 99W)", "oneway": "yes", "sidewalk:left": "no", "sidewalk:right": "separate"}, "geometry": {"type": "LineString", "coordinates": [[-122.6750575, 45.5394039], [-122.6752684, 45.5395178], [-122.6757948, 45.5398022]]}}, {"type": "Feature", "properties": {"osm_id": 205288374, "bicycle": "designated", "cycleway:right": "lane", "cycleway:right:buffer": "no", "highway": "tertiary", "lanes": "1", "maxspeed": "30 mph", "name": "North Interstate Avenue", "old_name": "Pacific Highway West #1W (91)", "old_ref": "OR 99W (old US 99W)", "oneway": "yes", "sidewalk:left": "no", "sidewalk:right": "separate", "surface": "asphalt"}, "geometry": {"type": "LineString", "coordinates": [[-122.6751811, 45.5392892], [-122.6750987, 45.5392429], [-122.6750614, 45.5392201], [-122.6750232, 45.5391968], [-122.6749589, 45.5391519], [-122.6748967, 45.5390995], [-122.6748483, 45.539052], [-122.6747989, 45.5389898], [-122.6747607, 45.5389343], [-122.674732, 45.5388817], [-122.6747125, 45.5388394], [-122.6746859, 45.5387684], [-122.674675, 45.5387239], [-122.6746664, 45.5386816], [-122.6746609, 45.5386165], [-122.6746584, 45.5384736], [-122.6746721, 45.5382986]]}}, {"type": "Feature", "properties": {"osm_id": 205288375, "bicycle": "designated", "cycleway:right": "lane", "cycleway:right:buffer": "no", "highway": "tertiary", "lanes": "1", "maxspeed": "30 mph", "name": "North Interstate Avenue", "old_name": "Pacific Highway West #1W (91)", "old_ref": "OR 99W (old US 99W)", "oneway": "yes", "sidewalk:left": "no", "sidewalk:right": "separate"}, "geometry": {"type": "LineString", "coordinates": [[-122.6759464, 45.5396818], [-122.6758695, 45.5396412], [-122.6756487, 45.5395206], [-122.6755434, 45.5394698]]}}, {"type": "Feature", "properties": {"osm_id": 205288376, "bicycle": "designated", "cycleway:right": "lane", "cycleway:right:buffer": "no", "highway": "tertiary", "lanes": "2", "maxspeed": "30 mph", "name": "North Interstate Avenue", "old_name": "Pacific Highway West #1W (91)", "old_ref": "OR 99W (old US 99W)", "oneway": "yes", "sidewalk": "no", "surface": "asphalt", "turn:lanes": "left|"}, "geometry": {"type": "LineString", "coordinates": [[-122.6704676, 45.5315327], [-122.6704284, 45.5314987], [-122.6702584, 45.5313586], [-122.6700857, 45.5312248], [-122.6698773, 45.531078], [-122.6697378, 45.5309909]]}}, {"type": "Feature", "properties": {"osm_id": 218901926, "NHS": "yes", "RLIS:bicycle": "caution_area", "alt_name": "Highway 99E", "bicycle": "yes", "embankment": "yes", "expressway": "yes", "foot": "yes", "hgv": "designated", "hgv:national_network": "yes", "highway": "trunk", "lanes": "2", "maxspeed": "30 mph", "name": "Southeast Martin Luther King Junior Boulevard", "name:etymology": "Martin Luther King Junior", "name:etymology:wikidata": "Q8027", "name:etymology:wikipedia": "en:Martin Luther King Jr.", "oneway": "yes", "ref": "OR 99E", "short_name": "SE MLK Jr Blvd", "sidewalk": "right", "surface": "asphalt"}, "geometry": {"type": "LineString", "coordinates": [[-122.6609695, 45.5046954], [-122.6609567, 45.5041452], [-122.6609562, 45.5034445]]}}, {"type": "Feature", "properties": {"osm_id": 220072690, "NHS": "yes", "alt_name": "Highway 99E", "description": "Pacific Highway East #1E (81)", "expressway": "yes", "hgv": "designated", "hgv:national_network": "yes", "highway": "primary", "lanes": "2", "maxspeed": "55 mph", "name": "Northeast Martin Luther King Junior Boulevard", "name:etymology": "Martin Luther King Junior", "name:etymology:wikidata": "Q8027", "name:etymology:wikipedia": "en:Martin Luther King Jr.", "old_ref": "US 99E", "oneway": "yes", "ref": "OR 99E", "short_name": "NE MLK Jr Blvd", "sidewalk": "no", "surface": "asphalt"}, "geometry": {"type": "LineString", "coordinates": [[-122.6646931, 45.5873848], [-122.664569, 45.5871669]]}}, {"type": "Feature", "properties": {"osm_id": 220072691, "NHS": "yes", "RLIS:bicycle": "caution_area", "alt_name": "Highway 99E", "bicycle": "yes", "embedded_rails": "tram", "hgv": "designated", "hgv:national_network": "yes", "highway": "trunk", "lanes": "4", "lanes:bus": "1", "maxspeed": "30 mph", "name": "Southeast Martin Luther King Junior Boulevard", "name:etymology": "Martin Luther King Junior", "name:etymology:wikidata": "Q8027", "name:etymology:wikipedia": "en:Martin Luther King Jr.", "old_name": "Southeast Union Avenue", "oneway": "yes", "ref": "OR 99E", "short_name": "SE MLK Jr Blvd", "sidewalk": "both", "surface": "asphalt"}, "geometry": {"type": "LineString", "coordinates": [[-122.6618308, 45.5123643], [-122.6618321, 45.5122468], [-122.6618328, 45.5119611]]}}, {"type": "Feature", "properties": {"osm_id": 220298196, "bicycle": "no", "hgv": "designated", "hgv:national_network": "yes", "highway": "motorway", "lanes": "3", "lit": "yes", "maxspeed": "55 mph", "noname": "yes", "official_name": "Pacific Highway #1;Korean War Veterans Memorial Highway;Purple Heart Trail", "oneway": "yes", "ref": "I 5", "source:hgv:national_network": "https://www.ecfr.gov/current/title-23/chapter-I/subchapter-G/part-658;https://hepgis-usdot.hub.arcgis.com/apps/usdot::national-network-conventional-combination-trucks-map", "surface": "asphalt"}, "geometry": {"type": "LineString", "coordinates": [[-122.7374347, 45.4449855], [-122.7377086, 45.4449047], [-122.7380064, 45.4448069], [-122.7382776, 45.4447077], [-122.7385482, 45.4445906], [-122.7387414, 45.4444977], [-122.7389404, 45.4443911], [-122.7391695, 45.4442605], [-122.7393844, 45.4441203], [-122.7395627, 45.4439932], [-122.7397389, 45.4438575], [-122.7399273, 45.4436974], [-122.7400319, 45.4436034], [-122.740334, 45.4432903], [-122.7405403, 45.4430594], [-122.7409582, 45.442572], [-122.7412721, 45.4422092], [-122.7415776, 45.4418578], [-122.7421578, 45.4411826], [-122.7423891, 45.4409106], [-122.7426657, 45.4406042]]}}, {"type": "Feature", "properties": {"osm_id": 237003739, "bicycle": "no", "hgv": "designated", "hgv:national_network": "yes", "highway": "motorway", "lanes": "3", "lit": "yes", "maxspeed": "55 mph", "oneway": "yes", "placement": "right_of:1", "ref": "I 205", "source:hgv:national_network": "https://www.ecfr.gov/current/title-23/chapter-I/subchapter-G/part-658;https://hepgis-usdot.hub.arcgis.com/apps/usdot::national-network-conventional-combination-trucks-map", "surface": "asphalt"}, "geometry": {"type": "LineString", "coordinates": [[-122.5615959, 45.5425859], [-122.5615389, 45.5427675], [-122.5613092, 45.5433776], [-122.560939, 45.5442086], [-122.5607115, 45.5447578], [-122.5605605, 45.5451109], [-122.5604601, 45.5453705], [-122.560379, 45.5455915], [-122.5603065, 45.5458053], [-122.5602461, 45.5460194], [-122.5601848, 45.546239], [-122.5601476, 45.5464684], [-122.5601042, 45.5467275], [-122.5600882, 45.5469777], [-122.5601248, 45.5475102], [-122.5601242, 45.5476436]]}}, {"type": "Feature", "properties": {"osm_id": 237003741, "bicycle": "no", "hgv": "designated", "hgv:national_network": "yes", "highway": "motorway", "lanes": "3", "maxspeed": "55 mph", "oneway": "yes", "placement": "right_of:1", "ref": "I 205", "source:hgv:national_network": "https://www.ecfr.gov/current/title-23/chapter-I/subchapter-G/part-658;https://hepgis-usdot.hub.arcgis.com/apps/usdot::national-network-conventional-combination-trucks-map", "surface": "asphalt"}, "geometry": {"type": "LineString", "coordinates": [[-122.5656571, 45.5099396], [-122.5656483, 45.5097883], [-122.5656089, 45.509174], [-122.5655052, 45.507911], [-122.5654809, 45.5075297], [-122.5654585, 45.5070859], [-122.56544, 45.5067048], [-122.5654306, 45.5062576], [-122.565432, 45.5057133], [-122.5654528, 45.5047097]]}}, {"type": "Feature", "properties": {"osm_id": 237003742, "bicycle": "no", "hgv": "designated", "hgv:national_network": "yes", "highway": "motorway", "lanes": "4", "maxheight:signed": "no", "maxspeed": "55 mph", "oneway": "yes", "placement": "right_of:1", "ref": "I 205", "source:hgv:national_network": "https://www.ecfr.gov/current/title-23/chapter-I/subchapter-G/part-658;https://hepgis-usdot.hub.arcgis.com/apps/usdot::national-network-conventional-combination-trucks-map", "turn:lanes": "through|through|through|merge_to_left"}, "geometry": {"type": "LineString", "coordinates": [[-122.5647817, 45.5314932], [-122.56466, 45.5322086]]}}, {"type": "Feature", "properties": {"osm_id": 239364258, "bridge": "yes", "hgv": "designated", "hgv:national_network": "yes", "highway": "motorway", "lanes": "3", "layer": "2", "maxspeed": "50 mph", "name": "Marquam Bridge", "official_name": "Pacific Highway #1;Korean War Veterans Memorial Highway;Purple Heart Trail", "oneway": "yes", "ref": "I 5", "source:hgv:national_network": "https://www.ecfr.gov/current/title-23/chapter-I/subchapter-G/part-658;https://hepgis-usdot.hub.arcgis.com/apps/usdot::national-network-conventional-combination-trucks-map", "turn:lanes": "none|slight_left;slight_right|none"}, "geometry": {"type": "LineString", "coordinates": [[-122.6679638, 45.5127294], [-122.6678932, 45.5123975], [-122.6678562, 45.5122767], [-122.667815, 45.5121612], [-122.6677531, 45.5120415]]}}, {"type": "Feature", "properties": {"osm_id": 298338933, "NHS": "yes", "RLIS:bicycle": "caution_area", "alt_name": "Highway 99E", "bicycle": "yes", "cycleway:right": "no", "hgv": "designated", "hgv:national_network": "yes", "highway": "primary", "lanes": "3", "maxspeed": "30 mph", "name": "Northeast Martin Luther King Junior Boulevard", "name:etymology": "Martin Luther King Junior", "name:etymology:wikidata": "Q8027", "name:etymology:wikipedia": "en:Martin Luther King Jr.", "old_name": "Pacific Highway East #1E (81)", "old_ref": "US 99E", "oneway": "yes", "ref": "OR 99E", "short_name": "NE MLK Jr Blvd; NE MLK Blvd", "sidewalk": "right", "surface": "asphalt", "turn:lanes": "left|none|none"}, "geometry": {"type": "LineString", "coordinates": [[-122.6615002, 45.563094], [-122.6615003, 45.5630755], [-122.6615015, 45.5629215], [-122.661502, 45.562846], [-122.6615022, 45.5628247], [-122.6615026, 45.5627465]]}}, {"type": "Feature", "properties": {"osm_id": 304103277, "bicycle": "no", "description": "Pacific Highway #1", "hgv": "designated", "hgv:national_network": "yes", "highway": "motorway", "lanes": "5", "lit": "yes", "maxspeed": "55 mph", "noname": "yes", "official_name": "Pacific Highway #1;Korean War Veterans Memorial Highway;Purple Heart Trail", "old_name": "West Portland-Hubbard Highway #51", "old_ref": "US 99", "oneway": "yes", "ref": "I 5", "source:hgv:national_network": "https://www.ecfr.gov/current/title-23/chapter-I/subchapter-G/part-658;https://hepgis-usdot.hub.arcgis.com/apps/usdot::national-network-conventional-combination-trucks-map", "surface": "asphalt"}, "geometry": {"type": "LineString", "coordinates": [[-122.74385, 45.4119253], [-122.7438689, 45.4132207], [-122.7438843, 45.4142741], [-122.7438913, 45.4147505], [-122.7438969, 45.4151378]]}}, {"type": "Feature", "properties": {"osm_id": 304133446, "bicycle": "designated", "cycleway:right": "lane", "cycleway:right:buffer": "no", "highway": "tertiary", "lanes": "1", "maxspeed": "30 mph", "name": "North Interstate Avenue", "old_name": "Pacific Highway West #1W (91)", "old_ref": "OR 99W (old US 99W)", "oneway": "yes", "sidewalk": "right"}, "geometry": {"type": "LineString", "coordinates": [[-122.6776387, 45.5446676], [-122.6775859, 45.544584], [-122.6775285, 45.5444864], [-122.6774756, 45.5443797], [-122.6774313, 45.544271], [-122.6773928, 45.5441537], [-122.6773597, 45.544001], [-122.6773368, 45.5438351], [-122.6773262, 45.5437389], [-122.6773192, 45.5436415], [-122.6773236, 45.5431726]]}}, {"type": "Feature", "properties": {"osm_id": 320597574, "bicycle": "designated", "cycleway:right": "lane", "cycleway:right:buffer": "no", "highway": "tertiary", "lanes": "1", "maxspeed": "30 mph", "name": "North Interstate Avenue", "old_name": "Pacific Highway West #1W (91)", "old_ref": "OR 99W (old US 99W)", "oneway": "yes", "sidewalk:left": "no", "sidewalk:right": "separate", "surface": "asphalt"}, "geometry": {"type": "LineString", "coordinates": [[-122.6743949, 45.5363658], [-122.6744205, 45.5364486], [-122.6744522, 45.5365701], [-122.6744692, 45.5366922], [-122.6744763, 45.5367966], [-122.6744805, 45.5369194]]}}, {"type": "Feature", "properties": {"osm_id": 334576208, "bridge": "yes", "footway": "sidewalk", "highway": "footway", "layer": "1", "name": "Southeast Martin Luther King Jr Boulevard", "name:etymology:wikidata": "Q8027"}, "geometry": {"type": "LineString", "coordinates": [[-122.6612899, 45.5078894], [-122.6612516, 45.5078129], [-122.6612263, 45.5077492], [-122.6611955, 45.5076653], [-122.6611813, 45.5076026], [-122.6611661, 45.5075221], [-122.6611478, 45.5073352], [-122.661119, 45.5067815], [-122.6610864, 45.506086], [-122.6610766, 45.5057533], [-122.6610546, 45.5047103], [-122.6610543, 45.5046942]]}}, {"type": "Feature", "properties": {"osm_id": 334576211, "NHS": "yes", "RLIS:bicycle": "caution_area", "alt_name": "Highway 99E", "bicycle": "yes", "bridge": "viaduct", "expressway": "yes", "foot": "yes", "hgv": "designated", "hgv:national_network": "yes", "highway": "trunk", "lanes": "2", "layer": "1", "maxspeed": "30 mph", "name": "Southeast Martin Luther King Junior Boulevard", "name:etymology": "Martin Luther King Junior", "name:etymology:wikidata": "Q8027", "name:etymology:wikipedia": "en:Martin Luther King Jr.", "old_name": "Southeast Union Avenue", "oneway": "yes", "ref": "OR 99E", "short_name": "SE MLK Jr Blvd", "sidewalk": "right", "surface": "asphalt"}, "geometry": {"type": "LineString", "coordinates": [[-122.6610113, 45.506925], [-122.6609695, 45.5046954]]}}, {"type": "Feature", "properties": {"osm_id": 334578729, "embankment": "yes", "footway": "sidewalk", "highway": "footway", "name": "Southeast Martin Luther King Jr Boulevard", "name:etymology:wikidata": "Q8027"}, "geometry": {"type": "LineString", "coordinates": [[-122.6610543, 45.5046942], [-122.6610363, 45.5038468], [-122.6610505, 45.5036793], [-122.6610603, 45.5034518]]}}, {"type": "Feature", "properties": {"osm_id": 334633267, "bicycle": "no", "embankment": "yes", "hgv": "designated", "hgv:national_network": "yes", "highway": "motorway", "lanes": "4", "maxspeed": "55 mph", "name": "Glenn L. Jackson Memorial Bridge", "oneway": "yes", "parking:lane:both": "no_parking", "placement": "right_of:1", "ref": "I 205", "source:hgv:national_network": "https://www.ecfr.gov/current/title-23/chapter-I/subchapter-G/part-658;https://hepgis-usdot.hub.arcgis.com/apps/usdot::national-network-conventional-combination-trucks-map"}, "geometry": {"type": "LineString", "coordinates": [[-122.5441445, 45.5846883], [-122.5441003, 45.5845465], [-122.5440574, 45.5843785], [-122.5440158, 45.5842039], [-122.5439742, 45.5839693], [-122.5439259, 45.5837234], [-122.5438897, 45.5835188], [-122.5438602, 45.5832869], [-122.5438321, 45.5830861], [-122.5438079, 45.5828383], [-122.5437918, 45.5826271], [-122.5437757, 45.5824272], [-122.543769, 45.5822057], [-122.543761, 45.5819888], [-122.5437623, 45.5817842], [-122.5437664, 45.5815299]]}}, {"type": "Feature", "properties": {"osm_id": 334633268, "bicycle": "no", "bridge": "yes", "hgv": "designated", "hgv:national_network": "yes", "highway": "motorway", "lanes": "4", "layer": "1", "maxspeed": "55 mph", "name": "Glenn L. Jackson Memorial Bridge", "oneway": "yes", "placement": "right_of:1", "ref": "I 205", "source:hgv:national_network": "https://www.ecfr.gov/current/title-23/chapter-I/subchapter-G/part-658;https://hepgis-usdot.hub.arcgis.com/apps/usdot::national-network-conventional-combination-trucks-map"}, "geometry": {"type": "LineString", "coordinates": [[-122.5437664, 45.5815299], [-122.5437704, 45.5813571], [-122.5437798, 45.5811713], [-122.5437985, 45.5808925], [-122.54382, 45.580655], [-122.5438441, 45.5804438], [-122.5438777, 45.5802064], [-122.5439085, 45.5800017], [-122.5439501, 45.579769], [-122.5439917, 45.5795568], [-122.5440346, 45.5793578], [-122.5440882, 45.5791429], [-122.5441378, 45.578941], [-122.5441995, 45.5787327], [-122.5442599, 45.5785055], [-122.5443296, 45.5782981], [-122.544402, 45.5780746], [-122.5444812, 45.5778616], [-122.5445589, 45.5776579], [-122.5446394, 45.5774617], [-122.544736, 45.5772317], [-122.5448272, 45.5770252], [-122.5449237, 45.5768205], [-122.545035, 45.5765924], [-122.5450976, 45.5764716]]}}, {"type": "Feature", "properties": {"osm_id": 334633269, "bicycle": "no", "bridge": "yes", "hgv": "designated", "hgv:national_network": "yes", "highway": "motorway", "lanes": "4", "layer": "1", "maxspeed": "55 mph", "name": "Glenn L. Jackson Memorial Bridge", "oneway": "yes", "placement": "right_of:1", "ref": "I 205", "source:hgv:national_network": "https://www.ecfr.gov/current/title-23/chapter-I/subchapter-G/part-658;https://hepgis-usdot.hub.arcgis.com/apps/usdot::national-network-conventional-combination-trucks-map"}, "geometry": {"type": "LineString", "coordinates": [[-122.5439268, 45.5846485], [-122.5439777, 45.5848557], [-122.5440463, 45.5850785], [-122.5441097, 45.5852983], [-122.5441821, 45.5855114], [-122.5442626, 45.5857385], [-122.544339, 45.5859384], [-122.5444208, 45.5861412], [-122.5445066, 45.5863514], [-122.5445978, 45.5865626], [-122.5446931, 45.5867662], [-122.5447923, 45.5869736], [-122.5448996, 45.5871839], [-122.5450042, 45.5873894], [-122.5451182, 45.587594], [-122.5452389, 45.5878099], [-122.5453569, 45.5880154], [-122.5454763, 45.5882219], [-122.5455916, 45.588418], [-122.545719, 45.5886283], [-122.5458451, 45.5888347], [-122.5473609, 45.5912797], [-122.5476385, 45.5917367], [-122.5477634, 45.591947], [-122.5479483, 45.5922577], [-122.5481191, 45.592563], [-122.5482838, 45.592869], [-122.5484486, 45.5931793], [-122.5486083, 45.5934946], [-122.5487653, 45.5938005], [-122.548914, 45.594118], [-122.5490602, 45.5944293], [-122.5492062, 45.5947485], [-122.5493356, 45.5950648], [-122.5494641, 45.5953729], [-122.5495915, 45.5956962], [-122.5497148, 45.5960109], [-122.5498254, 45.596324], [-122.5499433, 45.5966564], [-122.5500439, 45.5969626], [-122.5501451, 45.5972863], [-122.5502477, 45.5976203], [-122.5503433, 45.5979453], [-122.5504346, 45.5982774], [-122.550511, 45.5985927], [-122.5505895, 45.5989208], [-122.5506695, 45.5992507], [-122.550741, 45.5995858], [-122.5508091, 45.5999697], [-122.5508525, 45.6002215], [-122.5509103, 45.6005489], [-122.5509619, 45.600889], [-122.5512027, 45.6025895]]}}, {"type": "Feature", "properties": {"osm_id": 334633270, "bicycle": "no", "embankment": "yes", "hgv": "designated", "hgv:national_network": "yes", "highway": "motorway", "lanes": "4", "maxspeed": "55 mph", "name": "Glenn L. Jackson Memorial Bridge", "oneway": "yes", "parking:lane:both": "no_parking", "placement": "right_of:1", "ref": "I 205", "source:hgv:national_network": "https://www.ecfr.gov/current/title-23/chapter-I/subchapter-G/part-658;https://hepgis-usdot.hub.arcgis.com/apps/usdot::national-network-conventional-combination-trucks-map"}, "geometry": {"type": "LineString", "coordinates": [[-122.5435719, 45.5814275], [-122.5435612, 45.581666], [-122.5435638, 45.5817945], [-122.5435625, 45.5820048], [-122.5435719, 45.5822563], [-122.5435799, 45.5824488], [-122.5435942, 45.5827394], [-122.5436157, 45.5829583], [-122.5436481, 45.5832031], [-122.5436793, 45.5834452], [-122.5437163, 45.5837109], [-122.5437732, 45.5839943], [-122.543817, 45.5842076], [-122.5438659, 45.5844183], [-122.5439268, 45.5846485]]}}, {"type": "Feature", "properties": {"osm_id": 335691046, "access": "no", "access:conditional": "yes @ (2026 Oct 19 - 2026 Dec 31; 2027+)", "bicycle": "no", "bridge": "yes", "description": "Pacific Highway #1", "destination:lanes": "Salem|Salem;OMSI;Oregon City", "fixme": "remove access tags after construction", "hgv": "designated", "hgv:national_network": "yes", "highway": "motorway", "lanes": "2", "layer": "1", "maxspeed": "50 mph", "official_name": "Pacific Highway #1;Korean War Veterans Memorial Highway;Purple Heart Trail", "oneway": "yes", "ref": "I 5", "source:hgv:national_network": "https://www.ecfr.gov/current/title-23/chapter-I/subchapter-G/part-658;https://hepgis-usdot.hub.arcgis.com/apps/usdot::national-network-conventional-combination-trucks-map", "surface": "asphalt", "turn:lanes": "|through;slight_right"}, "geometry": {"type": "LineString", "coordinates": [[-122.6653305, 45.5282075], [-122.6653329, 45.5278953], [-122.6653493, 45.5275311], [-122.6654709, 45.5250354]]}}, {"type": "Feature", "properties": {"osm_id": 335806899, "bicycle": "no", "hgv": "designated", "hgv:national_network": "yes", "highway": "motorway", "lanes": "3", "lit": "yes", "maxspeed": "55 mph", "oneway": "yes", "placement": "right_of:1", "ref": "I 205", "source:hgv:national_network": "https://www.ecfr.gov/current/title-23/chapter-I/subchapter-G/part-658;https://hepgis-usdot.hub.arcgis.com/apps/usdot::national-network-conventional-combination-trucks-map", "surface": "asphalt"}, "geometry": {"type": "LineString", "coordinates": [[-122.5635564, 45.551066], [-122.5633892, 45.5509563], [-122.5631447, 45.5507897], [-122.5628684, 45.5505986], [-122.5626424, 45.5504362], [-122.5624178, 45.550269], [-122.5622132, 45.5501074], [-122.5620704, 45.5499886], [-122.562, 45.5499262], [-122.561827, 45.5497656], [-122.5616547, 45.5495909], [-122.5614797, 45.549397], [-122.5613402, 45.549226], [-122.5612034, 45.5490359], [-122.5611082, 45.5488945], [-122.5609593, 45.5486339], [-122.5608741, 45.5484653], [-122.5607917, 45.548269], [-122.5607239, 45.5480887], [-122.5606562, 45.5478619], [-122.5605992, 45.5476214], [-122.5605583, 45.5473392], [-122.5605442, 45.547134], [-122.5605449, 45.5469523], [-122.560553, 45.5467456], [-122.5605724, 45.54654], [-122.5606173, 45.5463019], [-122.5606669, 45.546091], [-122.5607461, 45.5458412], [-122.5608131, 45.545661], [-122.560897, 45.5454622], [-122.5610035, 45.5452238], [-122.5613626, 45.5444309], [-122.5615088, 45.5441066], [-122.5616559, 45.5437738], [-122.561778, 45.5434832], [-122.5618866, 45.5432241], [-122.5620391, 45.542864], [-122.5621558, 45.5425694], [-122.5622711, 45.5422683], [-122.5624047, 45.5418919], [-122.5625016, 45.5416224], [-122.5626857, 45.5411071], [-122.5627906, 45.540817]]}}, {"type": "Feature", "properties": {"osm_id": 344579810, "access:lanes": "yes|yes|yes", "access:lanes:conditional": "no|yes|yes @ Mo-Fr 15:00-18:00", "bicycle": "no", "bus:lanes": "designated||", "hgv": "designated", "highway": "motorway", "hov:lanes": "designated||", "hov:minimum": "2", "lanes": "3", "lit": "yes", "maxheight:signed": "no", "maxspeed": "55 mph", "motorcycle:lanes": "designated||", "noname": "yes", "official_name": "Pacific Highway #1;Korean War Veterans Memorial Highway;Purple Heart Trail", "oneway": "yes", "ref": "I 5", "sidewalk": "no", "surface": "asphalt"}, "geometry": {"type": "LineString", "coordinates": [[-122.6785333, 45.5671684], [-122.6785263, 45.5683174], [-122.6785343, 45.5688556], [-122.6785782, 45.5704964], [-122.6785878, 45.5710317], [-122.6785947, 45.5716022], [-122.6785894, 45.5723726]]}}, {"type": "Feature", "properties": {"osm_id": 344579826, "access:lanes": "yes|yes|yes", "access:lanes:conditional": "no|yes|yes @ Mo-Fr 15:00-18:00", "bicycle": "no", "bus:lanes": "designated||", "hgv": "designated", "highway": "motorway", "hov:lanes": "designated||", "hov:minimum": "2", "lanes": "3", "lit": "yes", "maxspeed": "55 mph", "motorcycle:lanes": "designated||", "noname": "yes", "official_name": "Pacific Highway #1;Korean War Veterans Memorial Highway;Purple Heart Trail", "oneway": "yes", "ref": "I 5", "sidewalk": "no", "surface": "asphalt"}, "geometry": {"type": "LineString", "coordinates": [[-122.67853, 45.5772755], [-122.6785206, 45.5778463], [-122.6784844, 45.5807781], [-122.6784837, 45.5813251], [-122.6785062, 45.5817885], [-122.6785224, 45.5819995], [-122.6785599, 45.5822822], [-122.6785988, 45.5825368], [-122.6786747, 45.5829182], [-122.6787456, 45.583208]]}}, {"type": "Feature", "properties": {"osm_id": 344579830, "bicycle": "no", "hgv": "designated", "hgv:national_network": "yes", "highway": "motorway", "lanes": "4", "lit": "yes", "maxheight:signed": "no", "maxspeed": "55 mph", "noname": "yes", "official_name": "Pacific Highway #1;Korean War Veterans Memorial Highway;Purple Heart Trail", "oneway": "yes", "placement": "middle_of:2", "ref": "I 5", "source:hgv:national_network": "https://www.ecfr.gov/current/title-23/chapter-I/subchapter-G/part-658;https://hepgis-usdot.hub.arcgis.com/apps/usdot::national-network-conventional-combination-trucks-map", "surface": "asphalt", "turn:lanes": "||through;slight_right|slight_right"}, "geometry": {"type": "LineString", "coordinates": [[-122.678568, 45.5509167], [-122.6785505, 45.5528555]]}}, {"type": "Feature", "properties": {"osm_id": 344579833, "bicycle": "no", "change:lanes": "yes|yes|not_right|no", "destination:lanes": "||Rosa Parks Way;Interstate Avenue;Swan Island|Interstate Avenue;Swan Island", "hgv": "designated", "hgv:national_network": "yes", "highway": "motorway", "lanes": "4", "lit": "yes", "maxspeed": "55 mph", "noname": "yes", "official_name": "Pacific Highway #1;Korean War Veterans Memorial Highway;Purple Heart Trail", "oneway": "yes", "placement": "middle_of:2", "ref": "I 5", "source:hgv:national_network": "https://www.ecfr.gov/current/title-23/chapter-I/subchapter-G/part-658;https://hepgis-usdot.hub.arcgis.com/apps/usdot::national-network-conventional-combination-trucks-map", "surface": "asphalt", "turn:lanes": "||through;slight_right|slight_right"}, "geometry": {"type": "LineString", "coordinates": [[-122.6785505, 45.5528555], [-122.678543, 45.5536018]]}}, {"type": "Feature", "properties": {"osm_id": 344579839, "bicycle": "no", "bridge": "yes", "change:lanes": "yes|yes|not_right|no", "hgv": "designated", "hgv:national_network": "yes", "highway": "motorway", "lanes": "4", "layer": "1", "lit": "yes", "maxspeed": "50 mph", "official_name": "Pacific Highway #1;Korean War Veterans Memorial Highway;Purple Heart Trail", "old_ref": "US 99", "oneway": "yes", "placement": "middle_of:2", "ref": "I 5", "source:hgv:national_network": "https://www.ecfr.gov/current/title-23/chapter-I/subchapter-G/part-658;https://hepgis-usdot.hub.arcgis.com/apps/usdot::national-network-conventional-combination-trucks-map", "surface": "asphalt", "turn:lanes": "|||slight_right"}, "geometry": {"type": "LineString", "coordinates": [[-122.6804962, 45.6089182], [-122.6804537, 45.6089891]]}}, {"type": "Feature", "properties": {"osm_id": 344579841, "bicycle": "no", "hgv": "designated", "hgv:national_network": "yes", "highway": "motorway", "lanes": "4", "lit": "yes", "maxspeed": "55 mph", "noname": "yes", "official_name": "Pacific Highway #1;Korean War Veterans Memorial Highway;Purple Heart Trail", "oneway": "yes", "placement": "middle_of:2", "ref": "I 5", "sidewalk": "no", "source:hgv:national_network": "https://www.ecfr.gov/current/title-23/chapter-I/subchapter-G/part-658;https://hepgis-usdot.hub.arcgis.com/apps/usdot::national-network-conventional-combination-trucks-map", "surface": "asphalt", "turn:lanes": "||through;slight_right|slight_right"}, "geometry": {"type": "LineString", "coordinates": [[-122.6785874, 45.5487666], [-122.678568, 45.5509167]]}}, {"type": "Feature", "properties": {"osm_id": 344579852, "access": "yes", "access:lanes:conditional": "no||| @ Mo-Fr 15:00-18:00", "bicycle": "no", "bus:lanes": "designated|||", "destination:lanes": "||Lombard Street West|Lombard Street East", "hgv": "designated", "highway": "motorway", "hov:lanes": "designated|||", "hov:minimum": "2", "lanes": "4", "lit": "yes", "maxspeed": "55 mph", "motorcycle:lanes": "designated|||", "noname": "yes", "official_name": "Pacific Highway #1;Korean War Veterans Memorial Highway;Purple Heart Trail", "oneway": "yes", "placement": "middle_of:2", "ref": "I 5", "sidewalk": "no", "surface": "asphalt", "turn:lanes": "|||slight_right"}, "geometry": {"type": "LineString", "coordinates": [[-122.6785704, 45.5739942], [-122.6785612, 45.5746707]]}}, {"type": "Feature", "properties": {"osm_id": 344579857, "access": "yes", "access:lanes:conditional": "no||| @ Mo-Fr 15:00-18:00", "bicycle": "no", "bus:lanes": "designated|||", "hgv": "designated", "highway": "motorway", "hov:lanes": "designated|||", "hov:minimum": "2", "lanes": "4", "lit": "yes", "maxheight:signed": "no", "maxspeed": "55 mph", "motorcycle:lanes": "designated|||", "noname": "yes", "official_name": "Pacific Highway #1;Korean War Veterans Memorial Highway;Purple Heart Trail", "oneway": "yes", "placement": "middle_of:2", "ref": "I 5", "sidewalk": "no", "surface": "asphalt", "turn:lanes": "|||slight_right"}, "geometry": {"type": "LineString", "coordinates": [[-122.6785894, 45.5723726], [-122.6785704, 45.5739942]]}}, {"type": "Feature", "properties": {"osm_id": 344579863, "bicycle": "no", "change:lanes": "yes|yes|not_right|no", "destination:lanes": "none|none|none|Hayden Island;ODOT Permits", "hgv": "designated", "hgv:national_network": "yes", "highway": "motorway", "lanes": "4", "lit": "yes", "maxspeed": "50 mph", "noname": "yes", "official_name": "Pacific Highway #1;Korean War Veterans Memorial Highway;Purple Heart Trail", "old_ref": "US 99", "oneway": "yes", "placement": "middle_of:2", "ref": "I 5", "sidewalk": "no", "source:hgv:national_network": "https://www.ecfr.gov/current/title-23/chapter-I/subchapter-G/part-658;https://hepgis-usdot.hub.arcgis.com/apps/usdot::national-network-conventional-combination-trucks-map", "surface": "asphalt", "turn:lanes": "|||slight_right"}, "geometry": {"type": "LineString", "coordinates": [[-122.6804537, 45.6089891], [-122.6799766, 45.6097878]]}}, {"type": "Feature", "properties": {"osm_id": 344579867, "bicycle": "no", "description": "Pacific Highway #1", "hgv": "designated", "hgv:national_network": "yes", "highway": "motorway", "lanes": "2", "lit": "yes", "maxspeed": "50 mph", "noname": "yes", "official_name": "Pacific Highway #1;Korean War Veterans Memorial Highway;Purple Heart Trail", "oneway": "yes", "placement": "transition", "ref": "I 5", "sidewalk": "no", "source:hgv:national_network": "https://www.ecfr.gov/current/title-23/chapter-I/subchapter-G/part-658;https://hepgis-usdot.hub.arcgis.com/apps/usdot::national-network-conventional-combination-trucks-map", "surface": "asphalt"}, "geometry": {"type": "LineString", "coordinates": [[-122.6784517, 45.5472657], [-122.6785227, 45.5474919], [-122.6785621, 45.5476939], [-122.6785922, 45.5483134]]}}, {"type": "Feature", "properties": {"osm_id": 344830398, "bicycle": "no", "hgv": "designated", "hgv:national_network": "yes", "highway": "motorway", "lanes": "3", "maxspeed": "55 mph", "oneway": "yes", "placement": "right_of:1", "ref": "I 205", "source:hgv:national_network": "https://www.ecfr.gov/current/title-23/chapter-I/subchapter-G/part-658;https://hepgis-usdot.hub.arcgis.com/apps/usdot::national-network-conventional-combination-trucks-map"}, "geometry": {"type": "LineString", "coordinates": [[-122.5912222, 45.3720009], [-122.591475, 45.3717667], [-122.5917629, 45.3714924], [-122.5919427, 45.3713139], [-122.5921342, 45.3711121], [-122.592354, 45.370871], [-122.5925495, 45.3706573], [-122.5930255, 45.3701181], [-122.5935762, 45.3694708], [-122.5940733, 45.3689108], [-122.5944734, 45.3684853], [-122.5947671, 45.3681972], [-122.5950073, 45.3679749]]}}, {"type": "Feature", "properties": {"osm_id": 345802124, "CCGIS:bicycle": "no", "alt_name": "Pacific Highway", "bicycle": "no", "bridge": "yes", "cycleway:left": "no", "cycleway:right": "separate", "destination:lanes": "none|none|City Center;Convention Center;Camas", "hgv": "designated", "hgv:national_network": "yes", "highway": "motorway", "lanes": "3", "layer": "1", "lit": "yes", "maxspeed": "50 mph", "name": "Interstate Bridge", "old_ref": "US 99;PSH 1", "oneway": "yes", "parking:both": "no", "parking:both:restriction": "no_stopping", "ref": "I 5", "sidewalk:left": "no", "sidewalk:right": "separate", "source:hgv:national_network": "https://www.ecfr.gov/current/title-23/chapter-I/subchapter-G/part-658;https://hepgis-usdot.hub.arcgis.com/apps/usdot::national-network-conventional-combination-trucks-map", "surface": "asphalt", "turn:lanes": "none|none|through;slight_right"}, "geometry": {"type": "LineString", "coordinates": [[-122.673418, 45.62084], [-122.6732579, 45.6211049], [-122.6729949, 45.6215402], [-122.672919, 45.6216657]]}}, {"type": "Feature", "properties": {"osm_id": 345802128, "CCGIS:bicycle": "no", "alt_name": "Pacific Highway", "bicycle": "no", "bridge": "yes", "cycleway:left": "no", "cycleway:right": "separate", "hgv": "designated", "hgv:national_network": "yes", "highway": "motorway", "lanes": "3", "layer": "1", "lit": "yes", "maxspeed": "50 mph", "name": "Interstate Bridge", "old_ref": "US 99;PSH 1", "oneway": "yes", "parking:both": "no", "parking:both:restriction": "no_stopping", "ref": "I 5", "sidewalk:left": "no", "sidewalk:right": "separate", "source:hgv:national_network": "https://www.ecfr.gov/current/title-23/chapter-I/subchapter-G/part-658;https://hepgis-usdot.hub.arcgis.com/apps/usdot::national-network-conventional-combination-trucks-map"}, "geometry": {"type": "LineString", "coordinates": [[-122.6741309, 45.6202354], [-122.6742437, 45.6200469], [-122.674957, 45.6188541], [-122.6753742, 45.6181564]]}}, {"type": "Feature", "properties": {"osm_id": 345802138, "CCGIS:bicycle": "no", "alt_name": "Pacific Highway", "bicycle": "no", "bridge": "movable", "bridge:movable": "lift", "cycleway:left": "no", "cycleway:right": "separate", "hgv": "designated", "hgv:national_network": "yes", "highway": "motorway", "lanes": "3", "layer": "1", "lit": "yes", "maxspeed": "50 mph", "name": "Interstate Bridge", "old_ref": "US 99; PSH 1", "oneway": "yes", "parking:both": "no", "parking:both:restriction": "no_stopping", "ref": "I 5", "sidewalk:left": "no", "sidewalk:right": "separate", "source:hgv:national_network": "https://www.ecfr.gov/current/title-23/chapter-I/subchapter-G/part-658;https://hepgis-usdot.hub.arcgis.com/apps/usdot::national-network-conventional-combination-trucks-map", "surface": "asphalt"}, "geometry": {"type": "LineString", "coordinates": [[-122.6738313, 45.6201518], [-122.673418, 45.62084]]}}, {"type": "Feature", "properties": {"osm_id": 345802139, "CCGIS:bicycle": "no", "alt_name": "Pacific Highway", "bicycle": "no", "bridge": "movable", "bridge:movable": "lift", "cycleway:left": "no", "cycleway:right": "separate", "hgv": "designated", "hgv:national_network": "yes", "highway": "motorway", "lanes": "3", "layer": "1", "lit": "yes", "maxspeed": "50 mph", "name": "Interstate Bridge", "old_ref": "US 99;PSH 1", "oneway": "yes", "parking:both": "no", "parking:both:restriction": "no_stopping", "ref": "I 5", "sidewalk:left": "no", "sidewalk:right": "separate", "source:hgv:national_network": "https://www.ecfr.gov/current/title-23/chapter-I/subchapter-G/part-658;https://hepgis-usdot.hub.arcgis.com/apps/usdot::national-network-conventional-combination-trucks-map"}, "geometry": {"type": "LineString", "coordinates": [[-122.6737139, 45.6209247], [-122.6741309, 45.6202354]]}}, {"type": "Feature", "properties": {"osm_id": 350254201, "bicycle": "no", "description": "Pacific Highway #1", "description_1": "I5 Freeway Northbound", "destination:lanes": "||none;Terwilliger Boulevard", "hgv": "designated", "hgv:national_network": "yes", "highway": "motorway", "lanes": "3", "maxspeed": "50 mph", "noname": "yes", "official_name": "Pacific Highway #1;Korean War Veterans Memorial Highway;Purple Heart Trail", "oneway": "yes", "ref": "I 5", "source:hgv:national_network": "https://www.ecfr.gov/current/title-23/chapter-I/subchapter-G/part-658;https://hepgis-usdot.hub.arcgis.com/apps/usdot::national-network-conventional-combination-trucks-map", "surface": "asphalt", "turn:lanes": "||through;slight_right"}, "geometry": {"type": "LineString", "coordinates": [[-122.6985421, 45.4637939], [-122.6978932, 45.4641346], [-122.6963143, 45.464904], [-122.6953903, 45.4653732], [-122.6946728, 45.4657807]]}}, {"type": "Feature", "properties": {"osm_id": 350254202, "bicycle": "no", "hgv": "designated", "hgv:national_network": "yes", "highway": "motorway", "lanes": "3", "maxspeed": "55 mph", "noname": "yes", "official_name": "Pacific Highway #1;Korean War Veterans Memorial Highway;Purple Heart Trail", "oneway": "yes", "ref": "I 5", "source:hgv:national_network": "https://www.ecfr.gov/current/title-23/chapter-I/subchapter-G/part-658;https://hepgis-usdot.hub.arcgis.com/apps/usdot::national-network-conventional-combination-trucks-map", "surface": "asphalt"}, "geometry": {"type": "LineString", "coordinates": [[-122.6786627, 45.4764588], [-122.678714, 45.4768798], [-122.6787081, 45.477227], [-122.6787068, 45.4777387], [-122.6786999, 45.4783401]]}}, {"type": "Feature", "properties": {"osm_id": 356882079, "bicycle": "no", "bridge": "yes", "description": "Pacific Highway #1", "hgv": "designated", "hgv:national_network": "yes", "highway": "motorway", "lanes": "2", "layer": "3", "maxspeed": "50 mph", "name": "Marquam Bridge", "official_name": "Pacific Highway #1;Korean War Veterans Memorial Highway;Purple Heart Trail", "oneway": "yes", "ref": "I 5", "source:hgv:national_network": "https://www.ecfr.gov/current/title-23/chapter-I/subchapter-G/part-658;https://hepgis-usdot.hub.arcgis.com/apps/usdot::national-network-conventional-combination-trucks-map"}, "geometry": {"type": "LineString", "coordinates": [[-122.6710394, 45.5068143], [-122.6708055, 45.5069276]]}}, {"type": "Feature", "properties": {"osm_id": 356882082, "bicycle": "no", "bridge": "yes", "description": "Pacific Highway #1", "hgv": "designated", "hgv:national_network": "yes", "highway": "motorway", "lanes": "2", "layer": "3", "maxspeed": "50 mph", "name": "Marquam Bridge", "official_name": "Pacific Highway #1;Korean War Veterans Memorial Highway;Purple Heart Trail", "oneway": "yes", "ref": "I 5", "source:hgv:national_network": "https://www.ecfr.gov/current/title-23/chapter-I/subchapter-G/part-658;https://hepgis-usdot.hub.arcgis.com/apps/usdot::national-network-conventional-combination-trucks-map"}, "geometry": {"type": "LineString", "coordinates": [[-122.6711451, 45.5067722], [-122.6717336, 45.5064738], [-122.6723608, 45.5062232], [-122.6727174, 45.506051], [-122.6729235, 45.5059484], [-122.6731655, 45.5057979], [-122.6734098, 45.5056138], [-122.673674, 45.5053943], [-122.6738506, 45.5052154], [-122.6740184, 45.5050051], [-122.674159, 45.5048096], [-122.6742636, 45.5046361], [-122.6743561, 45.5044458], [-122.6744448, 45.5042306], [-122.6745206, 45.5039809], [-122.6745609, 45.5037097], [-122.6745715, 45.503546], [-122.6745763, 45.5033523], [-122.674569, 45.5030639], [-122.6745473, 45.5028784]]}}, {"type": "Feature", "properties": {"osm_id": 362653913, "alt_name": "Columbia Slough Trail", "bicycle": "designated", "bridge": "yes", "est_width": "3.7", "foot": "yes", "highway": "path", "layer": "1", "mtb": "yes", "name": "Northeast Martin Luther King Junior Boulevard", "name:etymology:wikidata": "Q8027", "oneway": "yes", "segregated": "no", "short_name": "NE MLK Jr Blvd", "surface": "paved"}, "geometry": {"type": "LineString", "coordinates": [[-122.6643241, 45.5871094], [-122.6644617, 45.587189]]}}, {"type": "Feature", "properties": {"osm_id": 366381008, "bicycle": "no", "destination:lanes": "none|none|none;Interstate Avenue;Portland International Raceway|Interstate Avenue;Portland International Raceway", "hgv": "designated", "hgv:national_network": "yes", "highway": "motorway", "lanes": "4", "lit": "yes", "maxspeed": "55 mph", "noname": "yes", "official_name": "Pacific Highway #1;Korean War Veterans Memorial Highway;Purple Heart Trail", "oneway": "yes", "ref": "I 5", "sidewalk": "no", "source:hgv:national_network": "https://www.ecfr.gov/current/title-23/chapter-I/subchapter-G/part-658;https://hepgis-usdot.hub.arcgis.com/apps/usdot::national-network-conventional-combination-trucks-map", "surface": "asphalt", "turn:lanes": "none|none|through;slight_right|slight_right"}, "geometry": {"type": "LineString", "coordinates": [[-122.6836927, 45.6012719], [-122.6840692, 45.5999882], [-122.6842564, 45.5993406], [-122.684346, 45.5990157], [-122.6844284, 45.5986886]]}}, {"type": "Feature", "properties": {"osm_id": 367751757, "NHS": "yes", "RLIS:bicycle": "caution_area", "alt_name": "Highway 99E", "bicycle": "yes", "embedded_rails": "tram", "hgv": "designated", "hgv:national_network": "yes", "highway": "trunk", "lanes": "4", "lanes:bus": "1", "maxspeed": "30 mph", "name": "Southeast Martin Luther King Junior Boulevard", "name:etymology": "Martin Luther King Junior", "name:etymology:wikidata": "Q8027", "name:etymology:wikipedia": "en:Martin Luther King Jr.", "old_name": "Southeast Union Avenue", "oneway": "yes", "ref": "OR 99E", "short_name": "SE MLK Jr Blvd", "sidewalk": "both", "surface": "asphalt", "turn:lanes": "|||right"}, "geometry": {"type": "LineString", "coordinates": [[-122.661812, 45.5152969], [-122.6618128, 45.5152726]]}}, {"type": "Feature", "properties": {"osm_id": 373325606, "CCGIS:bicycle": "no", "bicycle": "no", "cycleway:both": "no", "destination:lanes": "none|none|none;City Center;Convention Center", "hgv": "designated", "hgv:national_network": "yes", "highway": "motorway", "lanes": "3", "lit": "yes", "maxspeed": "50 mph", "oneway": "yes", "parking:lane:both": "no_parking", "ref": "I 5", "sidewalk": "no", "source": "Yahoo,TIGER", "source:hgv:national_network": "https://www.ecfr.gov/current/title-23/chapter-I/subchapter-G/part-658;https://hepgis-usdot.hub.arcgis.com/apps/usdot::national-network-conventional-combination-trucks-map", "surface": "asphalt", "turn:lanes": "none|none|through;slight_right"}, "geometry": {"type": "LineString", "coordinates": [[-122.672919, 45.6216657], [-122.6728491, 45.6217716], [-122.6727848, 45.6218582], [-122.6727523, 45.6218986], [-122.6727066, 45.6219555], [-122.6726234, 45.622049], [-122.6724536, 45.622236], [-122.6722797, 45.6224162], [-122.672092, 45.6225956], [-122.671897, 45.622767]]}}, {"type": "Feature", "properties": {"osm_id": 373325619, "bicycle": "no", "destination:lanes": "none|none|none|Lombard Street", "hgv": "designated", "hgv:national_network": "yes", "highway": "motorway", "lanes": "4", "lit": "yes", "maxheight:signed": "no", "maxspeed": "55 mph", "oneway": "yes", "placement": "right_of:1", "ref": "I 205", "source:hgv:national_network": "https://www.ecfr.gov/current/title-23/chapter-I/subchapter-G/part-658;https://hepgis-usdot.hub.arcgis.com/apps/usdot::national-network-conventional-combination-trucks-map", "surface": "asphalt", "turn:lanes": "through|through|through|slight_right"}, "geometry": {"type": "LineString", "coordinates": [[-122.5666604, 45.5549649], [-122.5667296, 45.5552938], [-122.5667609, 45.5555211], [-122.5667815, 45.5557543], [-122.5667806, 45.5559567], [-122.5667684, 45.5561515], [-122.5667473, 45.556362], [-122.5667088, 45.5566186], [-122.5666655, 45.556807], [-122.5665972, 45.557032], [-122.5665302, 45.5572157], [-122.5663709, 45.5575781], [-122.5662288, 45.5578381], [-122.5660783, 45.5580851], [-122.5659209, 45.5582967], [-122.5657442, 45.5585193], [-122.5655888, 45.5586914], [-122.5653537, 45.5589223], [-122.5651065, 45.559149]]}}, {"type": "Feature", "properties": {"osm_id": 373533583, "bicycle": "no", "hgv": "designated", "hgv:national_network": "yes", "highway": "motorway", "lanes": "3", "lit": "yes", "maxspeed": "55 mph", "noname": "yes", "official_name": "Pacific Highway #1;Korean War Veterans Memorial Highway;Purple Heart Trail", "oneway": "yes", "ref": "I 5", "source:hgv:national_network": "https://www.ecfr.gov/current/title-23/chapter-I/subchapter-G/part-658;https://hepgis-usdot.hub.arcgis.com/apps/usdot::national-network-conventional-combination-trucks-map", "surface": "asphalt"}, "geometry": {"type": "LineString", "coordinates": [[-122.7120285, 45.4561692], [-122.7112036, 45.4566215], [-122.7104961, 45.4570081], [-122.7091263, 45.4577644], [-122.7077278, 45.4585345], [-122.7066522, 45.4591357], [-122.7056135, 45.4597558], [-122.7053452, 45.4599099], [-122.704818, 45.4602143], [-122.7042482, 45.4605361]]}}, {"type": "Feature", "properties": {"osm_id": 385628168, "bicycle": "no", "bridge": "yes", "hgv": "designated", "hgv:national_network": "yes", "highway": "motorway", "lanes": "3", "layer": "1", "maxspeed": "55 mph", "oneway": "yes", "placement": "right_of:1", "ref": "I 205", "source:hgv:national_network": "https://www.ecfr.gov/current/title-23/chapter-I/subchapter-G/part-658;https://hepgis-usdot.hub.arcgis.com/apps/usdot::national-network-conventional-combination-trucks-map"}, "geometry": {"type": "LineString", "coordinates": [[-122.5646122, 45.5324706], [-122.5645314, 45.5328211], [-122.5642976, 45.5338422]]}}, {"type": "Feature", "properties": {"osm_id": 391598340, "access:lanes": "yes|yes|yes", "access:lanes:conditional": "no|yes|yes @ Mo-Fr 15:00-18:00", "bicycle": "no", "bus:lanes": "designated||", "destination": "Lombard Street West", "destination:ref": "US 30 Bypass", "hgv": "designated", "highway": "motorway", "hov:lanes": "designated||", "hov:minimum": "2", "lanes": "3", "lit": "yes", "maxspeed": "55 mph", "motorcycle:lanes": "designated||", "noname": "yes", "official_name": "Pacific Highway #1;Korean War Veterans Memorial Highway;Purple Heart Trail", "oneway": "yes", "ref": "I 5", "surface": "asphalt"}, "geometry": {"type": "LineString", "coordinates": [[-122.6785612, 45.5746707], [-122.6785537, 45.5753746]]}}, {"type": "Feature", "properties": {"osm_id": 392296079, "NHS": "yes", "RLIS:bicycle": "caution_area", "alt_name": "Highway 99E", "bicycle": "yes", "hgv": "designated", "hgv:national_network": "yes", "highway": "primary", "lanes": "2", "maxspeed": "30 mph", "name": "Northeast Martin Luther King Junior Boulevard", "name:etymology": "Martin Luther King Junior", "name:etymology:wikidata": "Q8027", "name:etymology:wikipedia": "en:Martin Luther King Jr.", "old_name": "Pacific Highway East #1E (81)", "old_ref": "US 99E", "oneway": "yes", "ref": "OR 99E", "short_name": "NE MLK Jr Blvd", "sidewalk": "right", "surface": "asphalt"}, "geometry": {"type": "LineString", "coordinates": [[-122.6613293, 45.5715667], [-122.661326, 45.5717017], [-122.6613188, 45.5717879]]}}, {"type": "Feature", "properties": {"osm_id": 392565284, "bicycle": "no", "destination:lanes": "Salem|Salem;Lake Oswego", "hgv": "designated", "hgv:national_network": "yes", "highway": "motorway", "lanes": "2", "maxspeed": "50 mph", "noname": "yes", "official_name": "Pacific Highway #1;Korean War Veterans Memorial Highway;Purple Heart Trail", "oneway": "yes", "ref": "I 5", "source:hgv:national_network": "https://www.ecfr.gov/current/title-23/chapter-I/subchapter-G/part-658;https://hepgis-usdot.hub.arcgis.com/apps/usdot::national-network-conventional-combination-trucks-map", "turn:lanes": "none|through;slight_right"}, "geometry": {"type": "LineString", "coordinates": [[-122.6745473, 45.5028784], [-122.6744874, 45.5025363], [-122.6744056, 45.502196], [-122.6741699, 45.5014522]]}}, {"type": "Feature", "properties": {"osm_id": 392572957, "access": "no", "access:conditional": "yes @ (2026 Oct 19 - 2026 Dec 31; 2027+)", "bicycle": "no", "bridge": "yes", "description": "Pacific Highway #1", "destination": "Salem;OMSI;Oregon City", "destination:ref": "I 5 South; US 26 East;OR 99E", "fixme": "remove access tags after construction", "hgv": "designated", "hgv:national_network": "yes", "highway": "motorway", "lanes": "2", "layer": "1", "maxspeed": "50 mph", "official_name": "Pacific Highway #1;Korean War Veterans Memorial Highway;Purple Heart Trail", "oneway": "yes", "ref": "I 5", "source:hgv:national_network": "https://www.ecfr.gov/current/title-23/chapter-I/subchapter-G/part-658;https://hepgis-usdot.hub.arcgis.com/apps/usdot::national-network-conventional-combination-trucks-map"}, "geometry": {"type": "LineString", "coordinates": [[-122.6653626, 45.5286395], [-122.6653342, 45.5283677], [-122.6653305, 45.5282075]]}}, {"type": "Feature", "properties": {"osm_id": 392574369, "access": "no", "access:conditional": "yes @ (2026 Oct 19 - 2026 Dec 31; 2027+)", "bicycle": "no", "bridge": "yes", "description": "Pacific Highway #1", "destination": "Salem", "destination:ref": "I 5 South", "fixme": "remove access tags after construction", "hgv": "designated", "hgv:national_network": "yes", "highway": "motorway", "lanes": "2", "layer": "1", "maxspeed": "50 mph", "official_name": "Pacific Highway #1;Korean War Veterans Memorial Highway;Purple Heart Trail", "oneway": "yes", "ref": "I 5", "source:hgv:national_network": "https://www.ecfr.gov/current/title-23/chapter-I/subchapter-G/part-658;https://hepgis-usdot.hub.arcgis.com/apps/usdot::national-network-conventional-combination-trucks-map", "surface": "asphalt"}, "geometry": {"type": "LineString", "coordinates": [[-122.6654709, 45.5250354], [-122.6654671, 45.5246136]]}}, {"type": "Feature", "properties": {"osm_id": 392579019, "bicycle": "no", "cutting": "yes", "description": "Stadium Freeway Highway #61", "destination:lanes": "none|none|none|6th Avenue;4th Avenue", "foot": "no", "hgv": "designated", "hgv:national_network": "yes", "highway": "motorway", "lanes": "4", "maxheight:signed": "no", "maxspeed": "50 mph", "oneway": "yes", "ref": "I 405", "source:hgv:national_network": "https://www.ecfr.gov/current/title-23/chapter-I/subchapter-G/part-658;https://hepgis-usdot.hub.arcgis.com/apps/usdot::national-network-conventional-combination-trucks-map", "surface": "asphalt", "turn:lanes": "none|none|none|through;slight_right"}, "geometry": {"type": "LineString", "coordinates": [[-122.6768171, 45.5055059], [-122.6779735, 45.5055727], [-122.6791299, 45.5056379], [-122.6796706, 45.5056926]]}}, {"type": "Feature", "properties": {"osm_id": 392634527, "bicycle": "no", "destination:lanes": "none|none|none|Lombard Street;Sandy Boulevard", "hgv": "designated", "hgv:national_network": "yes", "highway": "motorway", "lanes": "4", "lit": "yes", "maxspeed": "55 mph", "oneway": "yes", "placement": "right_of:1", "ref": "I 205", "source:hgv:national_network": "https://www.ecfr.gov/current/title-23/chapter-I/subchapter-G/part-658;https://hepgis-usdot.hub.arcgis.com/apps/usdot::national-network-conventional-combination-trucks-map", "surface": "asphalt", "turn:lanes": "through|through|through|through;slight_right"}, "geometry": {"type": "LineString", "coordinates": [[-122.5627822, 45.5509919], [-122.5639995, 45.551813], [-122.5644352, 45.5521234], [-122.5647657, 45.5523645], [-122.5652399, 45.5527554], [-122.5655113, 45.5530137], [-122.5658032, 45.5533469], [-122.5660378, 45.553647], [-122.5661825, 45.5538706], [-122.5663245, 45.5541177], [-122.5664244, 45.5543229], [-122.5665199, 45.5545482], [-122.566594, 45.554744], [-122.5666604, 45.5549649]]}}, {"type": "Feature", "properties": {"osm_id": 392723583, "bicycle": "no", "hgv": "designated", "hgv:national_network": "yes", "highway": "motorway", "lanes": "3", "lit": "yes", "maxheight:signed": "no", "maxspeed": "55 mph", "noname": "yes", "official_name": "Pacific Highway #1;Korean War Veterans Memorial Highway;Purple Heart Trail", "oneway": "yes", "ref": "I 5", "sidewalk": "no", "source": "Yahoo,ODOT", "source:hgv:national_network": "https://www.ecfr.gov/current/title-23/chapter-I/subchapter-G/part-658;https://hepgis-usdot.hub.arcgis.com/apps/usdot::national-network-conventional-combination-trucks-map", "surface": "asphalt"}, "geometry": {"type": "LineString", "coordinates": [[-122.6789455, 45.5831816], [-122.6788364, 45.582717], [-122.678757, 45.5822498], [-122.678723, 45.5819476], [-122.6787002, 45.5816411], [-122.6786875, 45.5813327], [-122.6786848, 45.5807799], [-122.6787156, 45.5774326], [-122.678723, 45.5765254], [-122.6787406, 45.574818]]}}, {"type": "Feature", "properties": {"osm_id": 392723822, "bicycle": "no", "destination": "Beaverton;Saint Helens;Salem", "destination:ref": "US 5 South;I 405 West;US 30 West", "hgv": "designated", "hgv:national_network": "yes", "highway": "motorway", "lanes": "3", "lit": "yes", "maxspeed": "55 mph", "noname": "yes", "official_name": "Pacific Highway #1;Korean War Veterans Memorial Highway;Purple Heart Trail", "oneway": "yes", "ref": "I 5", "source": "Yahoo,ODOT", "source:hgv:national_network": "https://www.ecfr.gov/current/title-23/chapter-I/subchapter-G/part-658;https://hepgis-usdot.hub.arcgis.com/apps/usdot::national-network-conventional-combination-trucks-map", "surface": "asphalt"}, "geometry": {"type": "LineString", "coordinates": [[-122.6787326, 45.5631493], [-122.6786926, 45.5620081]]}}, {"type": "Feature", "properties": {"osm_id": 392723823, "bicycle": "no", "hgv": "designated", "hgv:national_network": "yes", "highway": "motorway", "lanes": "3", "lit": "yes", "maxheight:signed": "no", "maxspeed": "55 mph", "noname": "yes", "official_name": "Pacific Highway #1;Korean War Veterans Memorial Highway;Purple Heart Trail", "oneway": "yes", "ref": "I 5", "source": "Yahoo,ODOT", "source:hgv:national_network": "https://www.ecfr.gov/current/title-23/chapter-I/subchapter-G/part-658;https://hepgis-usdot.hub.arcgis.com/apps/usdot::national-network-conventional-combination-trucks-map", "surface": "asphalt"}, "geometry": {"type": "LineString", "coordinates": [[-122.6786926, 45.5620081], [-122.6786683, 45.5605313], [-122.6786804, 45.5592671], [-122.6786951, 45.5579597], [-122.6787231, 45.5556134], [-122.6787323, 45.5536099], [-122.6787594, 45.5534431]]}}, {"type": "Feature", "properties": {"osm_id": 392725684, "bicycle": "no", "description": "Pacific Highway #1", "destination": "Salem", "destination:ref": "I 5 South", "hgv": "designated", "hgv:national_network": "yes", "highway": "motorway", "lanes": "2", "lit": "yes", "maxspeed": "50 mph", "noname": "yes", "official_name": "Pacific Highway #1;Korean War Veterans Memorial Highway;Purple Heart Trail", "oneway": "yes", "ref": "I 5", "source": "Yahoo,ODOT", "source:hgv:national_network": "https://www.ecfr.gov/current/title-23/chapter-I/subchapter-G/part-658;https://hepgis-usdot.hub.arcgis.com/apps/usdot::national-network-conventional-combination-trucks-map", "surface": "asphalt"}, "geometry": {"type": "LineString", "coordinates": [[-122.6787651, 45.5487938], [-122.6787668, 45.5486038], [-122.6787644, 45.5483274], [-122.6787532, 45.5480746]]}}, {"type": "Feature", "properties": {"osm_id": 394315647, "bicycle": "no", "description": "Pacific Highway #1", "destination:lanes": "||Kruse Way;Lake Oswego|Haines Street", "hgv": "designated", "hgv:national_network": "yes", "highway": "motorway", "lanes": "4", "lit": "yes", "maxspeed": "55 mph", "noname": "yes", "official_name": "Pacific Highway #1;Korean War Veterans Memorial Highway;Purple Heart Trail", "old_name": "West Portland-Hubbard Highway #51", "old_ref": "US 99", "oneway": "yes", "ref": "I 5", "source:hgv:national_network": "https://www.ecfr.gov/current/title-23/chapter-I/subchapter-G/part-658;https://hepgis-usdot.hub.arcgis.com/apps/usdot::national-network-conventional-combination-trucks-map", "surface": "asphalt", "turn:lanes": "|||slight_right"}, "geometry": {"type": "LineString", "coordinates": [[-122.7426657, 45.4406042], [-122.7428893, 45.4403175], [-122.7430561, 45.4400862], [-122.7433086, 45.439715], [-122.7434801, 45.4394442], [-122.7435798, 45.4392531], [-122.7436857, 45.4390496], [-122.7438106, 45.4388135], [-122.7439128, 45.4385826], [-122.7440087, 45.4383507], [-122.7440867, 45.4381494], [-122.7441662, 45.437924], [-122.7442529, 45.4375368], [-122.7443025, 45.4371562], [-122.7443279, 45.4368675], [-122.74434, 45.4365394]]}}, {"type": "Feature", "properties": {"osm_id": 394316299, "bicycle": "no", "destination": "Salem", "hgv": "designated", "hgv:national_network": "yes", "highway": "motorway", "lanes": "3", "maxspeed": "55 mph", "noname": "yes", "official_name": "Pacific Highway #1;Korean War Veterans Memorial Highway;Purple Heart Trail", "oneway": "yes", "ref": "I 5", "source:hgv:national_network": "https://www.ecfr.gov/current/title-23/chapter-I/subchapter-G/part-658;https://hepgis-usdot.hub.arcgis.com/apps/usdot::national-network-conventional-combination-trucks-map"}, "geometry": {"type": "LineString", "coordinates": [[-122.7370641, 45.4450857], [-122.7374347, 45.4449855]]}}, {"type": "Feature", "properties": {"osm_id": 418644213, "NHS": "yes", "RLIS:bicycle": "caution_area", "alt_name": "Highway 99E", "bicycle": "yes", "hgv": "designated", "hgv:national_network": "yes", "highway": "primary", "lanes": "3", "maxspeed": "30 mph", "name": "Northeast Martin Luther King Junior Boulevard", "name:etymology": "Martin Luther King Junior", "name:etymology:wikidata": "Q8027", "name:etymology:wikipedia": "en:Martin Luther King Jr.", "old_name": "Pacific Highway East #1E (81)", "old_ref": "US 99E", "oneway": "yes", "ref": "OR 99E", "short_name": "NE MLK Jr Blvd", "sidewalk": "right", "surface": "asphalt", "turn:lanes": "left||"}, "geometry": {"type": "LineString", "coordinates": [[-122.6614278, 45.5748488], [-122.6614279, 45.5748342], [-122.6614291, 45.5745657], [-122.6614317, 45.5744342]]}}, {"type": "Feature", "properties": {"osm_id": 418644218, "NHS": "yes", "RLIS:bicycle": "caution_area", "alt_name": "Highway 99E", "bicycle": "yes", "hgv": "designated", "hgv:national_network": "yes", "highway": "primary", "lanes": "3", "maxspeed": "30 mph", "name": "Northeast Martin Luther King Junior Boulevard", "name:etymology": "Martin Luther King Junior", "name:etymology:wikidata": "Q8027", "name:etymology:wikipedia": "en:Martin Luther King Jr.", "old_name": "Pacific Highway East #1E (81)", "old_ref": "US 99E", "oneway": "yes", "ref": "OR 99E", "short_name": "NE MLK Jr Blvd", "sidewalk": "right", "surface": "asphalt", "turn:lanes": "left||"}, "geometry": {"type": "LineString", "coordinates": [[-122.6612998, 45.574165], [-122.6612978, 45.5744342]]}}, {"type": "Feature", "properties": {"osm_id": 418644224, "NHS": "yes", "RLIS:bicycle": "caution_area", "alt_name": "Highway 99E", "bicycle": "yes", "cycleway:both": "no", "hgv": "designated", "hgv:national_network": "yes", "highway": "primary", "lanes": "4", "maxspeed": "30 mph", "name": "Northeast Martin Luther King Junior Boulevard", "name:etymology": "Martin Luther King Junior", "name:etymology:wikidata": "Q8027", "name:etymology:wikipedia": "en:Martin Luther King Jr.", "old_name": "Pacific Highway East #1E (81)", "old_ref": "US 99E", "ref": "OR 99E", "short_name": "NE MLK Jr Blvd", "sidewalk": "both", "surface": "asphalt"}, "geometry": {"type": "LineString", "coordinates": [[-122.6613848, 45.5696592], [-122.6613865, 45.5693815], [-122.6613875, 45.5692256]]}}, {"type": "Feature", "properties": {"osm_id": 418644233, "NHS": "yes", "RLIS:bicycle": "caution_area", "alt_name": "Highway 99E", "bicycle": "yes", "hgv": "designated", "hgv:national_network": "yes", "highway": "primary", "lanes": "3", "maxspeed": "30 mph", "name": "Northeast Martin Luther King Junior Boulevard", "name:etymology": "Martin Luther King Junior", "name:etymology:wikidata": "Q8027", "name:etymology:wikipedia": "en:Martin Luther King Jr.", "old_name": "Pacific Highway East #1E (81)", "old_ref": "US 99E", "oneway": "yes", "ref": "OR 99E", "short_name": "NE MLK Jr Blvd", "sidewalk": "right", "surface": "asphalt", "turn:lanes": "left||"}, "geometry": {"type": "LineString", "coordinates": [[-122.6612917, 45.5755243], [-122.6612909, 45.5757099], [-122.6613543, 45.5758101]]}}, {"type": "Feature", "properties": {"osm_id": 418644242, "NHS": "yes", "alt_name": "Highway 99E", "description": "Pacific Highway East #1E (81)", "expressway": "yes", "foot": "yes", "hgv": "designated", "hgv:national_network": "yes", "highway": "primary", "lanes": "2", "maxspeed": "55 mph", "name": "Northeast Martin Luther King Junior Boulevard", "name:etymology": "Martin Luther King Junior", "name:etymology:wikidata": "Q8027", "name:etymology:wikipedia": "en:Martin Luther King Jr.", "old_ref": "US 99E", "oneway": "yes", "placement": "right_of:2", "ref": "OR 99E", "short_name": "NE MLK Jr Blvd", "sidewalk": "right", "surface": "asphalt"}, "geometry": {"type": "LineString", "coordinates": [[-122.6616603, 45.5820747], [-122.6616147, 45.5819864], [-122.6615684, 45.5818894], [-122.6615443, 45.5818296]]}}, {"type": "Feature", "properties": {"osm_id": 418644252, "NHS": "yes", "RLIS:bicycle": "caution_area", "alt_name": "Highway 99E", "bicycle": "yes", "change:lanes:backward": "not_left|yes", "change:lanes:forward": "no|not_left|yes", "description": "Pacific Highway East #1E (81)", "destination:backward": "Seattle", "destination:lanes:forward": "Portland Airport;Hood River|City Center|City Center;Saint Johns Bridge;Astoria", "destination:ref:lanes:forward": "US 30 Bypass East||US 30 Bypass West", "destination:symbol:lanes:forward": "airport|centre|centre", "hgv": "designated", "hgv:national_network": "yes", "highway": "primary", "lanes": "5", "lanes:backward": "2", "lanes:forward": "3", "maxspeed": "30 mph", "name": "Northeast Martin Luther King Junior Boulevard", "name:etymology": "Martin Luther King Junior", "name:etymology:wikidata": "Q8027", "name:etymology:wikipedia": "en:Martin Luther King Jr.", "old_ref": "US 99E", "ref": "OR 99E", "short_name": "NE MLK Jr Blvd", "sidewalk": "both", "surface": "asphalt", "turn:lanes:forward": "left||"}, "geometry": {"type": "LineString", "coordinates": [[-122.6613459, 45.5776214], [-122.661347, 45.5774653], [-122.661348, 45.5773335], [-122.6613489, 45.5772194]]}}, {"type": "Feature", "properties": {"osm_id": 418644260, "NHS": "yes", "RLIS:bicycle": "caution_area", "alt_name": "Highway 99E", "bicycle": "yes", "hgv": "designated", "hgv:national_network": "yes", "highway": "primary", "lanes": "3", "maxspeed": "30 mph", "name": "Northeast Martin Luther King Junior Boulevard", "name:etymology": "Martin Luther King Junior", "name:etymology:wikidata": "Q8027", "name:etymology:wikipedia": "en:Martin Luther King Jr.", "old_name": "Pacific Highway East #1E (81)", "old_ref": "US 99E", "oneway": "yes", "ref": "OR 99E", "short_name": "NE MLK Jr Blvd", "sidewalk": "right", "surface": "asphalt", "turn:lanes": "left||"}, "geometry": {"type": "LineString", "coordinates": [[-122.6614412, 45.5721095], [-122.661441, 45.5718746], [-122.6614373, 45.5717878]]}}, {"type": "Feature", "properties": {"osm_id": 418644265, "NHS": "yes", "RLIS:bicycle": "caution_area", "alt_name": "Highway 99E", "bicycle": "yes", "hgv": "designated", "hgv:national_network": "yes", "highway": "primary", "lanes": "2", "maxspeed": "30 mph", "name": "Northeast Martin Luther King Junior Boulevard", "name:etymology": "Martin Luther King Junior", "name:etymology:wikidata": "Q8027", "name:etymology:wikipedia": "en:Martin Luther King Jr.", "old_name": "Pacific Highway East #1E (81)", "old_ref": "US 99E", "oneway": "yes", "ref": "OR 99E", "short_name": "NE MLK Jr Blvd", "sidewalk": "right", "surface": "asphalt"}, "geometry": {"type": "LineString", "coordinates": [[-122.6612978, 45.5744342], [-122.6612935, 45.5751172], [-122.661293, 45.5751771], [-122.6612917, 45.5755243]]}}, {"type": "Feature", "properties": {"osm_id": 418644274, "NHS": "yes", "RLIS:bicycle": "caution_area", "alt_name": "Highway 99E", "bicycle": "yes", "hgv": "designated", "hgv:national_network": "yes", "highway": "primary", "lanes": "2", "maxspeed": "30 mph", "name": "Northeast Martin Luther King Junior Boulevard", "name:etymology": "Martin Luther King Junior", "name:etymology:wikidata": "Q8027", "name:etymology:wikipedia": "en:Martin Luther King Jr.", "old_name": "Pacific Highway East #1E (81)", "old_ref": "US 99E", "oneway": "yes", "ref": "OR 99E", "short_name": "NE MLK Jr Blvd", "sidewalk": "right", "surface": "asphalt"}, "geometry": {"type": "LineString", "coordinates": [[-122.6613543, 45.5758101], [-122.6614203, 45.5757077], [-122.6614248, 45.5751774], [-122.6614253, 45.5751212], [-122.6614264, 45.5750022], [-122.6614278, 45.5748488]]}}, {"type": "Feature", "properties": {"osm_id": 418650735, "NHS": "yes", "RLIS:bicycle": "caution_area", "alt_name": "Highway 99E", "bicycle": "yes", "cycleway:right": "no", "hgv": "designated", "hgv:national_network": "yes", "highway": "primary", "lanes": "2", "maxspeed": "30 mph", "name": "Northeast Martin Luther King Junior Boulevard", "name:etymology": "Martin Luther King Junior", "name:etymology:wikidata": "Q8027", "name:etymology:wikipedia": "en:Martin Luther King Jr.", "old_name": "Pacific Highway East #1E (81)", "old_ref": "US 99E", "oneway": "yes", "ref": "OR 99E", "short_name": "NE MLK Jr Blvd", "sidewalk": "right", "surface": "asphalt"}, "geometry": {"type": "LineString", "coordinates": [[-122.6614982, 45.5633427], [-122.6615002, 45.563094]]}}, {"type": "Feature", "properties": {"osm_id": 418650736, "NHS": "yes", "RLIS:bicycle": "caution_area", "alt_name": "Highway 99E", "bicycle": "yes", "hgv": "designated", "hgv:national_network": "yes", "highway": "primary", "lanes": "4", "maxspeed": "30 mph", "name": "Northeast Martin Luther King Junior Boulevard", "name:etymology": "Martin Luther King Junior", "name:etymology:wikidata": "Q8027", "name:etymology:wikipedia": "en:Martin Luther King Jr.", "ref": "OR 99E", "short_name": "NE MLK Jr Blvd; NE MLK Blvd", "sidewalk": "both", "surface": "asphalt"}, "geometry": {"type": "LineString", "coordinates": [[-122.6615497, 45.5561728], [-122.6615387, 45.5558507]]}}, {"type": "Feature", "properties": {"osm_id": 418650737, "NHS": "yes", "RLIS:bicycle": "caution_area", "alt_name": "Highway 99E", "bicycle": "yes", "cycleway:both": "no", "hgv": "designated", "hgv:national_network": "yes", "highway": "primary", "lanes": "5", "lanes:backward": "3", "lanes:forward": "2", "maxspeed": "30 mph", "name": "Northeast Martin Luther King Junior Boulevard", "name:etymology": "Martin Luther King Junior", "name:etymology:wikidata": "Q8027", "name:etymology:wikipedia": "en:Martin Luther King Jr.", "old_name": "Pacific Highway East #1E (81)", "old_ref": "US 99E", "ref": "OR 99E", "short_name": "NE MLK Jr Blvd", "sidewalk": "both", "surface": "asphalt", "turn:lanes:backward": "left||"}, "geometry": {"type": "LineString", "coordinates": [[-122.6614104, 45.5664177], [-122.6614084, 45.5663205], [-122.6614083, 45.566257], [-122.6614099, 45.5660939], [-122.6614108, 45.5659897], [-122.6614124, 45.5658224]]}}, {"type": "Feature", "properties": {"osm_id": 418650738, "NHS": "yes", "RLIS:bicycle": "caution_area", "alt_name": "Highway 99E", "bicycle": "yes", "cycleway:right": "no", "hgv": "designated", "hgv:national_network": "yes", "highway": "primary", "lanes": "3", "maxspeed": "30 mph", "name": "Northeast Martin Luther King Junior Boulevard", "name:etymology": "Martin Luther King Junior", "name:etymology:wikidata": "Q8027", "name:etymology:wikipedia": "en:Martin Luther King Jr.", "oneway": "yes", "ref": "OR 99E", "short_name": "NE MLK Jr Blvd; NE MLK Blvd", "sidewalk": "right", "surface": "asphalt", "turn:lanes": "left||"}, "geometry": {"type": "LineString", "coordinates": [[-122.6615623, 45.559451], [-122.6615663, 45.5592284], [-122.6615668, 45.5591998], [-122.6615688, 45.5591231]]}}, {"type": "Feature", "properties": {"osm_id": 418650739, "NHS": "yes", "RLIS:bicycle": "caution_area", "alt_name": "Highway 99E", "bicycle": "yes", "hgv": "designated", "hgv:national_network": "yes", "highway": "primary", "lanes": "3", "maxspeed": "30 mph", "name": "Northeast Martin Luther King Junior Boulevard", "name:etymology": "Martin Luther King Junior", "name:etymology:wikidata": "Q8027", "name:etymology:wikipedia": "en:Martin Luther King Jr.", "oneway": "yes", "ref": "OR 99E", "short_name": "NE MLK Jr Blvd; NE MLK Blvd", "sidewalk": "right", "surface": "asphalt", "turn:lanes": "left||"}, "geometry": {"type": "LineString", "coordinates": [[-122.6614735, 45.5542891], [-122.661471, 45.5544937], [-122.6614717, 45.5545531]]}}, {"type": "Feature", "properties": {"osm_id": 418650741, "NHS": "yes", "RLIS:bicycle": "caution_area", "alt_name": "Highway 99E", "bicycle": "yes", "hgv": "designated", "hgv:national_network": "yes", "highway": "primary", "lanes": "3", "maxspeed": "30 mph", "name": "Northeast Martin Luther King Junior Boulevard", "name:etymology": "Martin Luther King Junior", "name:etymology:wikidata": "Q8027", "name:etymology:wikipedia": "en:Martin Luther King Jr.", "oneway": "yes", "ref": "OR 99E", "short_name": "NE MLK Jr Blvd; NE MLK Blvd", "sidewalk": "right", "surface": "asphalt", "turn:lanes": "left||"}, "geometry": {"type": "LineString", "coordinates": [[-122.6614419, 45.5587712], [-122.6614369, 45.559046], [-122.6614366, 45.5590603], [-122.6614355, 45.5591229]]}}, {"type": "Feature", "properties": {"osm_id": 418650745, "NHS": "yes", "RLIS:bicycle": "caution_area", "alt_name": "Highway 99E", "bicycle": "yes", "hgv": "designated", "hgv:national_network": "yes", "highway": "primary", "lanes": "3", "maxspeed": "30 mph", "name": "Northeast Martin Luther King Junior Boulevard", "name:etymology": "Martin Luther King Junior", "name:etymology:wikidata": "Q8027", "name:etymology:wikipedia": "en:Martin Luther King Jr.", "old_name": "Pacific Highway East #1E (81)", "old_ref": "US 99E", "oneway": "yes", "ref": "OR 99E", "short_name": "NE MLK Jr Blvd; NE MLK Blvd", "sidewalk": "right", "surface": "asphalt", "turn:lanes": "left||"}, "geometry": {"type": "LineString", "coordinates": [[-122.6613773, 45.5624182], [-122.6613737, 45.5626497], [-122.6613734, 45.5626657], [-122.6613716, 45.5627476]]}}, {"type": "Feature", "properties": {"osm_id": 418650748, "NHS": "yes", "RLIS:bicycle": "caution_area", "alt_name": "Highway 99E", "bicycle": "yes", "cycleway:right": "no", "hgv": "designated", "hgv:national_network": "yes", "highway": "primary", "lanes": "3", "maxspeed": "30 mph", "name": "Northeast Martin Luther King Junior Boulevard", "name:etymology": "Martin Luther King Junior", "name:etymology:wikidata": "Q8027", "name:etymology:wikipedia": "en:Martin Luther King Jr.", "old_name": "Pacific Highway East #1E (81)", "old_ref": "US 99E", "oneway": "yes", "ref": "OR 99E", "short_name": "NE MLK Jr Blvd", "sidewalk": "right", "surface": "asphalt", "turn:lanes": "left||"}, "geometry": {"type": "LineString", "coordinates": [[-122.661472, 45.5667447], [-122.6614724, 45.5666979], [-122.6614739, 45.5664971], [-122.6614104, 45.5664177]]}}, {"type": "Feature", "properties": {"osm_id": 418650754, "NHS": "yes", "RLIS:bicycle": "caution_area", "alt_name": "Highway 99E", "bicycle": "yes", "hgv": "designated", "hgv:national_network": "yes", "highway": "primary", "lanes": "2", "maxspeed": "30 mph", "name": "Northeast Martin Luther King Junior Boulevard", "name:etymology": "Martin Luther King Junior", "name:etymology:wikidata": "Q8027", "name:etymology:wikipedia": "en:Martin Luther King Jr.", "oneway": "yes", "ref": "OR 99E", "short_name": "NE MLK Jr Blvd; NE MLK Blvd", "sidewalk": "right", "surface": "asphalt"}, "geometry": {"type": "LineString", "coordinates": [[-122.6614717, 45.5545531], [-122.661471, 45.554616], [-122.6614643, 45.5553943], [-122.6615268, 45.5555027]]}}, {"type": "Feature", "properties": {"osm_id": 418652937, "bicycle": "designated", "cycleway:right": "lane", "cycleway:right:buffer": "no", "highway": "secondary", "lanes": "3", "maxspeed": "30 mph", "name": "North Interstate Avenue", "old_ref": "OR 99W (old US 99W)", "oneway": "yes", "sidewalk": "right", "surface": "asphalt", "turn:lanes": "left|none|none"}, "geometry": {"type": "LineString", "coordinates": [[-122.6666724, 45.5298223], [-122.6670142, 45.5299705], [-122.6670859, 45.5300013]]}}, {"type": "Feature", "properties": {"osm_id": 418652955, "bicycle": "designated", "cycleway:right": "lane", "cycleway:right:buffer": "no", "highway": "tertiary", "lanes": "2", "maxspeed": "30 mph", "name": "North Interstate Avenue", "old_name": "Pacific Highway West #1W (91)", "old_ref": "OR 99W (old US 99W)", "oneway": "yes", "sidewalk": "both", "surface": "asphalt"}, "geometry": {"type": "LineString", "coordinates": [[-122.6683679, 45.5302762], [-122.6681256, 45.5301677]]}}, {"type": "Feature", "properties": {"osm_id": 418652970, "bicycle": "designated", "cycleway:right": "lane", "cycleway:right:buffer": "no", "highway": "tertiary", "lanes": "1", "maxspeed": "30 mph", "name": "North Interstate Avenue", "old_name": "Pacific Highway West #1W (91)", "old_ref": "OR 99W (old US 99W)", "oneway": "yes", "sidewalk": "no", "surface": "asphalt"}, "geometry": {"type": "LineString", "coordinates": [[-122.6711143, 45.532093], [-122.6706811, 45.5317175], [-122.6704676, 45.5315327]]}}, {"type": "Feature", "properties": {"osm_id": 418652989, "bicycle": "designated", "cycleway:right": "lane", "cycleway:right:buffer": "no", "highway": "tertiary", "lanes": "3", "maxspeed": "30 mph", "name": "North Interstate Avenue", "old_name": "Pacific Highway West #1W (91)", "old_ref": "OR 99W (old US 99W)", "oneway": "yes", "sidewalk": "right", "surface": "asphalt", "turn:lanes": "left||right"}, "geometry": {"type": "LineString", "coordinates": [[-122.6704976, 45.5318303], [-122.6707984, 45.5320977], [-122.670929, 45.5322204]]}}, {"type": "Feature", "properties": {"osm_id": 418653009, "bicycle": "designated", "cycleway:right": "lane", "cycleway:right:buffer": "no", "highway": "tertiary", "lanes": "1", "maxspeed": "30 mph", "name": "North Interstate Avenue", "old_name": "Pacific Highway West #1W (91)", "old_ref": "OR 99W (old US 99W)", "oneway": "yes", "sidewalk": "right", "surface": "asphalt"}, "geometry": {"type": "LineString", "coordinates": [[-122.6719792, 45.5329128], [-122.6717228, 45.5326536], [-122.6715092, 45.5324392]]}}, {"type": "Feature", "properties": {"osm_id": 418785118, "NHS": "yes", "RLIS:bicycle": "caution_area", "alt_name": "Highway 99E", "bicycle": "yes", "bridge": "viaduct", "expressway": "yes", "foot": "yes", "hgv": "designated", "hgv:national_network": "yes", "highway": "trunk", "lanes": "2", "layer": "1", "maxspeed": "30 mph", "name": "Southeast Martin Luther King Junior Boulevard", "name:etymology": "Martin Luther King Junior", "name:etymology:wikidata": "Q8027", "name:etymology:wikipedia": "en:Martin Luther King Jr.", "old_name": "Southeast Union Avenue", "oneway": "yes", "ref": "OR 99E", "short_name": "SE MLK Jr Blvd", "sidewalk": "right", "surface": "concrete"}, "geometry": {"type": "LineString", "coordinates": [[-122.6610239, 45.5074726], [-122.6610175, 45.5073597], [-122.6610113, 45.506925]]}}, {"type": "Feature", "properties": {"osm_id": 418785119, "NHS": "yes", "RLIS:bicycle": "caution_area", "alt_name": "Highway 99E", "bicycle": "yes", "bridge": "viaduct", "expressway": "yes", "foot": "yes", "hgv": "designated", "hgv:national_network": "yes", "highway": "trunk", "lanes": "3", "layer": "1", "maxspeed": "30 mph", "name": "Southeast Martin Luther King Junior Boulevard", "name:etymology": "Martin Luther King Junior", "name:etymology:wikidata": "Q8027", "name:etymology:wikipedia": "en:Martin Luther King Jr.", "old_name": "Southeast Union Avenue", "oneway": "yes", "placement": "left_of:2", "ref": "OR 99E", "short_name": "SE MLK Jr Blvd", "sidewalk": "right", "surface": "concrete", "turn:lanes": "||merge_to_left"}, "geometry": {"type": "LineString", "coordinates": [[-122.6611096, 45.5078328], [-122.6610876, 45.507777], [-122.6610453, 45.5076266], [-122.6610239, 45.5074726]]}}, {"type": "Feature", "properties": {"osm_id": 418804333, "NHS": "yes", "RLIS:bicycle": "caution_area", "alt_name": "Highway 99E", "bicycle": "yes", "hgv": "designated", "hgv:national_network": "yes", "highway": "primary", "lanes": "3", "maxspeed": "30 mph", "name": "Northeast Martin Luther King Junior Boulevard", "name:etymology": "Martin Luther King Junior", "name:etymology:wikidata": "Q8027", "name:etymology:wikipedia": "en:Martin Luther King Jr.", "oneway": "yes", "ref": "OR 99E", "short_name": "NE MLK Jr Blvd", "sidewalk": "right", "surface": "asphalt", "turn:lanes": "left||"}, "geometry": {"type": "LineString", "coordinates": [[-122.6615509, 45.5443225], [-122.6615538, 45.544495], [-122.661554, 45.5445073], [-122.6615518, 45.544664]]}}, {"type": "Feature", "properties": {"osm_id": 418804334, "NHS": "yes", "RLIS:bicycle": "caution_area", "alt_name": "Highway 99E", "bicycle": "yes", "hgv": "designated", "hgv:national_network": "yes", "highway": "primary", "lanes": "3", "maxspeed": "30 mph", "name": "Northeast Martin Luther King Junior Boulevard", "name:etymology": "Martin Luther King Junior", "name:etymology:wikidata": "Q8027", "name:etymology:wikipedia": "en:Martin Luther King Jr.", "oneway": "yes", "ref": "OR 99E", "short_name": "NE MLK Jr Blvd; NE MLK Blvd", "sidewalk": "right", "surface": "asphalt", "turn:lanes": "left||"}, "geometry": {"type": "LineString", "coordinates": [[-122.6615255, 45.5479058], [-122.6615234, 45.5481869], [-122.6615242, 45.5482708]]}}, {"type": "Feature", "properties": {"osm_id": 418804335, "NHS": "yes", "RLIS:bicycle": "caution_area", "alt_name": "Highway 99E", "bicycle": "yes", "hgv": "designated", "hgv:national_network": "yes", "highway": "primary", "lanes": "3", "lit": "yes", "maxspeed": "30 mph", "name": "Northeast Martin Luther King Junior Boulevard", "name:etymology": "Martin Luther King Junior", "name:etymology:wikidata": "Q8027", "name:etymology:wikipedia": "en:Martin Luther King Jr.", "oneway": "yes", "ref": "OR 99E", "short_name": "NE MLK Jr Blvd; NE MLK Blvd", "sidewalk": "right", "surface": "asphalt", "turn:lanes": "left||"}, "geometry": {"type": "LineString", "coordinates": [[-122.6614914, 45.5517768], [-122.6614915, 45.5520018], [-122.6614915, 45.5520121], [-122.6614915, 45.5520676]]}}, {"type": "Feature", "properties": {"osm_id": 418804336, "NHS": "yes", "RLIS:bicycle": "caution_area", "alt_name": "Highway 99E", "bicycle": "yes", "hgv": "designated", "hgv:national_network": "yes", "highway": "primary", "lanes": "2", "maxspeed": "30 mph", "name": "Northeast Martin Luther King Junior Boulevard", "name:etymology": "Martin Luther King Junior", "name:etymology:wikidata": "Q8027", "name:etymology:wikipedia": "en:Martin Luther King Jr.", "oneway": "yes", "ref": "OR 99E", "short_name": "NE MLK Jr Blvd; NE MLK Blvd", "sidewalk": "right", "surface": "asphalt"}, "geometry": {"type": "LineString", "coordinates": [[-122.6615962, 45.5474834], [-122.6615278, 45.5475782], [-122.6615255, 45.5479058]]}}, {"type": "Feature", "properties": {"osm_id": 418804337, "NHS": "yes", "RLIS:bicycle": "caution_area", "alt_name": "Highway 99E", "bicycle": "yes", "hgv": "designated", "hgv:national_network": "yes", "highway": "primary", "lanes": "3", "maxspeed": "30 mph", "name": "Northeast Martin Luther King Junior Boulevard", "name:etymology": "Martin Luther King Junior", "name:etymology:wikidata": "Q8027", "name:etymology:wikipedia": "en:Martin Luther King Jr.", "old_name": "Northeast Union Avenue", "oneway": "yes", "ref": "OR 99E", "short_name": "NE MLK Jr Blvd; NE MLK Blvd", "sidewalk": "right", "surface": "asphalt", "turn:lanes": "left||"}, "geometry": {"type": "LineString", "coordinates": [[-122.6616524, 45.5486351], [-122.6616562, 45.5483378], [-122.6616563, 45.5482663]]}}, {"type": "Feature", "properties": {"osm_id": 418804338, "NHS": "yes", "RLIS:bicycle": "caution_area", "alt_name": "Highway 99E", "bicycle": "yes", "hgv": "designated", "hgv:national_network": "yes", "highway": "primary", "lanes": "3", "maxspeed": "30 mph", "name": "Northeast Martin Luther King Junior Boulevard", "name:etymology": "Martin Luther King Junior", "name:etymology:wikidata": "Q8027", "name:etymology:wikipedia": "en:Martin Luther King Jr.", "oneway": "yes", "ref": "OR 99E", "short_name": "NE MLK Jr Blvd; NE MLK Blvd", "sidewalk": "right", "surface": "asphalt", "turn:lanes": "left||"}, "geometry": {"type": "LineString", "coordinates": [[-122.6615544, 45.5404735], [-122.6615544, 45.540825], [-122.6615544, 45.5408437], [-122.6615569, 45.5409207]]}}, {"type": "Feature", "properties": {"osm_id": 418804339, "NHS": "yes", "RLIS:bicycle": "caution_area", "alt_name": "Highway 99E", "bicycle": "yes", "hgv": "designated", "hgv:national_network": "yes", "highway": "primary", "lanes": "3", "maxspeed": "30 mph", "name": "Northeast Martin Luther King Junior Boulevard", "name:etymology": "Martin Luther King Junior", "name:etymology:wikidata": "Q8027", "name:etymology:wikipedia": "en:Martin Luther King Jr.", "old_name": "Northeast Union Avenue", "oneway": "yes", "ref": "OR 99E", "short_name": "NE MLK Jr Blvd; NE MLK Blvd", "sidewalk": "right", "surface": "asphalt", "turn:lanes": "left||"}, "geometry": {"type": "LineString", "coordinates": [[-122.6616832, 45.5450248], [-122.6616847, 45.5448573]]}}, {"type": "Feature", "properties": {"osm_id": 418804340, "NHS": "yes", "RLIS:bicycle": "caution_area", "alt_name": "Highway 99E", "bicycle": "yes", "hgv": "designated", "hgv:national_network": "yes", "highway": "primary", "lanes": "3", "maxspeed": "30 mph", "name": "Northeast Martin Luther King Junior Boulevard", "name:etymology": "Martin Luther King Junior", "name:etymology:wikidata": "Q8027", "name:etymology:wikipedia": "en:Martin Luther King Jr.", "old_name": "Northeast Union Avenue", "oneway": "yes", "ref": "OR 99E", "short_name": "NE MLK Jr Blvd; NE MLK Blvd", "sidewalk": "right", "surface": "asphalt", "turn:lanes": "left||"}, "geometry": {"type": "LineString", "coordinates": [[-122.6616644, 45.5424017], [-122.6616639, 45.5423706], [-122.6616631, 45.5422097], [-122.661663, 45.5421923], [-122.6616614, 45.5421169]]}}, {"type": "Feature", "properties": {"osm_id": 418804341, "NHS": "yes", "RLIS:bicycle": "caution_area", "alt_name": "Highway 99E", "bicycle": "yes", "hgv": "designated", "hgv:national_network": "yes", "highway": "primary", "lanes": "3", "lit": "yes", "maxspeed": "30 mph", "name": "Northeast Martin Luther King Junior Boulevard", "name:etymology": "Martin Luther King Junior", "name:etymology:wikidata": "Q8027", "name:etymology:wikipedia": "en:Martin Luther King Jr.", "old_name": "Northeast Union Avenue", "oneway": "yes", "ref": "OR 99E", "short_name": "NE MLK Jr Blvd; NE MLK Blvd", "sidewalk": "right", "surface": "asphalt", "turn:lanes": "left||"}, "geometry": {"type": "LineString", "coordinates": [[-122.6616226, 45.5523452], [-122.661624, 45.5521511], [-122.6616242, 45.55213], [-122.6616247, 45.552062]]}}, {"type": "Feature", "properties": {"osm_id": 418804342, "NHS": "yes", "RLIS:bicycle": "caution_area", "alt_name": "Highway 99E", "bicycle": "yes", "hgv": "designated", "hgv:national_network": "yes", "highway": "primary", "lanes": "2", "lit": "yes", "maxspeed": "30 mph", "name": "Northeast Martin Luther King Junior Boulevard", "name:etymology": "Martin Luther King Junior", "name:etymology:wikidata": "Q8027", "name:etymology:wikipedia": "en:Martin Luther King Jr.", "old_name": "Northeast Union Avenue", "oneway": "yes", "ref": "OR 99E", "short_name": "NE MLK Jr Blvd; NE MLK Blvd", "sidewalk": "right", "surface": "asphalt"}, "geometry": {"type": "LineString", "coordinates": [[-122.6616045, 45.5545722], [-122.661606, 45.5545114], [-122.6616141, 45.5533768], [-122.6616148, 45.5533226], [-122.6616156, 45.5532629], [-122.6616226, 45.5523452]]}}, {"type": "Feature", "properties": {"osm_id": 418804343, "NHS": "yes", "RLIS:bicycle": "caution_area", "alt_name": "Highway 99E", "bicycle": "yes", "hgv": "designated", "hgv:national_network": "yes", "highway": "primary", "lanes": "2", "lit": "yes", "maxspeed": "30 mph", "name": "Northeast Martin Luther King Junior Boulevard", "name:etymology": "Martin Luther King Junior", "name:etymology:wikidata": "Q8027", "name:etymology:wikipedia": "en:Martin Luther King Jr.", "oneway": "yes", "ref": "OR 99E", "short_name": "NE MLK Jr Blvd; NE MLK Blvd", "sidewalk": "right", "surface": "asphalt"}, "geometry": {"type": "LineString", "coordinates": [[-122.6614915, 45.5520676], [-122.6614914, 45.5521327], [-122.6614834, 45.5532622], [-122.6614825, 45.5533069], [-122.6614813, 45.5533636], [-122.6614766, 45.5538742], [-122.6614735, 45.5542891]]}}, {"type": "Feature", "properties": {"osm_id": 418804344, "NHS": "yes", "RLIS:bicycle": "caution_area", "alt_name": "Highway 99E", "bicycle": "yes", "hgv": "designated", "hgv:national_network": "yes", "highway": "primary", "lanes": "2", "maxspeed": "30 mph", "name": "Northeast Martin Luther King Junior Boulevard", "name:etymology": "Martin Luther King Junior", "name:etymology:wikidata": "Q8027", "name:etymology:wikipedia": "en:Martin Luther King Jr.", "old_name": "Northeast Union Avenue", "oneway": "yes", "ref": "OR 99E", "short_name": "NE MLK Jr Blvd", "sidewalk": "right", "surface": "asphalt"}, "geometry": {"type": "LineString", "coordinates": [[-122.6616563, 45.5482663], [-122.6616564, 45.5481935], [-122.6616575, 45.548046]]}}, {"type": "Feature", "properties": {"osm_id": 418850912, "bicycle": "designated", "cycleway:right": "lane", "cycleway:right:buffer": "no", "highway": "tertiary", "lanes": "2", "maxspeed": "30 mph", "name": "North Interstate Avenue", "old_name": "Pacific Highway West #1W (91)", "old_ref": "OR 99W (old US 99W)", "oneway": "yes", "sidewalk:left": "no", "sidewalk:right": "separate", "turn:lanes": "none|right"}, "geometry": {"type": "LineString", "coordinates": [[-122.6809139, 45.5535376], [-122.680935, 45.5535939], [-122.6809818, 45.5536768], [-122.6810337, 45.5537459], [-122.6810936, 45.5538063], [-122.6811774, 45.5538801]]}}, {"type": "Feature", "properties": {"osm_id": 418850913, "bicycle": "designated", "cycleway:right": "lane", "cycleway:right:buffer": "no", "highway": "tertiary", "lanes": "1", "maxspeed": "30 mph", "name": "North Interstate Avenue", "old_ref": "OR 99W (old US 99W)", "oneway": "yes", "sidewalk": "right", "sidewalk:right:surface": "concrete:plates", "smoothness": "excellent", "surface": "asphalt"}, "geometry": {"type": "LineString", "coordinates": [[-122.6811274, 45.5488272], [-122.6811124, 45.5484448]]}}, {"type": "Feature", "properties": {"osm_id": 418850914, "bicycle": "designated", "cycleway:right": "lane", "cycleway:right:buffer": "no", "highway": "tertiary", "lanes": "1", "maxspeed": "30 mph", "name": "North Interstate Avenue", "old_name": "Pacific Highway West #1W (91)", "old_ref": "OR 99W (old US 99W)", "oneway": "yes", "sidewalk": "right"}, "geometry": {"type": "LineString", "coordinates": [[-122.6808854, 45.548831], [-122.6809059, 45.5491543]]}}, {"type": "Feature", "properties": {"osm_id": 418850915, "bicycle": "designated", "cycleway:right": "lane", "cycleway:right:buffer": "no", "highway": "tertiary", "lanes": "2", "maxspeed": "30 mph", "name": "North Interstate Avenue", "old_ref": "OR 99W (old US 99W)", "oneway": "yes", "sidewalk": "right", "turn:lanes": "left|"}, "geometry": {"type": "LineString", "coordinates": [[-122.6810754, 45.5524294], [-122.6810752, 45.5522134], [-122.6810775, 45.5521221]]}}, {"type": "Feature", "properties": {"osm_id": 418850916, "bicycle": "designated", "cycleway:right": "lane", "cycleway:right:buffer": "no", "highway": "tertiary", "lanes": "2", "maxspeed": "30 mph", "name": "North Interstate Avenue", "old_ref": "OR 99W (old US 99W)", "oneway": "yes", "sidewalk": "right", "turn:lanes": "left|"}, "geometry": {"type": "LineString", "coordinates": [[-122.6810996, 45.5500552], [-122.6810914, 45.5496944], [-122.681104, 45.5495982]]}}, {"type": "Feature", "properties": {"osm_id": 418850917, "bicycle": "designated", "cycleway:right": "lane", "cycleway:right:buffer": "no", "highway": "tertiary", "lanes": "2", "lit": "yes", "maxspeed": "30 mph", "name": "North Interstate Avenue", "old_name": "Pacific Highway West #1W (91)", "old_ref": "OR 99W (old US 99W)", "oneway": "yes", "sidewalk": "right", "surface": "asphalt", "turn:lanes": "left|"}, "geometry": {"type": "LineString", "coordinates": [[-122.6809159, 45.5474833], [-122.6809132, 45.547719], [-122.6809017, 45.5478069]]}}, {"type": "Feature", "properties": {"osm_id": 418850918, "bicycle": "designated", "cycleway:right": "lane", "cycleway:right:buffer": "no", "highway": "tertiary", "lanes": "2", "maxspeed": "30 mph", "name": "North Interstate Avenue", "old_name": "Pacific Highway West #1W (91)", "old_ref": "OR 99W (old US 99W)", "oneway": "yes", "sidewalk": "right", "turn:lanes": "left|"}, "geometry": {"type": "LineString", "coordinates": [[-122.6808829, 45.551864], [-122.6808818, 45.5520302], [-122.6808817, 45.5520418], [-122.6808812, 45.552122]]}}, {"type": "Feature", "properties": {"osm_id": 418850919, "bicycle": "designated", "cycleway:right": "lane", "cycleway:right:buffer": "no", "highway": "tertiary", "lanes": "2", "maxspeed": "30 mph", "name": "North Interstate Avenue", "old_name": "Pacific Highway West #1W (91)", "old_ref": "OR 99W (old US 99W)", "oneway": "yes", "sidewalk": "right", "turn:lanes": "left|"}, "geometry": {"type": "LineString", "coordinates": [[-122.6809059, 45.5491543], [-122.6809015, 45.5495112], [-122.6809003, 45.5496018]]}}, {"type": "Feature", "properties": {"osm_id": 418850920, "bicycle": "designated", "cycleway:right": "lane", "cycleway:right:buffer": "no", "highway": "tertiary", "lanes": "1", "maxspeed": "30 mph", "name": "North Interstate Avenue", "old_ref": "OR 99W (old US 99W)", "oneway": "yes", "sidewalk": "right"}, "geometry": {"type": "LineString", "coordinates": [[-122.6810775, 45.5521221], [-122.6810796, 45.5520431], [-122.6810799, 45.5520306], [-122.6810758, 45.5519697], [-122.6810636, 45.551745], [-122.6810637, 45.5515411], [-122.6810637, 45.551492], [-122.6810662, 45.5508605], [-122.6810739, 45.5506189], [-122.6810874, 45.5504176], [-122.6810976, 45.5502654], [-122.6810996, 45.5500552]]}}, {"type": "Feature", "properties": {"osm_id": 418882468, "bicycle": "designated", "cycleway:right": "lane", "cycleway:right:buffer": "no", "highway": "tertiary", "lanes": "2", "maxspeed": "30 mph", "name": "North Interstate Avenue", "old_ref": "OR 99W (old US 99W)", "oneway": "yes", "sidewalk:left": "no", "sidewalk:right": "separate", "turn:lanes": "left|"}, "geometry": {"type": "LineString", "coordinates": [[-122.6823873, 45.5571557], [-122.682387, 45.5571436], [-122.6823914, 45.5568563], [-122.6823918, 45.5563532], [-122.6823917, 45.5563008], [-122.6823917, 45.5562769], [-122.6823909, 45.5560949]]}}, {"type": "Feature", "properties": {"osm_id": 418883346, "bicycle": "designated", "highway": "secondary", "maxspeed": "30 mph", "name": "North Interstate Avenue", "old_ref": "OR 99W (old US 99W)", "oneway": "yes", "sidewalk": "right", "turn:lanes": "left|"}, "geometry": {"type": "LineString", "coordinates": [[-122.6851424, 45.5834299], [-122.6849272, 45.583357], [-122.6848596, 45.5833352], [-122.6847374, 45.5832871]]}}, {"type": "Feature", "properties": {"osm_id": 418883347, "bicycle": "designated", "cycleway:both": "lane", "cycleway:both:buffer": "no", "highway": "secondary", "lanes": "4", "maxspeed": "30 mph", "name": "North Interstate Avenue", "old_ref": "OR 99W (old US 99W)", "sidewalk": "both", "turn:lanes:backward": "left|||right"}, "geometry": {"type": "LineString", "coordinates": [[-122.6869963, 45.5845371], [-122.686985, 45.5844606], [-122.6869599, 45.5843903], [-122.6869353, 45.5843344]]}}, {"type": "Feature", "properties": {"osm_id": 418883348, "bicycle": "designated", "highway": "secondary", "maxspeed": "30 mph", "name": "North Interstate Avenue", "old_ref": "OR 99W (old US 99W)", "oneway": "yes", "sidewalk": "right", "surface": "asphalt"}, "geometry": {"type": "LineString", "coordinates": [[-122.6858129, 45.5836712], [-122.6857252, 45.5836228], [-122.6856294, 45.5835819], [-122.6855268, 45.5835443], [-122.6854122, 45.5835087], [-122.685276, 45.583473], [-122.6851424, 45.5834299]]}}, {"type": "Feature", "properties": {"osm_id": 418889900, "NHS": "yes", "RLIS:bicycle": "caution_area", "alt_name": "Highway 99E", "bicycle": "yes", "description": "Pacific Highway East #1E (81)", "hgv": "designated", "hgv:national_network": "yes", "highway": "primary", "lanes": "4", "maxspeed": "30 mph", "name": "Northeast Martin Luther King Junior Boulevard", "name:etymology": "Martin Luther King Junior", "name:etymology:wikidata": "Q8027", "name:etymology:wikipedia": "en:Martin Luther King Jr.", "old_ref": "US 99E", "ref": "OR 99E", "short_name": "NE MLK Jr Blvd", "sidewalk": "both", "surface": "asphalt"}, "geometry": {"type": "LineString", "coordinates": [[-122.6613337, 45.5807823], [-122.6613366, 45.5806936]]}}, {"type": "Feature", "properties": {"osm_id": 418890387, "bicycle": "designated", "cycleway:right": "lane", "cycleway:right:buffer": "no", "highway": "secondary", "lanes": "1", "maxspeed": "30 mph", "name": "North Interstate Avenue", "old_ref": "OR 99W (old US 99W)", "oneway": "yes", "sidewalk": "right"}, "geometry": {"type": "LineString", "coordinates": [[-122.6821671, 45.5806891], [-122.6821565, 45.5802537], [-122.6821517, 45.5801375], [-122.6821567, 45.5796078], [-122.6821568, 45.579539]]}}, {"type": "Feature", "properties": {"osm_id": 418890388, "bicycle": "designated", "cycleway:right": "lane", "cycleway:right:buffer": "no", "highway": "tertiary", "maxspeed": "30 mph", "name": "North Interstate Avenue", "old_name": "Pacific Highway West #1W (91)", "old_ref": "OR 99W (old US 99W)", "oneway": "yes", "sidewalk": "right", "surface": "asphalt"}, "geometry": {"type": "LineString", "coordinates": [[-122.682037, 45.5717767], [-122.682038, 45.5718455], [-122.6820496, 45.572299], [-122.6820487, 45.5726692], [-122.6820406, 45.5732468], [-122.6820117, 45.5736195], [-122.6820361, 45.5739195], [-122.6820335, 45.5743093], [-122.6820302, 45.574352], [-122.6820061, 45.574546], [-122.6820007, 45.5746825], [-122.682015, 45.5749479]]}}, {"type": "Feature", "properties": {"osm_id": 418890389, "bicycle": "designated", "cycleway:right": "lane", "cycleway:right:buffer": "no", "highway": "tertiary", "lane_markings": "yes", "lanes": "1", "maxspeed": "30 mph", "name": "North Interstate Avenue", "old_ref": "OR 99W (old US 99W)", "oneway": "yes", "sidewalk": "right", "surface": "asphalt"}, "geometry": {"type": "LineString", "coordinates": [[-122.6822239, 45.5763262], [-122.6822183, 45.5762125], [-122.6822032, 45.5758403]]}}, {"type": "Feature", "properties": {"osm_id": 418890390, "bicycle": "designated", "cycleway:right": "lane", "cycleway:right:buffer": "no", "highway": "secondary", "lanes": "2", "maxspeed": "30 mph", "name": "North Interstate Avenue", "old_ref": "OR 99W (old US 99W)", "oneway": "yes", "sidewalk": "right", "surface": "asphalt", "turn:lanes": "left|"}, "geometry": {"type": "LineString", "coordinates": [[-122.6821866, 45.5780489], [-122.682193, 45.5772859], [-122.6821931, 45.577271], [-122.6822073, 45.577128]]}}, {"type": "Feature", "properties": {"osm_id": 418890391, "bicycle": "designated", "cycleway:right": "lane", "cycleway:right:buffer": "no", "highway": "tertiary", "lanes": "2", "maxspeed": "30 mph", "name": "North Interstate Avenue", "old_ref": "OR 99W (old US 99W)", "oneway": "yes", "sidewalk": "right", "surface": "asphalt", "turn:lanes": "reverse;left|"}, "geometry": {"type": "LineString", "coordinates": [[-122.6822032, 45.5758403], [-122.6822071, 45.5753721], [-122.6822088, 45.5752948]]}}, {"type": "Feature", "properties": {"osm_id": 418890392, "bicycle": "designated", "cycleway:right": "lane", "cycleway:right:buffer": "no", "highway": "tertiary", "maxspeed": "30 mph", "name": "North Interstate Avenue", "old_name": "Pacific Highway West #1W (91)", "old_ref": "OR 99W (old US 99W)", "oneway": "yes", "sidewalk": "right", "turn:lanes": "left||"}, "geometry": {"type": "LineString", "coordinates": [[-122.682015, 45.5749479], [-122.6820124, 45.5751882], [-122.6820141, 45.5752795]]}}, {"type": "Feature", "properties": {"osm_id": 418890393, "bicycle": "designated", "highway": "tertiary", "lanes": "2", "maxspeed": "30 mph", "name": "North Interstate Avenue", "old_name": "Pacific Highway West #1W (91)", "old_ref": "OR 99W (old US 99W)", "oneway": "yes", "sidewalk": "right", "surface": "asphalt", "turn:lanes": "left|"}, "geometry": {"type": "LineString", "coordinates": [[-122.6822463, 45.5704804], [-122.682247, 45.5700421], [-122.6822594, 45.5698883]]}}, {"type": "Feature", "properties": {"osm_id": 418890394, "bicycle": "designated", "cycleway:right": "lane", "cycleway:right:buffer": "no", "highway": "tertiary", "lanes": "2", "maxspeed": "30 mph", "name": "North Interstate Avenue", "old_name": "Pacific Highway West #1W (91)", "old_ref": "OR 99W (old US 99W)", "oneway": "yes", "sidewalk": "right", "surface": "asphalt", "turn:lanes": "left|"}, "geometry": {"type": "LineString", "coordinates": [[-122.6820018, 45.5764099], [-122.681983, 45.57665], [-122.6819826, 45.5766906]]}}, {"type": "Feature", "properties": {"osm_id": 418890395, "bicycle": "designated", "highway": "tertiary", "lanes": "2", "maxspeed": "30 mph", "name": "North Interstate Avenue", "old_name": "Pacific Highway West #1W (91)", "old_ref": "OR 99W (old US 99W)", "oneway": "yes", "sidewalk": "right", "turn:lanes": "left|"}, "geometry": {"type": "LineString", "coordinates": [[-122.6820394, 45.5713467], [-122.6820384, 45.5716352], [-122.6820382, 45.571652], [-122.682037, 45.5717767]]}}, {"type": "Feature", "properties": {"osm_id": 418890396, "bicycle": "designated", "cycleway:right": "lane", "cycleway:right:buffer": "no", "highway": "secondary", "maxspeed": "30 mph", "maxspeed:advisory": "25 mph", "name": "North Interstate Avenue", "old_name": "Pacific Highway West #1W (91)", "old_ref": "OR 99W (old US 99W)", "oneway": "yes", "sidewalk": "right", "turn:lanes": "through;right"}, "geometry": {"type": "LineString", "coordinates": [[-122.6839499, 45.5831683], [-122.6846367, 45.5833959], [-122.6847373, 45.58343]]}}, {"type": "Feature", "properties": {"osm_id": 418890397, "bicycle": "designated", "cycleway:right": "lane", "cycleway:right:buffer": "no", "highway": "tertiary", "lanes": "2", "maxspeed": "30 mph", "name": "North Interstate Avenue", "old_ref": "OR 99W (old US 99W)", "oneway": "yes", "sidewalk": "right", "turn:lanes": "left|"}, "geometry": {"type": "LineString", "coordinates": [[-122.6822368, 45.5720641], [-122.682243, 45.5718365], [-122.682245, 45.5716951]]}}, {"type": "Feature", "properties": {"osm_id": 418890398, "bicycle": "designated", "highway": "tertiary", "lanes": "2", "maxspeed": "30 mph", "name": "North Interstate Avenue", "old_name": "Pacific Highway West #1W (91)", "old_ref": "OR 99W (old US 99W)", "oneway": "yes", "sidewalk": "right", "surface": "asphalt", "turn:lanes": "left|"}, "geometry": {"type": "LineString", "coordinates": [[-122.6820619, 45.5692674], [-122.682054, 45.5697358], [-122.682036, 45.5698887]]}}, {"type": "Feature", "properties": {"osm_id": 418890399, "bicycle": "designated", "cycleway:right": "lane", "cycleway:right:buffer": "no", "highway": "secondary", "maxspeed": "30 mph", "name": "North Interstate Avenue", "old_name": "Pacific Highway West #1W (91)", "old_ref": "OR 99W (old US 99W)", "oneway": "yes", "sidewalk": "right", "surface": "asphalt", "turn:lanes": "left|"}, "geometry": {"type": "LineString", "coordinates": [[-122.681981, 45.5792317], [-122.68198, 45.5793148], [-122.6819785, 45.5794424], [-122.6819787, 45.5795368]]}}, {"type": "Feature", "properties": {"osm_id": 418890400, "bicycle": "designated", "cycleway:right": "lane", "cycleway:right:buffer": "no", "highway": "secondary", "maxspeed": "30 mph", "name": "North Interstate Avenue", "old_name": "Pacific Highway West #1W (91)", "old_ref": "OR 99W (old US 99W)", "oneway": "yes", "sidewalk": "right"}, "geometry": {"type": "LineString", "coordinates": [[-122.6827068, 45.5827611], [-122.6828311, 45.5828143], [-122.6834836, 45.5830137], [-122.6839499, 45.5831683]]}}, {"type": "Feature", "properties": {"osm_id": 418890401, "bicycle": "designated", "cycleway:right": "lane", "cycleway:right:buffer": "no", "highway": "tertiary", "lanes": "3", "maxspeed": "30 mph", "name": "North Interstate Avenue", "old_name": "Pacific Highway West #1W (91)", "old_ref": "OR 99W (old US 99W)", "oneway": "yes", "sidewalk": "right", "surface": "asphalt", "turn:lanes": "left||right"}, "geometry": {"type": "LineString", "coordinates": [[-122.6819826, 45.5766906], [-122.6819821, 45.5767376], [-122.681981, 45.5768342], [-122.6819794, 45.5769852], [-122.6819793, 45.5769986], [-122.681979, 45.5771302]]}}, {"type": "Feature", "properties": {"osm_id": 418890402, "bicycle": "designated", "cycleway:right": "lane", "cycleway:right:buffer": "no", "highway": "secondary", "lanes": "2", "maxspeed": "30 mph", "name": "North Interstate Avenue", "old_ref": "OR 99W (old US 99W)", "oneway": "yes", "sidewalk": "right", "turn:lanes": "left|"}, "geometry": {"type": "LineString", "coordinates": [[-122.6821638, 45.5810481], [-122.6821649, 45.5809692], [-122.6821672, 45.5807651], [-122.6821671, 45.5806891]]}}, {"type": "Feature", "properties": {"osm_id": 418890403, "bicycle": "designated", "cycleway:right": "lane", "cycleway:right:buffer": "no", "highway": "secondary", "lanes": "2", "maxspeed": "30 mph", "maxspeed:advisory": "25 mph", "name": "North Interstate Avenue", "old_name": "Pacific Highway West #1W (91)", "old_ref": "OR 99W (old US 99W)", "oneway": "yes", "sidewalk": "right", "turn:lanes": "left|"}, "geometry": {"type": "LineString", "coordinates": [[-122.6822914, 45.582496], [-122.6823257, 45.5825239], [-122.6823912, 45.5825772], [-122.682481, 45.5826382], [-122.6827068, 45.5827611]]}}, {"type": "Feature", "properties": {"osm_id": 418890404, "bicycle": "designated", "cycleway:right": "lane", "cycleway:right:buffer": "no", "highway": "secondary", "maxspeed": "30 mph", "name": "North Interstate Avenue", "old_name": "Pacific Highway West #1W (91)", "old_ref": "OR 99W (old US 99W)", "oneway": "yes", "sidewalk": "right", "surface": "asphalt"}, "geometry": {"type": "LineString", "coordinates": [[-122.6819756, 45.5780177], [-122.6820028, 45.578425], [-122.6820053, 45.5785428], [-122.6819981, 45.5786345], [-122.6819861, 45.5787892], [-122.6819709, 45.5790799], [-122.681981, 45.5792317]]}}, {"type": "Feature", "properties": {"osm_id": 418896299, "bicycle": "designated", "cycleway:right": "lane", "cycleway:right:buffer": "no", "highway": "tertiary", "lanes": "1", "maxspeed": "30 mph", "name": "North Interstate Avenue", "old_name": "Pacific Highway West #1W (91)", "old_ref": "OR 99W (old US 99W)", "oneway": "yes", "sidewalk:left": "no", "sidewalk:right": "separate"}, "geometry": {"type": "LineString", "coordinates": [[-122.6821934, 45.5555016], [-122.6821984, 45.5556009]]}}, {"type": "Feature", "properties": {"osm_id": 418896565, "bicycle": "designated", "cycleway:right": "lane", "cycleway:right:buffer": "no", "highway": "tertiary", "lanes": "2", "maxspeed": "30 mph", "name": "North Interstate Avenue", "old_ref": "OR 99W (old US 99W)", "oneway": "yes", "sidewalk:left": "no", "sidewalk:right": "separate", "turn:lanes": "left|"}, "geometry": {"type": "LineString", "coordinates": [[-122.6823681, 45.5594469], [-122.6823686, 45.5591824], [-122.6823686, 45.5591586], [-122.6823701, 45.5590573]]}}, {"type": "Feature", "properties": {"osm_id": 418896566, "bicycle": "designated", "cycleway:right": "lane", "cycleway:right:buffer": "no", "highway": "tertiary", "lanes": "1", "maxspeed": "30 mph", "name": "North Interstate Avenue", "old_ref": "OR 99W (old US 99W)", "oneway": "yes", "sidewalk:left": "no", "sidewalk:right": "separate"}, "geometry": {"type": "LineString", "coordinates": [[-122.6823701, 45.5590573], [-122.6823713, 45.5589731], [-122.6823544, 45.5587492], [-122.6823561, 45.5583735], [-122.6823606, 45.5581277], [-122.6823622, 45.5580399], [-122.6823921, 45.5577365], [-122.6823962, 45.557659], [-122.6823986, 45.55757], [-122.6823873, 45.5571557]]}}, {"type": "Feature", "properties": {"osm_id": 418896844, "bicycle": "designated", "cycleway:right": "lane", "cycleway:right:buffer": "no", "highway": "tertiary", "lanes": "2", "maxspeed": "30 mph", "maxspeed:conditional": "20 mph @ (school_days 07:00-17:00)", "name": "North Interstate Avenue", "old_name": "Pacific Highway West #1W (91)", "old_ref": "OR 99W (old US 99W)", "oneway": "yes", "sidewalk:left": "no", "sidewalk:right": "separate", "turn:lanes": "left|"}, "geometry": {"type": "LineString", "coordinates": [[-122.6821536, 45.561559], [-122.6821508, 45.5616847], [-122.6821483, 45.561796], [-122.6821449, 45.5618301]]}}, {"type": "Feature", "properties": {"osm_id": 418896845, "bicycle": "designated", "cycleway:right": "lane", "cycleway:right:buffer": "no", "highway": "tertiary", "lanes": "2", "maxspeed": "30 mph", "name": "North Interstate Avenue", "old_name": "Pacific Highway West #1W (91)", "old_ref": "OR 99W (old US 99W)", "oneway": "yes", "sidewalk:left": "no", "sidewalk:right": "separate", "turn:lanes": "left|"}, "geometry": {"type": "LineString", "coordinates": [[-122.6821767, 45.5585807], [-122.6821749, 45.5588621], [-122.6821747, 45.5588948], [-122.682174, 45.558905], [-122.6821795, 45.559009]]}}, {"type": "Feature", "properties": {"osm_id": 418972074, "bicycle": "designated", "cycleway:right": "lane", "cycleway:right:buffer": "no", "highway": "tertiary", "lanes": "2", "maxspeed": "30 mph", "name": "North Interstate Avenue", "old_name": "Pacific Highway West #1W (91)", "old_ref": "OR 99W (old US 99W)", "oneway": "yes", "sidewalk:left": "no", "sidewalk:right": "separate", "surface": "asphalt", "turn:lanes": "left|"}, "geometry": {"type": "LineString", "coordinates": [[-122.6744805, 45.5369194], [-122.6744811, 45.5369385], [-122.6744873, 45.5371891], [-122.6744863, 45.5376463], [-122.6744863, 45.5376598], [-122.6744816, 45.5377914]]}}, {"type": "Feature", "properties": {"osm_id": 429810311, "bicycle": "no", "hgv": "designated", "hgv:national_network": "yes", "highway": "motorway", "lanes": "4", "maxspeed": "55 mph", "oneway": "yes", "placement": "right_of:1", "ref": "I 205", "source:hgv:national_network": "https://www.ecfr.gov/current/title-23/chapter-I/subchapter-G/part-658;https://hepgis-usdot.hub.arcgis.com/apps/usdot::national-network-conventional-combination-trucks-map", "surface": "asphalt"}, "geometry": {"type": "LineString", "coordinates": [[-122.5585565, 45.5641307], [-122.5559032, 45.5661344]]}}, {"type": "Feature", "properties": {"osm_id": 429810312, "bicycle": "no", "hgv": "designated", "hgv:national_network": "yes", "highway": "motorway", "lanes": "4", "maxspeed": "55 mph", "oneway": "yes", "placement": "right_of:1", "ref": "I 205", "source:hgv:national_network": "https://www.ecfr.gov/current/title-23/chapter-I/subchapter-G/part-658;https://hepgis-usdot.hub.arcgis.com/apps/usdot::national-network-conventional-combination-trucks-map", "surface": "asphalt"}, "geometry": {"type": "LineString", "coordinates": [[-122.5599981, 45.5635219], [-122.56021, 45.563362], [-122.5604242, 45.5632027], [-122.5606414, 45.5630408], [-122.5608516, 45.5628858], [-122.5610724, 45.5627271], [-122.5612908, 45.5625706]]}}, {"type": "Feature", "properties": {"osm_id": 440155835, "bicycle": "no", "hgv": "designated", "hgv:national_network": "yes", "highway": "motorway", "lanes": "3", "maxspeed": "50 mph", "noname": "yes", "official_name": "Pacific Highway #1;Korean War Veterans Memorial Highway;Purple Heart Trail", "oneway": "yes", "ref": "I 5", "source:hgv:national_network": "https://www.ecfr.gov/current/title-23/chapter-I/subchapter-G/part-658;https://hepgis-usdot.hub.arcgis.com/apps/usdot::national-network-conventional-combination-trucks-map", "surface": "asphalt"}, "geometry": {"type": "LineString", "coordinates": [[-122.6995265, 45.4632487], [-122.6988402, 45.4636374], [-122.6985421, 45.4637939]]}}, {"type": "Feature", "properties": {"osm_id": 440155836, "bicycle": "no", "destination:lanes": "none|none|none;Barbur Boulevard", "hgv": "designated", "hgv:national_network": "yes", "highway": "motorway", "lanes": "3", "maxspeed": "50 mph", "noname": "yes", "official_name": "Pacific Highway #1;Korean War Veterans Memorial Highway;Purple Heart Trail", "oneway": "yes", "ref": "I 5", "source:hgv:national_network": "https://www.ecfr.gov/current/title-23/chapter-I/subchapter-G/part-658;https://hepgis-usdot.hub.arcgis.com/apps/usdot::national-network-conventional-combination-trucks-map", "surface": "asphalt", "turn:lanes": "none|none|through;slight_right"}, "geometry": {"type": "LineString", "coordinates": [[-122.6955064, 45.4654843], [-122.698194, 45.4641129], [-122.6988558, 45.4637678], [-122.6998791, 45.4632112]]}}, {"type": "Feature", "properties": {"osm_id": 440155837, "bicycle": "no", "hgv": "designated", "hgv:national_network": "yes", "highway": "motorway", "lanes": "3", "maxspeed": "50 mph", "noname": "yes", "official_name": "Pacific Highway #1;Korean War Veterans Memorial Highway;Purple Heart Trail", "oneway": "yes", "ref": "I 5", "source:hgv:national_network": "https://www.ecfr.gov/current/title-23/chapter-I/subchapter-G/part-658;https://hepgis-usdot.hub.arcgis.com/apps/usdot::national-network-conventional-combination-trucks-map"}, "geometry": {"type": "LineString", "coordinates": [[-122.6784157, 45.4752991], [-122.6785478, 45.4757801], [-122.6786258, 45.4761778], [-122.6786627, 45.4764588]]}}, {"type": "Feature", "properties": {"osm_id": 440155838, "bicycle": "no", "hgv": "designated", "hgv:national_network": "yes", "highway": "motorway", "lanes": "3", "maxspeed": "55 mph", "noname": "yes", "official_name": "Pacific Highway #1;Korean War Veterans Memorial Highway;Purple Heart Trail", "oneway": "yes", "ref": "I 5", "source:hgv:national_network": "https://www.ecfr.gov/current/title-23/chapter-I/subchapter-G/part-658;https://hepgis-usdot.hub.arcgis.com/apps/usdot::national-network-conventional-combination-trucks-map", "surface": "asphalt"}, "geometry": {"type": "LineString", "coordinates": [[-122.6789761, 45.4787123], [-122.6789209, 45.477555], [-122.6789049, 45.4772486], [-122.6788747, 45.4766603], [-122.6788498, 45.4764781]]}}, {"type": "Feature", "properties": {"osm_id": 440158184, "bicycle": "yes", "bus:lanes": "yes|yes|yes|designated", "hgv": "designated", "hgv:national_network": "yes", "highway": "motorway", "lanes": "4", "maxspeed": "65 mph", "maxspeed:hgv": "60 mph", "noname": "yes", "official_name": "Pacific Highway #1;Korean War Veterans Memorial Highway;Purple Heart Trail", "old_name": "Robert Hugh Baldock Freeway;West Portland-Hubbard Highway #51", "old_ref": "US 99", "oneway": "yes", "placement": "middle_of:2", "ref": "I 5", "source:hgv:national_network": "https://www.ecfr.gov/current/title-23/chapter-I/subchapter-G/part-658;https://hepgis-usdot.hub.arcgis.com/apps/usdot::national-network-conventional-combination-trucks-map", "surface": "asphalt", "vehicle:lanes": "yes|yes|yes|no"}, "geometry": {"type": "LineString", "coordinates": [[-122.7578042, 45.3700019], [-122.758105, 45.369246]]}}, {"type": "Feature", "properties": {"osm_id": 440158185, "bicycle": "yes", "hgv": "designated", "hgv:national_network": "yes", "highway": "motorway", "lanes": "4", "maxheight:signed": "no", "maxspeed": "55 mph", "noname": "yes", "official_name": "Pacific Highway #1;Korean War Veterans Memorial Highway;Purple Heart Trail", "old_name": "Robert Hugh Baldock Freeway;West Portland-Hubbard Highway #51", "old_ref": "US 99", "oneway": "yes", "placement": "middle_of:2", "ref": "I 5", "source:hgv:national_network": "https://www.ecfr.gov/current/title-23/chapter-I/subchapter-G/part-658;https://hepgis-usdot.hub.arcgis.com/apps/usdot::national-network-conventional-combination-trucks-map", "surface": "asphalt"}, "geometry": {"type": "LineString", "coordinates": [[-122.7555445, 45.3744901], [-122.7543442, 45.3774787], [-122.7539618, 45.3784276]]}}, {"type": "Feature", "properties": {"osm_id": 459126774, "bicycle": "designated", "cycleway:right": "lane", "cycleway:right:buffer": "no", "highway": "secondary", "maxspeed": "30 mph", "name": "North Interstate Avenue", "old_name": "Pacific Highway West #1W (91)", "old_ref": "OR 99W (old US 99W)", "oneway": "yes", "sidewalk": "right"}, "geometry": {"type": "LineString", "coordinates": [[-122.6819884, 45.5806873], [-122.6819879, 45.5807641], [-122.681987, 45.5809048], [-122.681984, 45.5813782], [-122.6819808, 45.58163]]}}, {"type": "Feature", "properties": {"osm_id": 459126776, "bicycle": "designated", "cycleway:right": "lane", "cycleway:right:buffer": "no", "highway": "secondary", "lanes": "1", "maxspeed": "30 mph", "name": "North Interstate Avenue", "old_ref": "OR 99W (old US 99W)", "oneway": "yes", "sidewalk": "right", "surface": "asphalt"}, "geometry": {"type": "LineString", "coordinates": [[-122.6821568, 45.579539], [-122.6821575, 45.5789], [-122.6821622, 45.5788292], [-122.682201, 45.5784036], [-122.6822004, 45.5782204], [-122.6821928, 45.578115], [-122.6821866, 45.5780489]]}}, {"type": "Feature", "properties": {"osm_id": 459126778, "bicycle": "designated", "cycleway:right": "lane", "cycleway:right:buffer": "no", "highway": "secondary", "maxspeed": "30 mph", "maxspeed:advisory": "25 mph", "name": "North Interstate Avenue", "old_name": "Pacific Highway West #1W (91)", "old_ref": "OR 99W (old US 99W)", "oneway": "yes", "sidewalk": "right"}, "geometry": {"type": "LineString", "coordinates": [[-122.6819808, 45.58163], [-122.6819796, 45.5817213], [-122.6819812, 45.5819475], [-122.6819922, 45.5820666], [-122.6820124, 45.582151], [-122.6820691, 45.5822667], [-122.6821275, 45.582348], [-122.6822914, 45.582496]]}}, {"type": "Feature", "properties": {"osm_id": 459126779, "bicycle": "designated", "cycleway:right": "lane", "cycleway:right:buffer": "no", "highway": "secondary", "lanes": "1", "maxspeed": "30 mph", "name": "North Interstate Avenue", "old_ref": "OR 99W (old US 99W)", "oneway": "yes", "sidewalk": "right", "surface": "asphalt"}, "geometry": {"type": "LineString", "coordinates": [[-122.6821483, 45.5816826], [-122.6821799, 45.5813216], [-122.6821787, 45.5811981], [-122.6821638, 45.5810481]]}}, {"type": "Feature", "properties": {"osm_id": 459126780, "bicycle": "designated", "highway": "secondary", "lanes": "2", "maxspeed": "30 mph", "maxspeed:advisory": "25 mph", "name": "North Interstate Avenue", "old_ref": "OR 99W (old US 99W)", "oneway": "yes", "sidewalk": "right", "turn:lanes": "left|through;right"}, "geometry": {"type": "LineString", "coordinates": [[-122.6832508, 45.5827892], [-122.6830482, 45.5827189], [-122.6828197, 45.5826268], [-122.6826899, 45.5825717]]}}, {"type": "Feature", "properties": {"osm_id": 460889641, "bicycle": "designated", "highway": "secondary", "maxspeed": "30 mph", "maxspeed:advisory": "25 mph", "name": "North Interstate Avenue", "old_ref": "OR 99W (old US 99W)", "oneway": "yes", "sidewalk": "right"}, "geometry": {"type": "LineString", "coordinates": [[-122.6838145, 45.5829655], [-122.6835716, 45.5828822], [-122.6832508, 45.5827892]]}}, {"type": "Feature", "properties": {"osm_id": 464658550, "bicycle": "yes", "hgv": "designated", "hgv:national_network": "yes", "highway": "motorway", "lanes": "4", "maxheight:signed": "no", "maxspeed": "60 mph", "oneway": "yes", "placement": "right_of:1", "ref": "I 205", "source:hgv:national_network": "https://www.ecfr.gov/current/title-23/chapter-I/subchapter-G/part-658;https://hepgis-usdot.hub.arcgis.com/apps/usdot::national-network-conventional-combination-trucks-map"}, "geometry": {"type": "LineString", "coordinates": [[-122.5576525, 45.6181809], [-122.5578332, 45.61842], [-122.5581417, 45.6188787], [-122.558375, 45.6192895], [-122.5585708, 45.6197013], [-122.5587465, 45.6201543], [-122.5588886, 45.6206168], [-122.558953, 45.6208822], [-122.5589996, 45.6211466]]}}, {"type": "Feature", "properties": {"osm_id": 464658551, "bicycle": "yes", "hgv": "designated", "hgv:national_network": "yes", "highway": "motorway", "lanes": "3", "maxheight:signed": "no", "maxspeed": "60 mph", "oneway": "yes", "placement": "right_of:1", "ref": "I 205", "source:hgv:national_network": "https://www.ecfr.gov/current/title-23/chapter-I/subchapter-G/part-658;https://hepgis-usdot.hub.arcgis.com/apps/usdot::national-network-conventional-combination-trucks-map"}, "geometry": {"type": "LineString", "coordinates": [[-122.5598793, 45.6288253], [-122.5596291, 45.6246775], [-122.5594988, 45.6219196], [-122.559468, 45.621535], [-122.5594197, 45.6211992], [-122.5593191, 45.6207321], [-122.5592279, 45.6204207], [-122.5590992, 45.6200362], [-122.5588994, 45.6195747], [-122.5586741, 45.6191629], [-122.558379, 45.6186714], [-122.5582463, 45.6184856], [-122.5580491, 45.6182183], [-122.5577326, 45.6178337], [-122.5568208, 45.6168546]]}}, {"type": "Feature", "properties": {"osm_id": 503488993, "CCGIS:bicycle": "no", "bicycle": "no", "hgv": "designated", "hgv:national_network": "yes", "highway": "motorway", "lanes": "3", "lit": "yes", "maxspeed": "60 mph", "oneway": "yes", "parking:lane:both": "no_parking", "ref": "I 5", "sidewalk": "no", "source": "Yahoo,TIGER", "source:hgv:national_network": "https://www.ecfr.gov/current/title-23/chapter-I/subchapter-G/part-658;https://hepgis-usdot.hub.arcgis.com/apps/usdot::national-network-conventional-combination-trucks-map", "surface": "asphalt"}, "geometry": {"type": "LineString", "coordinates": [[-122.6670885, 45.6278561], [-122.6649971, 45.6313223]]}}, {"type": "Feature", "properties": {"osm_id": 504314171, "NHS": "yes", "alt_name": "Highway 99E", "bicycle": "designated", "bridge": "yes", "description": "Pacific Highway East #1E (81)", "destination:ref:forward": "I 5", "destination:ref:lanes:forward": "I 5 South||I 5 North", "destination:symbol:forward": "motorway", "expressway": "yes", "foot": "no", "hgv": "designated", "hgv:national_network": "yes", "highway": "primary", "lanes": "5", "lanes:backward": "2", "lanes:forward": "3", "layer": "1", "lit": "yes", "maxspeed": "40 mph", "name": "North Martin Luther King Junior Boulevard", "name:etymology": "Martin Luther King Junior", "name:etymology:wikidata": "Q8027", "name:etymology:wikipedia": "en:Martin Luther King Jr.", "ref": "OR 99E", "short_name": "N MLK Jr Blvd", "sidewalk": "no", "surface": "concrete", "turn:lanes:forward": "||slight_right"}, "geometry": {"type": "LineString", "coordinates": [[-122.6814688, 45.6035159], [-122.6816012, 45.6035594], [-122.6817311, 45.603602], [-122.6818602, 45.6036475], [-122.6819901, 45.6036973], [-122.6821284, 45.6037557], [-122.6822607, 45.6038143], [-122.6823827, 45.6038774], [-122.6824912, 45.6039375], [-122.6825911, 45.6039973], [-122.6826924, 45.6040642], [-122.6827931, 45.6041399]]}}, {"type": "Feature", "properties": {"osm_id": 504314172, "NHS": "yes", "alt_name": "Highway 99E", "bicycle": "designated", "bridge": "yes", "description": "Pacific Highway East #1E (81)", "destination:forward": "Exposition Center", "destination:ref:forward": "I 5", "destination:symbol:forward": "motorway", "expressway": "yes", "foot": "no", "hgv": "designated", "hgv:national_network": "yes", "highway": "primary", "lanes": "4", "layer": "1", "lit": "yes", "maxspeed": "55 mph", "name": "North Martin Luther King Junior Boulevard", "name:etymology": "Martin Luther King Junior", "name:etymology:wikidata": "Q8027", "name:etymology:wikipedia": "en:Martin Luther King Jr.", "old_ref": "US 99E", "ref": "OR 99E", "short_name": "N MLK Jr Blvd", "sidewalk": "no", "surface": "concrete"}, "geometry": {"type": "LineString", "coordinates": [[-122.6788535, 45.602381], [-122.67917, 45.6026043]]}}, {"type": "Feature", "properties": {"osm_id": 504314174, "NHS": "yes", "alt_name": "Highway 99E", "bicycle": "designated", "bridge": "yes", "description": "Pacific Highway East #1E (81)", "destination:ref:forward": "I 5", "destination:ref:lanes:forward": "I 5 South||I 5 North", "destination:symbol:forward": "motorway", "expressway": "yes", "foot": "no", "hgv": "designated", "hgv:national_network": "yes", "highway": "primary", "lanes": "4", "lanes:backward": "1", "lanes:forward": "3", "layer": "1", "lit": "yes", "maxspeed": "40 mph", "name": "North Martin Luther King Junior Boulevard", "name:etymology": "Martin Luther King Junior", "name:etymology:wikidata": "Q8027", "name:etymology:wikipedia": "en:Martin Luther King Jr.", "ref": "OR 99E", "short_name": "N MLK Jr Blvd", "sidewalk": "no", "surface": "concrete", "turn:lanes:forward": "||slight_right"}, "geometry": {"type": "LineString", "coordinates": [[-122.6827931, 45.6041399], [-122.68291, 45.6042317], [-122.6830265, 45.6043371], [-122.683124, 45.6044333], [-122.683208, 45.6045218], [-122.6833241, 45.6046492]]}}, {"type": "Feature", "properties": {"osm_id": 504314175, "NHS": "yes", "alt_name": "Highway 99E", "bicycle": "designated", "bridge": "yes", "change:lanes:forward": "not_left|not_right|no", "cycleway:right": "lane", "cycleway:right:buffer": "no", "description": "Pacific Highway East #1E (81)", "destination:backward": "Portland Airport", "destination:lanes:backward": "|Delta Park", "destination:lanes:forward": "Exposition Center|Exposition Center|Marine Park", "destination:ref:lanes:forward": "I 5|I 5|", "destination:street:lanes:backward": "|Marine Drive East", "destination:street:lanes:forward": "||Marine Drive East", "destination:symbol:backward": "airport", "destination:symbol:lanes:forward": "motorway|motorway|", "expressway": "yes", "foot": "no", "hgv": "designated", "hgv:national_network": "yes", "highway": "primary", "lanes": "5", "lanes:backward": "2", "lanes:forward": "3", "layer": "1", "lit": "yes", "maxspeed": "55 mph", "name": "North Martin Luther King Junior Boulevard", "name:etymology": "Martin Luther King Junior", "name:etymology:wikidata": "Q8027", "name:etymology:wikipedia": "en:Martin Luther King Jr.", "old_ref": "US 99E", "placement:forward": "left_of:1", "ref": "OR 99E", "short_name": "N MLK Jr Blvd", "sidewalk": "no", "surface": "concrete", "turn:lanes:forward": "||slight_right"}, "geometry": {"type": "LineString", "coordinates": [[-122.6787616, 45.6023148], [-122.6788535, 45.602381]]}}, {"type": "Feature", "properties": {"osm_id": 504314176, "NHS": "yes", "alt_name": "Highway 99E", "bicycle": "designated", "cycleway:right": "lane", "cycleway:right:buffer": "no", "description": "Pacific Highway East #1E (81)", "destination:backward": "Portland Airport", "destination:lanes:backward": "|Delta Park", "destination:lanes:forward": "Exposition Center|Exposition Center|Marine Park", "destination:ref:lanes:forward": "I 5|I 5|", "destination:street:lanes:backward": "|Marine Drive East", "destination:street:lanes:forward": "||Marine Drive East", "destination:symbol:backward": "airport", "destination:symbol:lanes:forward": "motorway|motorway|", "expressway": "yes", "foot": "no", "hgv": "designated", "hgv:national_network": "yes", "highway": "primary", "lanes": "5", "lanes:backward": "2", "lanes:forward": "3", "lit": "yes", "maxspeed": "55 mph", "name": "North Martin Luther King Junior Boulevard", "name:etymology": "Martin Luther King Junior", "name:etymology:wikidata": "Q8027", "name:etymology:wikipedia": "en:Martin Luther King Jr.", "old_ref": "US 99E", "placement:forward": "left_of:1", "ref": "OR 99E", "short_name": "N MLK Jr Blvd", "sidewalk": "no", "surface": "asphalt", "turn:lanes:forward": "||slight_right"}, "geometry": {"type": "LineString", "coordinates": [[-122.6785702, 45.6021695], [-122.6787616, 45.6023148]]}}, {"type": "Feature", "properties": {"osm_id": 504314181, "NHS": "yes", "alt_name": "Highway 99E", "bicycle": "designated", "cycleway:right": "lane", "cycleway:right:buffer": "no", "description": "Pacific Highway East #1E (81)", "destination:backward": "Portland Airport", "destination:lanes:forward": "Exposition Center|Exposition Center|Marine Park", "destination:ref:lanes:forward": "I 5|I 5|", "destination:street:lanes:forward": "||Marine Drive East", "destination:symbol:backward": "airport", "destination:symbol:lanes:forward": "motorway|motorway|", "expressway": "yes", "foot": "no", "hgv": "designated", "hgv:national_network": "yes", "highway": "primary", "lanes": "5", "lanes:backward": "2", "lanes:forward": "3", "lit": "yes", "maxspeed": "55 mph", "name": "North Martin Luther King Junior Boulevard", "name:etymology": "Martin Luther King Junior", "name:etymology:wikidata": "Q8027", "name:etymology:wikipedia": "en:Martin Luther King Jr.", "old_ref": "US 99E", "placement:forward": "left_of:1", "ref": "OR 99E", "short_name": "N MLK Jr Blvd", "sidewalk": "no", "surface": "asphalt", "turn:lanes:forward": "||slight_right"}, "geometry": {"type": "LineString", "coordinates": [[-122.6777722, 45.6015932], [-122.6785702, 45.6021695]]}}, {"type": "Feature", "properties": {"osm_id": 504314190, "NHS": "yes", "alt_name": "Highway 99E", "bicycle": "designated", "description": "Pacific Highway East #1E (81)", "expressway": "yes", "foot": "no", "hgv": "designated", "hgv:national_network": "yes", "highway": "primary", "lanes": "4", "lanes:backward": "2", "lanes:forward": "2", "lit": "yes", "maxspeed": "55 mph", "name": "North Martin Luther King Junior Boulevard", "name:etymology": "Martin Luther King Junior", "name:etymology:wikidata": "Q8027", "name:etymology:wikipedia": "en:Martin Luther King Jr.", "old_ref": "US 99E", "ref": "OR 99E", "short_name": "N MLK Jr Blvd", "sidewalk": "no", "surface": "asphalt"}, "geometry": {"type": "LineString", "coordinates": [[-122.67917, 45.6026043], [-122.6792709, 45.6026718], [-122.6793778, 45.6027373], [-122.6794965, 45.6028067], [-122.6796368, 45.6028834], [-122.6797671, 45.6029487], [-122.6798811, 45.6030002], [-122.6800093, 45.6030539], [-122.6801511, 45.603108], [-122.6803022, 45.6031608], [-122.6804542, 45.6032099], [-122.6806046, 45.6032555], [-122.6809805, 45.6033669], [-122.6811183, 45.6034088], [-122.6812487, 45.6034475], [-122.6813719, 45.6034867], [-122.6814688, 45.6035159]]}}, {"type": "Feature", "properties": {"osm_id": 531903228, "bicycle": "yes", "hgv": "designated", "hgv:national_network": "yes", "highway": "motorway", "lanes": "2", "maxspeed": "65 mph", "maxspeed:hgv": "60 mph", "oneway": "yes", "ref": "I 205", "source:hgv:national_network": "https://www.ecfr.gov/current/title-23/chapter-I/subchapter-G/part-658;https://hepgis-usdot.hub.arcgis.com/apps/usdot::national-network-conventional-combination-trucks-map", "surface": "asphalt"}, "geometry": {"type": "LineString", "coordinates": [[-122.6610219, 45.3515417], [-122.6607856, 45.3513263], [-122.660321, 45.3509434], [-122.659812, 45.3505586], [-122.6590778, 45.3500415]]}}, {"type": "Feature", "properties": {"osm_id": 531903229, "bicycle": "yes", "hgv": "designated", "hgv:national_network": "yes", "highway": "motorway", "lanes": "2", "maxspeed": "65 mph", "maxspeed:hgv": "60 mph", "oneway": "yes", "ref": "I 205", "source:hgv:national_network": "https://www.ecfr.gov/current/title-23/chapter-I/subchapter-G/part-658;https://hepgis-usdot.hub.arcgis.com/apps/usdot::national-network-conventional-combination-trucks-map", "surface": "asphalt"}, "geometry": {"type": "LineString", "coordinates": [[-122.6585451, 45.3502423], [-122.6590088, 45.3505581], [-122.6593038, 45.3507636], [-122.6598322, 45.3511566], [-122.6601022, 45.3513807], [-122.6603771, 45.3516115]]}}, {"type": "Feature", "properties": {"osm_id": 586135849, "NHS": "yes", "RLIS:bicycle": "caution_area", "alt_name": "Highway 99E", "bicycle": "yes", "hgv": "designated", "hgv:national_network": "yes", "highway": "primary", "lanes": "2", "maxspeed": "30 mph", "name": "Northeast Martin Luther King Junior Boulevard", "name:etymology": "Martin Luther King Junior", "name:etymology:wikidata": "Q8027", "name:etymology:wikipedia": "en:Martin Luther King Jr.", "old_name": "Northeast Union Avenue", "oneway": "yes", "ref": "OR 99E", "short_name": "NE MLK Jr Blvd; NE MLK Blvd", "sidewalk": "right", "surface": "asphalt"}, "geometry": {"type": "LineString", "coordinates": [[-122.6616241, 45.5495244], [-122.6616236, 45.5494316], [-122.6616274, 45.549226], [-122.6616283, 45.5491973]]}}, {"type": "Feature", "properties": {"osm_id": 595610338, "bridge": "yes", "bridge:structure": "truss", "hgv": "designated", "hgv:national_network": "yes", "highway": "motorway", "lanes": "4", "layer": "3", "maxspeed": "50 mph", "name": "Marquam Bridge", "name:ja": "\u30de\u30fc\u30ab\u30e0\u6a4b", "official_name": "Pacific Highway #1;Korean War Veterans Memorial Highway;Purple Heart Trail", "oneway": "yes", "ref": "I 5", "source:hgv:national_network": "https://www.ecfr.gov/current/title-23/chapter-I/subchapter-G/part-658;https://hepgis-usdot.hub.arcgis.com/apps/usdot::national-network-conventional-combination-trucks-map", "surface": "asphalt"}, "geometry": {"type": "LineString", "coordinates": [[-122.6708055, 45.5069276], [-122.6690553, 45.5079759]]}}, {"type": "Feature", "properties": {"osm_id": 595610418, "bicycle": "no", "bridge": "yes", "description": "Stadium Freeway Highway #61", "destination": "City Center;Beaverton", "destination:ref": "I 405 South", "foot": "no", "hgv": "designated", "hgv:national_network": "yes", "highway": "motorway", "lanes": "3", "layer": "2", "maxspeed": "50 mph", "oneway": "yes", "ref": "I 405", "source:hgv:national_network": "https://www.ecfr.gov/current/title-23/chapter-I/subchapter-G/part-658;https://hepgis-usdot.hub.arcgis.com/apps/usdot::national-network-conventional-combination-trucks-map"}, "geometry": {"type": "LineString", "coordinates": [[-122.6860666, 45.5354739], [-122.6863549, 45.5351775], [-122.6864554, 45.5350719], [-122.686613, 45.5348739]]}}, {"type": "Feature", "properties": {"osm_id": 595674829, "bicycle": "designated", "cycleway:left": "lane", "cycleway:left:buffer": "no", "highway": "secondary", "maxspeed": "30 mph", "name": "North Interstate Avenue", "old_ref": "OR 99W (old US 99W)", "sidewalk": "both"}, "geometry": {"type": "LineString", "coordinates": [[-122.6862062, 45.5838353], [-122.6858619, 45.5836915], [-122.6858129, 45.5836712]]}}, {"type": "Feature", "properties": {"osm_id": 595674830, "bicycle": "designated", "cycleway:left": "lane", "cycleway:left:buffer": "no", "highway": "secondary", "maxspeed": "30 mph", "name": "North Interstate Avenue", "old_ref": "OR 99W (old US 99W)", "sidewalk": "both", "surface": "asphalt"}, "geometry": {"type": "LineString", "coordinates": [[-122.6863075, 45.5838762], [-122.6862062, 45.5838353]]}}, {"type": "Feature", "properties": {"osm_id": 595674845, "NHS": "yes", "RLIS:bicycle": "caution_area", "alt_name": "Highway 99E", "bicycle": "yes", "embedded_rails": "tram", "hgv": "designated", "hgv:national_network": "yes", "highway": "primary", "lanes": "4", "lanes:bus": "1", "maxheight": "default", "maxspeed": "30 mph", "name": "Southeast Martin Luther King Junior Boulevard", "name:etymology": "Martin Luther King Junior", "name:etymology:wikidata": "Q8027", "name:etymology:wikipedia": "en:Martin Luther King Jr.", "old_name": "Southeast Union Avenue", "oneway": "yes", "ref": "OR 99E", "short_name": "SE MLK Jr Blvd", "sidewalk": "both", "surface": "asphalt"}, "geometry": {"type": "LineString", "coordinates": [[-122.6617982, 45.5179447], [-122.6617999, 45.5178748], [-122.6618049, 45.5176526], [-122.6618081, 45.5175117], [-122.6618114, 45.5173969], [-122.6618133, 45.5173199], [-122.6618163, 45.517217]]}}, {"type": "Feature", "properties": {"osm_id": 595674846, "NHS": "yes", "RLIS:bicycle": "caution_area", "alt_name": "Highway 99E", "bicycle": "yes", "embedded_rails": "tram", "hgv": "designated", "hgv:national_network": "yes", "highway": "primary", "lanes": "4", "lanes:bus": "1", "maxspeed": "30 mph", "name": "Southeast Martin Luther King Junior Boulevard", "name:etymology": "Martin Luther King Junior", "name:etymology:wikidata": "Q8027", "name:etymology:wikipedia": "en:Martin Luther King Jr.", "old_name": "Southeast Union Avenue", "oneway": "yes", "ref": "OR 99E", "short_name": "SE MLK Jr Blvd", "sidewalk": "both", "surface": "asphalt", "turn:lanes": "|||right"}, "geometry": {"type": "LineString", "coordinates": [[-122.6618192, 45.516469], [-122.6618177, 45.5164012]]}}, {"type": "Feature", "properties": {"osm_id": 595674852, "NHS": "yes", "RLIS:bicycle": "caution_area", "alt_name": "Highway 99E", "bicycle": "yes", "embedded_rails": "tram", "hgv": "designated", "hgv:national_network": "yes", "highway": "primary", "lanes": "4", "lanes:bus": "1", "maxspeed": "30 mph", "name": "Southeast Martin Luther King Junior Boulevard", "name:etymology": "Martin Luther King Junior", "name:etymology:wikidata": "Q8027", "name:etymology:wikipedia": "en:Martin Luther King Jr.", "old_name": "Southeast Union Avenue", "oneway": "yes", "ref": "OR 99E", "short_name": "SE MLK Jr Blvd", "sidewalk": "both", "surface": "asphalt", "turn:lanes": "none|none|none|right"}, "geometry": {"type": "LineString", "coordinates": [[-122.6617678, 45.521871], [-122.6617716, 45.52151], [-122.6617737, 45.5212035], [-122.6617783, 45.5210905], [-122.6617788, 45.5210196]]}}, {"type": "Feature", "properties": {"osm_id": 595674853, "NHS": "yes", "RLIS:bicycle": "caution_area", "alt_name": "Highway 99E", "bicycle": "yes", "embedded_rails": "tram", "hgv": "designated", "hgv:national_network": "yes", "highway": "primary", "lanes": "4", "lanes:bus": "1", "maxspeed": "30 mph", "name": "Southeast Martin Luther King Junior Boulevard", "name:etymology": "Martin Luther King Junior", "name:etymology:wikidata": "Q8027", "name:etymology:wikipedia": "en:Martin Luther King Jr.", "old_name": "Southeast Union Avenue", "oneway": "yes", "ref": "OR 99E", "short_name": "SE MLK Jr Blvd", "sidewalk": "both", "surface": "asphalt", "turn:lanes": "none|none|none|right"}, "geometry": {"type": "LineString", "coordinates": [[-122.6617678, 45.522221], [-122.6617678, 45.5221551], [-122.6617679, 45.5219457], [-122.661768, 45.5219076], [-122.6617678, 45.521871]]}}, {"type": "Feature", "properties": {"osm_id": 601354438, "bicycle": "designated", "cycleway:right": "lane", "cycleway:right:buffer": "no", "highway": "tertiary", "lanes": "2", "maxspeed": "30 mph", "name": "North Interstate Avenue", "old_name": "Pacific Highway West #1W (91)", "old_ref": "OR 99W (old US 99W)", "oneway": "yes", "sidewalk": "right", "surface": "asphalt"}, "geometry": {"type": "LineString", "coordinates": [[-122.6692986, 45.5307322], [-122.6689222, 45.5305285], [-122.6686582, 45.5304019], [-122.6683679, 45.5302762]]}}, {"type": "Feature", "properties": {"osm_id": 601354439, "bicycle": "designated", "cycleway:right": "lane", "cycleway:right:buffer": "yes", "highway": "tertiary", "lanes": "1", "maxspeed": "30 mph", "name": "North Interstate Avenue", "oneway": "yes", "sidewalk": "right"}, "geometry": {"type": "LineString", "coordinates": [[-122.666274, 45.529483], [-122.6661424, 45.5294413], [-122.6660437, 45.5293988]]}}, {"type": "Feature", "properties": {"osm_id": 658557669, "bicycle": "designated", "cycleway:right": "lane", "cycleway:right:buffer": "no", "highway": "tertiary", "lanes": "1", "maxspeed": "30 mph", "name": "North Interstate Avenue", "old_name": "Pacific Highway West #1W (91)", "old_ref": "OR 99W (old US 99W)", "oneway": "yes", "sidewalk:left": "no", "sidewalk:right": "separate"}, "geometry": {"type": "LineString", "coordinates": [[-122.6749361, 45.5393384], [-122.6750575, 45.5394039]]}}, {"type": "Feature", "properties": {"osm_id": 684986317, "bicycle": "no", "description": "Pacific Highway #1", "hgv": "designated", "hgv:national_network": "yes", "highway": "motorway", "lanes": "2", "maxspeed": "50 mph", "noname": "yes", "official_name": "Pacific Highway #1;Korean War Veterans Memorial Highway;Purple Heart Trail", "oneway": "yes", "ref": "I 5", "source:hgv:national_network": "https://www.ecfr.gov/current/title-23/chapter-I/subchapter-G/part-658;https://hepgis-usdot.hub.arcgis.com/apps/usdot::national-network-conventional-combination-trucks-map", "surface": "asphalt"}, "geometry": {"type": "LineString", "coordinates": [[-122.6651444, 45.5288925], [-122.6651388, 45.5290062]]}}, {"type": "Feature", "properties": {"osm_id": 686424549, "NHS": "yes", "alt_name": "Highway 99E", "change:lanes": "no|not_left|yes", "cycleway": "shoulder", "description": "Pacific Highway East #1E (81)", "expressway": "yes", "foot": "yes", "hgv": "designated", "hgv:national_network": "yes", "highway": "primary", "lanes": "3", "maxspeed": "55 mph", "name": "Northeast Martin Luther King Junior Boulevard", "name:etymology": "Martin Luther King Junior", "name:etymology:wikidata": "Q8027", "name:etymology:wikipedia": "en:Martin Luther King Jr.", "old_ref": "US 99E", "oneway": "yes", "placement": "right_of:2", "ref": "OR 99E", "short_name": "NE MLK Jr Blvd", "sidewalk": "no", "surface": "asphalt", "turn:lanes": "left||"}, "geometry": {"type": "LineString", "coordinates": [[-122.6634353, 45.5851831], [-122.663207, 45.5847837]]}}, {"type": "Feature", "properties": {"osm_id": 686424550, "NHS": "yes", "alt_name": "Highway 99E", "cycleway": "shoulder", "description": "Pacific Highway East #1E (81)", "expressway": "yes", "foot": "yes", "hgv": "designated", "hgv:national_network": "yes", "highway": "primary", "lanes": "2", "maxspeed": "55 mph", "name": "Northeast Martin Luther King Junior Boulevard", "name:etymology": "Martin Luther King Junior", "name:etymology:wikidata": "Q8027", "name:etymology:wikipedia": "en:Martin Luther King Jr.", "old_ref": "US 99E", "oneway": "yes", "placement": "right_of:2", "ref": "OR 99E", "short_name": "NE MLK Jr Blvd", "sidewalk": "no", "surface": "asphalt"}, "geometry": {"type": "LineString", "coordinates": [[-122.663579, 45.5854347], [-122.6634353, 45.5851831]]}}, {"type": "Feature", "properties": {"osm_id": 686424551, "NHS": "yes", "alt_name": "Highway 99E", "cycleway": "shoulder", "description": "Pacific Highway East #1E (81)", "expressway": "yes", "foot": "yes", "hgv": "designated", "hgv:national_network": "yes", "highway": "primary", "lanes": "2", "maxspeed": "55 mph", "name": "Northeast Martin Luther King Junior Boulevard", "name:etymology": "Martin Luther King Junior", "name:etymology:wikidata": "Q8027", "name:etymology:wikipedia": "en:Martin Luther King Jr.", "old_ref": "US 99E", "oneway": "yes", "ref": "OR 99E", "short_name": "NE MLK Jr Blvd", "sidewalk": "no", "surface": "asphalt"}, "geometry": {"type": "LineString", "coordinates": [[-122.6639512, 45.5861008], [-122.6638135, 45.5858616], [-122.663579, 45.5854347]]}}, {"type": "Feature", "properties": {"osm_id": 686424576, "NHS": "yes", "alt_name": "Highway 99E", "bicycle": "designated", "cycleway:right": "lane", "cycleway:right:buffer": "yes", "description": "Pacific Highway East #1E (81)", "destination:ref": "I 5", "destination:symbol": "motorway", "expressway": "yes", "foot": "yes", "hgv": "designated", "hgv:national_network": "yes", "highway": "primary", "lanes": "2", "maxspeed": "55 mph", "name": "North Martin Luther King Junior Boulevard", "name:etymology": "Martin Luther King Junior", "name:etymology:wikidata": "Q8027", "name:etymology:wikipedia": "en:Martin Luther King Jr.", "old_ref": "US 99E", "oneway": "yes", "ref": "OR 99E", "short_name": "N MLK Jr Blvd", "sidewalk": "no", "surface": "asphalt"}, "geometry": {"type": "LineString", "coordinates": [[-122.6666049, 45.5909198], [-122.6666855, 45.5910578]]}}, {"type": "Feature", "properties": {"osm_id": 686424578, "NHS": "yes", "alt_name": "Highway 99E", "description": "Pacific Highway East #1E (81)", "destination:symbol": "airport", "expressway": "yes", "hgv": "designated", "hgv:national_network": "yes", "highway": "primary", "lanes": "3", "maxspeed": "55 mph", "name": "Northeast Martin Luther King Junior Boulevard", "name:etymology": "Martin Luther King Junior", "name:etymology:wikidata": "Q8027", "name:etymology:wikipedia": "en:Martin Luther King Jr.", "old_ref": "US 99E", "oneway": "yes", "placement": "right_of:1", "ref": "OR 99E", "short_name": "NE MLK Jr Blvd", "sidewalk": "no", "surface": "asphalt"}, "geometry": {"type": "LineString", "coordinates": [[-122.6664167, 45.5902897], [-122.6659012, 45.589427]]}}, {"type": "Feature", "properties": {"osm_id": 686424579, "NHS": "yes", "alt_name": "Highway 99E", "description": "Pacific Highway East #1E (81)", "destination:symbol": "airport", "expressway": "yes", "hgv": "designated", "hgv:national_network": "yes", "highway": "primary", "lanes": "2", "maxspeed": "55 mph", "name": "Northeast Martin Luther King Junior Boulevard", "name:etymology": "Martin Luther King Junior", "name:etymology:wikidata": "Q8027", "name:etymology:wikipedia": "en:Martin Luther King Jr.", "old_ref": "US 99E", "oneway": "yes", "ref": "OR 99E", "short_name": "NE MLK Jr Blvd", "sidewalk": "no", "surface": "asphalt"}, "geometry": {"type": "LineString", "coordinates": [[-122.6652795, 45.5883867], [-122.6649823, 45.5878887]]}}, {"type": "Feature", "properties": {"osm_id": 686424581, "NHS": "yes", "alt_name": "Highway 99E", "bicycle": "designated", "cycleway:right": "lane", "cycleway:right:buffer": "yes", "description": "Pacific Highway East #1E (81)", "expressway": "yes", "foot": "yes", "hgv": "designated", "hgv:national_network": "yes", "highway": "primary", "lanes": "2", "maxspeed": "55 mph", "name": "Northeast Martin Luther King Junior Boulevard", "name:etymology": "Martin Luther King Junior", "name:etymology:wikidata": "Q8027", "name:etymology:wikipedia": "en:Martin Luther King Jr.", "old_ref": "US 99E", "oneway": "yes", "placement": "right_of:2", "ref": "OR 99E", "short_name": "NE MLK Jr Blvd", "sidewalk": "no", "surface": "asphalt"}, "geometry": {"type": "LineString", "coordinates": [[-122.665972, 45.5898217], [-122.6663817, 45.5905348]]}}, {"type": "Feature", "properties": {"osm_id": 686424582, "NHS": "yes", "alt_name": "Highway 99E", "bicycle": "designated", "change:lanes": "no|not_left|yes", "cycleway:right": "lane", "cycleway:right:buffer": "yes", "description": "Pacific Highway East #1E (81)", "destination:ref:lanes": "|I 5|I 5", "destination:street:lanes": "North Gertz Road||", "destination:symbol:lanes": "|motorway|motorway", "expressway": "yes", "foot": "yes", "hgv": "designated", "hgv:national_network": "yes", "highway": "primary", "lanes": "3", "maxspeed": "55 mph", "name": "North Martin Luther King Junior Boulevard", "name:etymology": "Martin Luther King Junior", "name:etymology:wikidata": "Q8027", "name:etymology:wikipedia": "en:Martin Luther King Jr.", "old_ref": "US 99E", "oneway": "yes", "placement": "right_of:2", "ref": "OR 99E", "short_name": "N MLK Jr Blvd", "sidewalk": "no", "surface": "asphalt", "turn:lanes": "left||"}, "geometry": {"type": "LineString", "coordinates": [[-122.66647, 45.5906885], [-122.6666049, 45.5909198]]}}, {"type": "Feature", "properties": {"osm_id": 686424616, "NHS": "yes", "alt_name": "Highway 99E", "bicycle": "designated", "cycleway:right": "lane", "cycleway:right:buffer": "no", "description": "Pacific Highway East #1E (81)", "expressway": "yes", "hgv": "designated", "hgv:national_network": "yes", "highway": "primary", "lanes": "3", "maxspeed": "55 mph", "name": "North Martin Luther King Junior Boulevard", "name:etymology": "Martin Luther King Junior", "name:etymology:wikidata": "Q8027", "name:etymology:wikipedia": "en:Martin Luther King Jr.", "old_ref": "US 99E", "oneway": "yes", "placement": "right_of:1", "ref": "OR 99E", "short_name": "N MLK Jr Blvd", "sidewalk": "no", "surface": "asphalt"}, "geometry": {"type": "LineString", "coordinates": [[-122.6670351, 45.5913654], [-122.6668177, 45.5909713]]}}, {"type": "Feature", "properties": {"osm_id": 686424623, "NHS": "yes", "alt_name": "Highway 99E", "bicycle": "designated", "cycleway:right": "lane", "cycleway:right:buffer": "yes", "description": "Pacific Highway East #1E (81)", "destination:street:lanes": "||North Gertz Road;Northeast 6th Drive", "expressway": "yes", "hgv": "designated", "hgv:national_network": "yes", "highway": "primary", "lanes": "3", "maxspeed": "55 mph", "name": "North Martin Luther King Junior Boulevard", "name:etymology": "Martin Luther King Junior", "name:etymology:wikidata": "Q8027", "name:etymology:wikipedia": "en:Martin Luther King Jr.", "old_ref": "US 99E", "oneway": "yes", "placement": "right_of:1", "ref": "OR 99E", "short_name": "N MLK Jr Blvd", "sidewalk": "no", "surface": "asphalt", "turn:lanes": "||slight_right"}, "geometry": {"type": "LineString", "coordinates": [[-122.6676784, 45.5925561], [-122.6674475, 45.5921287]]}}, {"type": "Feature", "properties": {"osm_id": 741116966, "bicycle": "designated", "highway": "tertiary", "maxspeed": "30 mph", "name": "North Interstate Avenue", "old_name": "Pacific Highway West #1W (91)", "old_ref": "OR 99W (old US 99W)", "oneway": "yes", "sidewalk": "right"}, "geometry": {"type": "LineString", "coordinates": [[-122.6820877, 45.56631], [-122.6820804, 45.5664047], [-122.6820824, 45.5664697], [-122.6820965, 45.5666795], [-122.6820873, 45.5670666], [-122.6820795, 45.5673924], [-122.6820562, 45.5678287], [-122.6820795, 45.5682724], [-122.6820738, 45.5684192], [-122.6820477, 45.5689643], [-122.6820619, 45.5692674]]}}, {"type": "Feature", "properties": {"osm_id": 741116968, "bicycle": "designated", "highway": "tertiary", "lanes": "1", "maxspeed": "30 mph", "name": "North Interstate Avenue", "old_name": "Pacific Highway West #1W (91)", "old_ref": "OR 99W (old US 99W)", "oneway": "yes", "sidewalk": "right", "surface": "asphalt"}, "geometry": {"type": "LineString", "coordinates": [[-122.6822821, 45.5690366], [-122.6822805, 45.5689553], [-122.6822705, 45.5687374], [-122.682279, 45.5684119], [-122.6822967, 45.5677937], [-122.6822934, 45.5677117], [-122.682275, 45.5673211], [-122.682297, 45.5669419], [-122.6822931, 45.5667641]]}}, {"type": "Feature", "properties": {"osm_id": 778459541, "bicycle": "designated", "cycleway:right": "lane", "cycleway:right:buffer": "no", "highway": "tertiary", "lanes": "2", "maxspeed": "30 mph", "name": "North Interstate Avenue", "old_name": "Pacific Highway West #1W (91)", "old_ref": "OR 99W (old US 99W)", "oneway": "yes", "sidewalk:left": "no", "sidewalk:right": "separate", "surface": "asphalt", "turn:lanes": "left|"}, "geometry": {"type": "LineString", "coordinates": [[-122.6746721, 45.5382986], [-122.6746728, 45.538131], [-122.6746772, 45.5379874], [-122.6746784, 45.5379489], [-122.674679, 45.5379301], [-122.6746957, 45.5378581], [-122.6747227, 45.5377423]]}}, {"type": "Feature", "properties": {"osm_id": 778459542, "bicycle": "designated", "cycleway:right": "lane", "cycleway:right:buffer": "no", "highway": "tertiary", "lanes": "2", "maxspeed": "30 mph", "name": "North Interstate Avenue", "old_name": "Pacific Highway West #1W (91)", "old_ref": "OR 99W (old US 99W)", "oneway": "yes", "sidewalk:left": "no", "sidewalk:right": "separate", "turn:lanes": "left|"}, "geometry": {"type": "LineString", "coordinates": [[-122.6755434, 45.5394698], [-122.6754226, 45.5394114], [-122.6752126, 45.5393052], [-122.6752112, 45.5393045], [-122.6751811, 45.5392892]]}}, {"type": "Feature", "properties": {"osm_id": 778459543, "bicycle": "designated", "cycleway:right": "lane", "cycleway:right:buffer": "no", "highway": "tertiary", "lanes": "1", "maxspeed": "30 mph", "name": "North Interstate Avenue", "old_name": "Pacific Highway West #1W (91)", "old_ref": "OR 99W (old US 99W)", "oneway": "yes", "sidewalk": "right"}, "geometry": {"type": "LineString", "coordinates": [[-122.6757948, 45.5398022], [-122.6759173, 45.5398681], [-122.6760449, 45.5399306]]}}, {"type": "Feature", "properties": {"osm_id": 778459544, "bicycle": "designated", "cycleway:right": "lane", "cycleway:right:buffer": "no", "foot": "no", "highway": "tertiary", "lanes": "1", "maxspeed": "30 mph", "name": "North Interstate Avenue", "old_name": "Pacific Highway West #1W (91)", "old_ref": "OR 99W (old US 99W)", "oneway": "yes", "sidewalk": "no", "turn:lanes": "through"}, "geometry": {"type": "LineString", "coordinates": [[-122.6772963, 45.5423556], [-122.6772836, 45.5411157], [-122.6772835, 45.5411028], [-122.6772939, 45.5410087]]}}, {"type": "Feature", "properties": {"osm_id": 778459545, "bicycle": "designated", "cycleway:right": "lane", "cycleway:right:buffer": "no", "foot": "no", "highway": "tertiary", "lanes": "2", "maxspeed": "30 mph", "name": "North Interstate Avenue", "old_name": "Pacific Highway West #1W (91)", "old_ref": "OR 99W (old US 99W)", "oneway": "yes", "sidewalk": "no", "turn:lanes": "left|"}, "geometry": {"type": "LineString", "coordinates": [[-122.6771084, 45.5436441], [-122.6771384, 45.5438698], [-122.6771616, 45.5440667], [-122.6771774, 45.5441512], [-122.6772019, 45.544253], [-122.6772398, 45.5443719], [-122.6772795, 45.5444725], [-122.6773161, 45.5445374]]}}, {"type": "Feature", "properties": {"osm_id": 778459546, "bicycle": "designated", "cycleway:right": "lane", "cycleway:right:buffer": "no", "highway": "tertiary", "lanes": "1", "maxspeed": "30 mph", "name": "North Interstate Avenue", "old_name": "Pacific Highway West #1W (91)", "old_ref": "OR 99W (old US 99W)", "oneway": "yes", "sidewalk:left": "no", "sidewalk:right": "separate"}, "geometry": {"type": "LineString", "coordinates": [[-122.6821795, 45.559009], [-122.6821843, 45.5591117], [-122.6821903, 45.5592867], [-122.6821829, 45.5597023], [-122.6821825, 45.5601485], [-122.682164, 45.5604105], [-122.6821472, 45.5606512], [-122.68214, 45.5611227]]}}, {"type": "Feature", "properties": {"osm_id": 778459547, "bicycle": "designated", "cycleway:right": "lane", "cycleway:right:buffer": "no", "highway": "tertiary", "lanes": "1", "maxspeed": "30 mph", "name": "North Interstate Avenue", "old_name": "Pacific Highway West #1W (91)", "old_ref": "OR 99W (old US 99W)", "oneway": "yes", "sidewalk:left": "no", "sidewalk:right": "separate"}, "geometry": {"type": "LineString", "coordinates": [[-122.6811774, 45.5538801], [-122.681334, 45.5540087], [-122.6818097, 45.5543517], [-122.6819416, 45.5544721], [-122.6820055, 45.5545426], [-122.6820245, 45.5545636], [-122.6820927, 45.5546496]]}}, {"type": "Feature", "properties": {"osm_id": 778459548, "bicycle": "designated", "cycleway:right": "lane", "cycleway:right:buffer": "no", "highway": "tertiary", "lanes": "1", "maxspeed": "30 mph", "name": "North Interstate Avenue", "old_name": "Pacific Highway West #1W (91)", "old_ref": "OR 99W (old US 99W)", "oneway": "yes", "parking:left": "no", "parking:right": "lane", "parking:right:orientation": "parallel", "sidewalk": "right"}, "geometry": {"type": "LineString", "coordinates": [[-122.6808812, 45.552122], [-122.6808809, 45.5522162], [-122.6808839, 45.5522821], [-122.6808915, 45.5524077], [-122.6808931, 45.5524334], [-122.6808876, 45.5527992], [-122.6808875, 45.5533893], [-122.6808922, 45.5534543], [-122.6809058, 45.5535162], [-122.6809139, 45.5535376]]}}, {"type": "Feature", "properties": {"osm_id": 778459549, "bicycle": "designated", "cycleway:right": "lane", "cycleway:right:buffer": "no", "highway": "tertiary", "lanes": "1", "maxspeed": "30 mph", "name": "North Interstate Avenue", "old_ref": "OR 99W (old US 99W)", "oneway": "yes", "sidewalk:left": "no", "sidewalk:right": "separate"}, "geometry": {"type": "LineString", "coordinates": [[-122.6824136, 45.5555025], [-122.6824204, 45.5554168], [-122.6824282, 45.5552815], [-122.6824298, 45.555253], [-122.68243, 45.5551684], [-122.6824168, 45.5550497], [-122.6824052, 45.5549431]]}}, {"type": "Feature", "properties": {"osm_id": 797185745, "bicycle": "designated", "cycleway": "track", "highway": "tertiary", "lanes": "1", "maxspeed": "30 mph", "name": "North Interstate Avenue", "old_name": "Pacific Highway West #1W (91)", "old_ref": "OR 99W (old US 99W)", "oneway": "yes", "sidewalk:left": "no", "sidewalk:right": "separate"}, "geometry": {"type": "LineString", "coordinates": [[-122.677294, 45.5407524], [-122.6772912, 45.5406928], [-122.6772822, 45.540643], [-122.6772627, 45.5405708], [-122.6772339, 45.540505], [-122.6771996, 45.5404401], [-122.6771227, 45.5403449], [-122.67708, 45.5403069], [-122.676989, 45.5402449], [-122.6768812, 45.5401806], [-122.6763442, 45.5398973], [-122.6759464, 45.5396818]]}}, {"type": "Feature", "properties": {"osm_id": 816776664, "CCGIS:bicycle": "no", "bicycle": "no", "destination:lanes": "none|none|none|Camas", "hgv": "designated", "hgv:national_network": "yes", "highway": "motorway", "lanes": "4", "lit": "yes", "maxspeed": "60 mph", "oneway": "yes", "parking:lane:both": "no_parking", "ref": "I 5", "sidewalk": "no", "source": "Yahoo,TIGER", "source:hgv:national_network": "https://www.ecfr.gov/current/title-23/chapter-I/subchapter-G/part-658;https://hepgis-usdot.hub.arcgis.com/apps/usdot::national-network-conventional-combination-trucks-map", "turn:lanes": "none|none|none|slight_right"}, "geometry": {"type": "LineString", "coordinates": [[-122.666918, 45.6285613], [-122.6672854, 45.6279542]]}}, {"type": "Feature", "properties": {"osm_id": 833090882, "bicycle": "no", "bridge": "yes", "description": "Stadium Freeway Highway #61", "destination:lanes": "none|none|Couch Street;Burnside Street;Glisan Street;Everett Street|Glisan Street;Everett Street", "foot": "no", "hgv": "designated", "hgv:national_network": "yes", "highway": "motorway", "lanes": "4", "layer": "3", "maxspeed": "50 mph", "oneway": "yes", "ref": "I 405", "source:hgv:national_network": "https://www.ecfr.gov/current/title-23/chapter-I/subchapter-G/part-658;https://hepgis-usdot.hub.arcgis.com/apps/usdot::national-network-conventional-combination-trucks-map", "surface": "asphalt", "turn:lanes": "none|none|through;slight_right|slight_right"}, "geometry": {"type": "LineString", "coordinates": [[-122.6871059, 45.5303508], [-122.6870673, 45.529841], [-122.687039, 45.5289534]]}}, {"type": "Feature", "properties": {"osm_id": 833090883, "bicycle": "no", "bridge": "yes", "description": "Stadium Freeway Highway #61", "foot": "no", "hgv": "designated", "hgv:national_network": "yes", "highway": "motorway", "lanes": "3", "layer": "3", "maxspeed": "50 mph", "oneway": "yes", "ref": "I 405", "source:hgv:national_network": "https://www.ecfr.gov/current/title-23/chapter-I/subchapter-G/part-658;https://hepgis-usdot.hub.arcgis.com/apps/usdot::national-network-conventional-combination-trucks-map", "surface": "asphalt"}, "geometry": {"type": "LineString", "coordinates": [[-122.687039, 45.5289534], [-122.6870129, 45.5283262]]}}, {"type": "Feature", "properties": {"osm_id": 837830284, "NHS": "yes", "RLIS:bicycle": "caution_area", "alt_name": "Highway 99E", "bicycle": "yes", "destination": "Oregon City", "destination:ref": "US 26", "embedded_rails": "tram", "hgv": "designated", "hgv:national_network": "yes", "highway": "trunk", "lanes": "4", "lanes:bus": "1", "maxspeed": "30 mph", "name": "Southeast Martin Luther King Junior Boulevard", "name:etymology": "Martin Luther King Junior", "name:etymology:wikidata": "Q8027", "name:etymology:wikipedia": "en:Martin Luther King Jr.", "old_name": "Southeast Union Avenue", "oneway": "yes", "ref": "OR 99E", "short_name": "SE MLK Jr Blvd", "sidewalk": "both", "surface": "asphalt"}, "geometry": {"type": "LineString", "coordinates": [[-122.6618302, 45.5126332], [-122.6618332, 45.5124567], [-122.6618308, 45.5123643]]}}, {"type": "Feature", "properties": {"osm_id": 842282322, "bicycle": "no", "change:lanes": "yes|yes|not_right|no", "destination:lanes": "|||Johnson Creek Boulevard", "hgv": "designated", "hgv:national_network": "yes", "highway": "motorway", "lanes": "4", "maxheight": "default", "maxspeed": "55 mph", "oneway": "yes", "placement": "right_of:1", "ref": "I 205", "source:hgv:national_network": "https://www.ecfr.gov/current/title-23/chapter-I/subchapter-G/part-658;https://hepgis-usdot.hub.arcgis.com/apps/usdot::national-network-conventional-combination-trucks-map", "surface": "asphalt", "turn:lanes": "through|through|through|slight_right"}, "geometry": {"type": "LineString", "coordinates": [[-122.5720151, 45.4509258], [-122.5721146, 45.4512106], [-122.5723216, 45.4518777]]}}, {"type": "Feature", "properties": {"osm_id": 842282323, "bicycle": "no", "hgv": "designated", "hgv:national_network": "yes", "highway": "motorway", "lanes": "4", "maxspeed": "55 mph", "oneway": "yes", "placement": "right_of:1", "ref": "I 205", "source:hgv:national_network": "https://www.ecfr.gov/current/title-23/chapter-I/subchapter-G/part-658;https://hepgis-usdot.hub.arcgis.com/apps/usdot::national-network-conventional-combination-trucks-map", "surface": "asphalt"}, "geometry": {"type": "LineString", "coordinates": [[-122.5685685, 45.441019], [-122.5689318, 45.4420672], [-122.5693735, 45.4433334], [-122.5695077, 45.4437259], [-122.569715, 45.4443109], [-122.569952, 45.4449874], [-122.5701686, 45.4456128], [-122.5703916, 45.4462695], [-122.5705712, 45.4467821], [-122.570799, 45.4474269], [-122.5709444, 45.4478406], [-122.5712389, 45.448708], [-122.5715443, 45.4495584], [-122.5718352, 45.4504109], [-122.5720151, 45.4509258]]}}, {"type": "Feature", "properties": {"osm_id": 842282324, "bicycle": "no", "hgv": "designated", "hgv:national_network": "yes", "highway": "motorway", "lanes": "5", "maxspeed": "55 mph", "oneway": "yes", "placement": "right_of:1", "ref": "I 205", "source:hgv:national_network": "https://www.ecfr.gov/current/title-23/chapter-I/subchapter-G/part-658;https://hepgis-usdot.hub.arcgis.com/apps/usdot::national-network-conventional-combination-trucks-map", "surface": "asphalt", "turn:lanes": "through|through|through|through|merge_to_left"}, "geometry": {"type": "LineString", "coordinates": [[-122.5683569, 45.440485], [-122.5685685, 45.441019]]}}, {"type": "Feature", "properties": {"osm_id": 842282329, "bicycle": "no", "hgv": "designated", "hgv:national_network": "yes", "highway": "motorway", "lanes": "4", "maxheight": "default", "maxspeed": "55 mph", "oneway": "yes", "placement": "right_of:1", "ref": "I 205", "source:hgv:national_network": "https://www.ecfr.gov/current/title-23/chapter-I/subchapter-G/part-658;https://hepgis-usdot.hub.arcgis.com/apps/usdot::national-network-conventional-combination-trucks-map", "surface": "asphalt"}, "geometry": {"type": "LineString", "coordinates": [[-122.5657709, 45.4329745], [-122.56613, 45.4340165], [-122.5663251, 45.4345823], [-122.566926, 45.4363152], [-122.567237, 45.4372012], [-122.5674275, 45.4377451], [-122.5676125, 45.4382693], [-122.567874, 45.4390268], [-122.5681369, 45.4397824], [-122.5683569, 45.440485]]}}, {"type": "Feature", "properties": {"osm_id": 842282330, "bicycle": "no", "hgv": "designated", "hgv:national_network": "yes", "highway": "motorway", "lanes": "3", "maxheight": "default", "maxspeed": "55 mph", "oneway": "yes", "placement": "right_of:1", "ref": "I 205", "source:hgv:national_network": "https://www.ecfr.gov/current/title-23/chapter-I/subchapter-G/part-658;https://hepgis-usdot.hub.arcgis.com/apps/usdot::national-network-conventional-combination-trucks-map", "surface": "asphalt"}, "geometry": {"type": "LineString", "coordinates": [[-122.568612, 45.4249505], [-122.567475, 45.426302], [-122.5669361, 45.4269526], [-122.5666803, 45.4272849], [-122.566423, 45.4276432], [-122.5663, 45.427847], [-122.5661185, 45.4281806], [-122.5659174, 45.4285994], [-122.5657538, 45.4290314], [-122.565684, 45.4292573], [-122.565562, 45.4296705], [-122.5654842, 45.4300639], [-122.5654359, 45.4304131], [-122.5654238, 45.4306069], [-122.5654091, 45.4308855], [-122.5654171, 45.4312319], [-122.565452, 45.431661], [-122.5655271, 45.4320968], [-122.5655875, 45.4323763], [-122.5657709, 45.4329745]]}}, {"type": "Feature", "properties": {"osm_id": 842282332, "bicycle": "no", "destination:lanes": "none|none|none;Sunnybrook Boulevard;Sunnyside Road|Sunnybrook Boulevard;Sunnyside Road", "hgv": "designated", "hgv:national_network": "yes", "highway": "motorway", "lanes": "4", "maxspeed": "55 mph", "oneway": "yes", "placement": "right_of:1", "ref": "I 205", "source:hgv:national_network": "https://www.ecfr.gov/current/title-23/chapter-I/subchapter-G/part-658;https://hepgis-usdot.hub.arcgis.com/apps/usdot::national-network-conventional-combination-trucks-map", "surface": "asphalt", "turn:lanes": "none|none|through;slight_right|slight_right"}, "geometry": {"type": "LineString", "coordinates": [[-122.5706366, 45.4225587], [-122.5696016, 45.4238004], [-122.568612, 45.4249505]]}}, {"type": "Feature", "properties": {"osm_id": 842282336, "bicycle": "no", "hgv": "designated", "hgv:national_network": "yes", "highway": "motorway", "lanes": "4", "maxspeed": "55 mph", "oneway": "yes", "ref": "I 205", "source:hgv:national_network": "https://www.ecfr.gov/current/title-23/chapter-I/subchapter-G/part-658;https://hepgis-usdot.hub.arcgis.com/apps/usdot::national-network-conventional-combination-trucks-map", "surface": "asphalt"}, "geometry": {"type": "LineString", "coordinates": [[-122.5721359, 45.4208204], [-122.5712439, 45.4218539]]}}, {"type": "Feature", "properties": {"osm_id": 842282337, "bicycle": "no", "hgv": "designated", "hgv:national_network": "yes", "highway": "motorway", "lanes": "4", "maxheight:signed": "no", "maxspeed": "55 mph", "oneway": "yes", "placement": "right_of:1", "ref": "I 205", "source:hgv:national_network": "https://www.ecfr.gov/current/title-23/chapter-I/subchapter-G/part-658;https://hepgis-usdot.hub.arcgis.com/apps/usdot::national-network-conventional-combination-trucks-map", "surface": "asphalt"}, "geometry": {"type": "LineString", "coordinates": [[-122.5723792, 45.4205402], [-122.5721359, 45.4208204]]}}, {"type": "Feature", "properties": {"osm_id": 842282361, "bicycle": "no", "hgv": "designated", "hgv:national_network": "yes", "highway": "motorway", "lanes": "3", "maxheight:signed": "no", "maxspeed": "55 mph", "oneway": "yes", "placement": "right_of:1", "ref": "I 205", "source:hgv:national_network": "https://www.ecfr.gov/current/title-23/chapter-I/subchapter-G/part-658;https://hepgis-usdot.hub.arcgis.com/apps/usdot::national-network-conventional-combination-trucks-map"}, "geometry": {"type": "LineString", "coordinates": [[-122.5907163, 45.3722541], [-122.5897725, 45.3729604], [-122.5891907, 45.3733893], [-122.5875643, 45.3745328], [-122.5858366, 45.3757565], [-122.5841126, 45.3769788]]}}, {"type": "Feature", "properties": {"osm_id": 842282363, "bicycle": "no", "bridge": "yes", "hgv": "designated", "hgv:national_network": "yes", "highway": "motorway", "lanes": "3", "layer": "1", "maxspeed": "55 mph", "oneway": "yes", "placement": "right_of:1", "ref": "I 205", "source:hgv:national_network": "https://www.ecfr.gov/current/title-23/chapter-I/subchapter-G/part-658;https://hepgis-usdot.hub.arcgis.com/apps/usdot::national-network-conventional-combination-trucks-map"}, "geometry": {"type": "LineString", "coordinates": [[-122.5965587, 45.3667822], [-122.5963465, 45.3668777]]}}, {"type": "Feature", "properties": {"osm_id": 842282371, "bicycle": "no", "bridge": "yes", "change:lanes": "yes|not_right|no", "destination:lanes": "none|Oregon City;Molalla|Downtown;Oregon City;Gladstone", "hgv": "designated", "hgv:national_network": "yes", "highway": "motorway", "lanes": "3", "layer": "1", "maxspeed": "55 mph", "name": "Abernethy Bridge", "oneway": "yes", "placement": "right_of:1", "ref": "I 205", "source:hgv:national_network": "https://www.ecfr.gov/current/title-23/chapter-I/subchapter-G/part-658;https://hepgis-usdot.hub.arcgis.com/apps/usdot::national-network-conventional-combination-trucks-map", "turn:lanes": "through|through|slight_right"}, "geometry": {"type": "LineString", "coordinates": [[-122.6018071, 45.3650665], [-122.6009059, 45.3653224]]}}, {"type": "Feature", "properties": {"osm_id": 842282374, "bicycle": "no", "bridge": "yes", "hgv": "designated", "hgv:national_network": "yes", "highway": "motorway", "lanes": "3", "layer": "1", "maxspeed": "55 mph", "name": "Abernethy Bridge", "oneway": "yes", "placement": "right_of:1", "ref": "I 205", "source:hgv:national_network": "https://www.ecfr.gov/current/title-23/chapter-I/subchapter-G/part-658;https://hepgis-usdot.hub.arcgis.com/apps/usdot::national-network-conventional-combination-trucks-map", "turn:lanes": "through|through|merge_to_left"}, "geometry": {"type": "LineString", "coordinates": [[-122.6094461, 45.362915], [-122.6089315, 45.3630751]]}}, {"type": "Feature", "properties": {"osm_id": 842282379, "bicycle": "yes", "hgv": "designated", "hgv:national_network": "yes", "highway": "motorway", "lanes": "3", "maxspeed": "55 mph", "oneway": "yes", "placement": "right_of:1", "ref": "I 205", "source:hgv:national_network": "https://www.ecfr.gov/current/title-23/chapter-I/subchapter-G/part-658;https://hepgis-usdot.hub.arcgis.com/apps/usdot::national-network-conventional-combination-trucks-map", "surface": "asphalt", "turn:lanes": "through|through|merge_to_left"}, "geometry": {"type": "LineString", "coordinates": [[-122.6226853, 45.3543014], [-122.6219058, 45.3547794]]}}, {"type": "Feature", "properties": {"osm_id": 842282380, "bicycle": "yes", "destination:lanes": "|none;West Linn;Lake Oswego", "hgv": "designated", "hgv:national_network": "yes", "highway": "motorway", "lanes": "2", "maxheight:signed": "no", "maxspeed": "55 mph", "oneway": "yes", "ref": "I 205", "source:hgv:national_network": "https://www.ecfr.gov/current/title-23/chapter-I/subchapter-G/part-658;https://hepgis-usdot.hub.arcgis.com/apps/usdot::national-network-conventional-combination-trucks-map", "surface": "asphalt", "turn:lanes": "through|through;slight_right"}, "geometry": {"type": "LineString", "coordinates": [[-122.6219058, 45.3547794], [-122.6203555, 45.3557302], [-122.6195544, 45.3562206], [-122.6190774, 45.3565151], [-122.618722, 45.3567348], [-122.6181523, 45.3570897], [-122.617703, 45.357386], [-122.617261, 45.3576846], [-122.616529, 45.3582198], [-122.6159837, 45.35867], [-122.6154792, 45.3590917], [-122.6150071, 45.3595131], [-122.6149351, 45.3595743]]}}, {"type": "Feature", "properties": {"osm_id": 842282383, "bicycle": "yes", "destination:lanes": "none|none;View Point", "hgv": "designated", "hgv:national_network": "yes", "highway": "motorway", "lanes": "2", "maxspeed": "55 mph", "oneway": "yes", "ref": "I 205", "source:hgv:national_network": "https://www.ecfr.gov/current/title-23/chapter-I/subchapter-G/part-658;https://hepgis-usdot.hub.arcgis.com/apps/usdot::national-network-conventional-combination-trucks-map", "surface": "asphalt", "turn:lanes": "through|through;slight_right"}, "geometry": {"type": "LineString", "coordinates": [[-122.6425758, 45.3485388], [-122.6420546, 45.3485883], [-122.6414967, 45.3486317], [-122.6408972, 45.3486703], [-122.6399075, 45.348724], [-122.6389673, 45.3487787], [-122.6377389, 45.3488597], [-122.636831, 45.3489295], [-122.6360236, 45.3490077], [-122.6352806, 45.3490982], [-122.6346919, 45.3491811], [-122.6340616, 45.3492886], [-122.6333857, 45.3494158], [-122.6329605, 45.349512], [-122.6324295, 45.3496364], [-122.631724, 45.349822], [-122.6311299, 45.3499983], [-122.6306444, 45.35015], [-122.6301556, 45.3503179]]}}, {"type": "Feature", "properties": {"osm_id": 842282390, "bicycle": "yes", "destination:lanes": "none|none;10th Street", "hgv": "designated", "hgv:national_network": "yes", "highway": "motorway", "lanes": "2", "maxspeed": "55 mph", "oneway": "yes", "ref": "I 205", "source:hgv:national_network": "https://www.ecfr.gov/current/title-23/chapter-I/subchapter-G/part-658;https://hepgis-usdot.hub.arcgis.com/apps/usdot::national-network-conventional-combination-trucks-map", "surface": "asphalt", "turn:lanes": "through|through;slight_right"}, "geometry": {"type": "LineString", "coordinates": [[-122.6590778, 45.3500415], [-122.6585734, 45.3497266], [-122.6580097, 45.3493951], [-122.6573116, 45.3490227]]}}, {"type": "Feature", "properties": {"osm_id": 842282391, "bicycle": "yes", "hgv": "designated", "hgv:national_network": "yes", "highway": "motorway", "lanes": "3", "maxspeed": "65 mph", "maxspeed:hgv": "60 mph", "oneway": "yes", "placement": "right_of:1", "ref": "I 205", "source:hgv:national_network": "https://www.ecfr.gov/current/title-23/chapter-I/subchapter-G/part-658;https://hepgis-usdot.hub.arcgis.com/apps/usdot::national-network-conventional-combination-trucks-map", "surface": "asphalt", "turn:lanes": "through|through|merge_to_left"}, "geometry": {"type": "LineString", "coordinates": [[-122.6988635, 45.3680495], [-122.6978729, 45.3678352]]}}, {"type": "Feature", "properties": {"osm_id": 842282392, "bicycle": "yes", "hgv": "designated", "hgv:national_network": "yes", "highway": "motorway", "lanes": "2", "maxspeed": "65 mph", "maxspeed:hgv": "60 mph", "oneway": "yes", "ref": "I 205", "source:hgv:national_network": "https://www.ecfr.gov/current/title-23/chapter-I/subchapter-G/part-658;https://hepgis-usdot.hub.arcgis.com/apps/usdot::national-network-conventional-combination-trucks-map", "surface": "asphalt"}, "geometry": {"type": "LineString", "coordinates": [[-122.6978729, 45.3678352], [-122.69588, 45.367435], [-122.694246, 45.367132], [-122.693952, 45.367078], [-122.6938428, 45.3670581]]}}, {"type": "Feature", "properties": {"osm_id": 842282397, "bicycle": "yes", "change:lanes": "yes|not_right|no", "destination:lanes": "none|none|Stafford Road;Lake Oswego", "foot": "no", "hgv": "designated", "hgv:national_network": "yes", "highway": "motorway", "lanes": "3", "maxspeed": "65 mph", "maxspeed:hgv": "60 mph", "oneway": "yes", "placement": "right_of:1", "ref": "I 205", "source:hgv:national_network": "https://www.ecfr.gov/current/title-23/chapter-I/subchapter-G/part-658;https://hepgis-usdot.hub.arcgis.com/apps/usdot::national-network-conventional-combination-trucks-map", "surface": "asphalt", "turn:lanes": "through|through|slight_right"}, "geometry": {"type": "LineString", "coordinates": [[-122.7136253, 45.3719249], [-122.7128863, 45.3717657], [-122.7123234, 45.371647]]}}, {"type": "Feature", "properties": {"osm_id": 842282398, "bicycle": "yes", "hgv": "designated", "hgv:national_network": "yes", "highway": "motorway", "lanes": "4", "maxspeed": "55 mph", "noname": "yes", "official_name": "Pacific Highway #1;Korean War Veterans Memorial Highway;Purple Heart Trail", "old_name": "Robert Hugh Baldock Freeway;West Portland-Hubbard Highway #51", "old_ref": "US 99", "oneway": "yes", "placement": "middle_of:2", "ref": "I 5", "source:hgv:national_network": "https://www.ecfr.gov/current/title-23/chapter-I/subchapter-G/part-658;https://hepgis-usdot.hub.arcgis.com/apps/usdot::national-network-conventional-combination-trucks-map", "surface": "asphalt", "turn:lanes": "through|through|through|merge_to_left"}, "geometry": {"type": "LineString", "coordinates": [[-122.7557582, 45.3750251], [-122.7563791, 45.3734927]]}}, {"type": "Feature", "properties": {"osm_id": 842282399, "bicycle": "yes", "hgv": "designated", "hgv:national_network": "yes", "highway": "motorway", "lanes": "4", "maxspeed": "65 mph", "maxspeed:hgv": "60 mph", "oneway": "yes", "placement": "right_of:1", "ref": "I 205", "source:hgv:national_network": "https://www.ecfr.gov/current/title-23/chapter-I/subchapter-G/part-658;https://hepgis-usdot.hub.arcgis.com/apps/usdot::national-network-conventional-combination-trucks-map", "surface": "asphalt", "turn:lanes": "through|through|through|merge_to_left"}, "geometry": {"type": "LineString", "coordinates": [[-122.7468258, 45.3709733], [-122.7448794, 45.3715162]]}}, {"type": "Feature", "properties": {"osm_id": 842282402, "bicycle": "yes", "bus:lanes": "yes|yes|yes|designated", "hgv": "designated", "hgv:national_network": "yes", "highway": "motorway", "lanes": "4", "maxspeed": "55 mph", "noname": "yes", "official_name": "Pacific Highway #1;Korean War Veterans Memorial Highway;Purple Heart Trail", "old_name": "Robert Hugh Baldock Freeway;West Portland-Hubbard Highway #51", "old_ref": "US 99", "oneway": "yes", "placement": "middle_of:2", "ref": "I 5", "source:hgv:national_network": "https://www.ecfr.gov/current/title-23/chapter-I/subchapter-G/part-658;https://hepgis-usdot.hub.arcgis.com/apps/usdot::national-network-conventional-combination-trucks-map", "surface": "asphalt", "vehicle:lanes": "yes|yes|yes|no"}, "geometry": {"type": "LineString", "coordinates": [[-122.7563791, 45.3734927], [-122.7578042, 45.3700019]]}}, {"type": "Feature", "properties": {"osm_id": 842282404, "bicycle": "yes", "bus:lanes": "yes|yes|yes|designated", "hgv": "designated", "hgv:national_network": "yes", "highway": "motorway", "lanes": "4", "maxspeed": "65 mph", "maxspeed:hgv": "60 mph", "noname": "yes", "official_name": "Pacific Highway #1;Korean War Veterans Memorial Highway;Purple Heart Trail", "old_name": "Robert Hugh Baldock Freeway;West Portland-Hubbard Highway #51", "old_ref": "US 99", "oneway": "yes", "placement": "middle_of:2", "ref": "I 5", "source:hgv:national_network": "https://www.ecfr.gov/current/title-23/chapter-I/subchapter-G/part-658;https://hepgis-usdot.hub.arcgis.com/apps/usdot::national-network-conventional-combination-trucks-map", "surface": "asphalt", "vehicle:lanes": "yes|yes|yes|no"}, "geometry": {"type": "LineString", "coordinates": [[-122.7588884, 45.366182], [-122.7579966, 45.3684013]]}}, {"type": "Feature", "properties": {"osm_id": 842501271, "bicycle": "yes", "hgv": "designated", "hgv:national_network": "yes", "highway": "motorway", "lanes": "2", "maxheight:signed": "no", "maxspeed": "60 mph", "oneway": "yes", "ref": "I 205", "source:hgv:national_network": "https://www.ecfr.gov/current/title-23/chapter-I/subchapter-G/part-658;https://hepgis-usdot.hub.arcgis.com/apps/usdot::national-network-conventional-combination-trucks-map", "surface": "asphalt"}, "geometry": {"type": "LineString", "coordinates": [[-122.5871846, 45.6794861], [-122.5876338, 45.6798699], [-122.587907, 45.6801033], [-122.5883567, 45.6804437], [-122.5886457, 45.6806489], [-122.5889455, 45.680855], [-122.5894137, 45.6811471], [-122.5899352, 45.6814509], [-122.5904153, 45.6817011], [-122.5909182, 45.6819541], [-122.5915867, 45.6822511], [-122.5925477, 45.6826839], [-122.5940886, 45.6833717], [-122.5950368, 45.6838073], [-122.5954002, 45.6839853], [-122.5960064, 45.6842926], [-122.596563, 45.684585], [-122.5970337, 45.6848464], [-122.5975622, 45.6851495], [-122.5978692, 45.6853354], [-122.5982135, 45.6855509], [-122.5988457, 45.6859524]]}}, {"type": "Feature", "properties": {"osm_id": 842501277, "bicycle": "yes", "destination:lanes": "|none;Padden Parkway;Battle Ground", "hgv": "designated", "hgv:national_network": "yes", "highway": "motorway", "lanes": "2", "maxheight:signed": "no", "maxspeed": "60 mph", "oneway": "yes", "ref": "I 205", "source:hgv:national_network": "https://www.ecfr.gov/current/title-23/chapter-I/subchapter-G/part-658;https://hepgis-usdot.hub.arcgis.com/apps/usdot::national-network-conventional-combination-trucks-map", "turn:lanes": "through|through;slight_right"}, "geometry": {"type": "LineString", "coordinates": [[-122.5784013, 45.6659984], [-122.5792964, 45.6674687], [-122.5797145, 45.6681498], [-122.5801435, 45.6688444], [-122.581864, 45.6716546], [-122.5835885, 45.6744575], [-122.5843816, 45.6757525], [-122.5851697, 45.6770403], [-122.5853902, 45.6773881], [-122.5856205, 45.6777293], [-122.5860014, 45.6782365], [-122.5863575, 45.6786474], [-122.5868079, 45.6791272], [-122.5871846, 45.6794861]]}}, {"type": "Feature", "properties": {"osm_id": 842501285, "bicycle": "yes", "hgv": "designated", "hgv:national_network": "yes", "highway": "motorway", "lanes": "3", "maxspeed": "60 mph", "oneway": "yes", "placement": "right_of:1", "ref": "I 205", "source:hgv:national_network": "https://www.ecfr.gov/current/title-23/chapter-I/subchapter-G/part-658;https://hepgis-usdot.hub.arcgis.com/apps/usdot::national-network-conventional-combination-trucks-map", "turn:lanes": "through|through|merge_to_left"}, "geometry": {"type": "LineString", "coordinates": [[-122.5768033, 45.6636147], [-122.5771062, 45.6640142], [-122.5773107, 45.6642959], [-122.5776339, 45.6647724], [-122.5778934, 45.6651689], [-122.5782233, 45.665705], [-122.5784013, 45.6659984]]}}, {"type": "Feature", "properties": {"osm_id": 842501286, "bicycle": "yes", "hgv": "designated", "hgv:national_network": "yes", "highway": "motorway", "lanes": "2", "maxheight:signed": "no", "maxspeed": "60 mph", "oneway": "yes", "placement": "right_of:1", "ref": "I 205", "source:hgv:national_network": "https://www.ecfr.gov/current/title-23/chapter-I/subchapter-G/part-658;https://hepgis-usdot.hub.arcgis.com/apps/usdot::national-network-conventional-combination-trucks-map"}, "geometry": {"type": "LineString", "coordinates": [[-122.5715393, 45.6578374], [-122.5720596, 45.6583886], [-122.5725512, 45.6589223], [-122.5743543, 45.6608603], [-122.5750919, 45.6616514], [-122.5758778, 45.6624949], [-122.5761808, 45.6628483], [-122.5764987, 45.6632241], [-122.5768033, 45.6636147]]}}, {"type": "Feature", "properties": {"osm_id": 842501296, "bicycle": "yes", "change:lanes": "yes|yes|not_right|no", "destination:lanes": "Seattle|Seattle|none|Northeast 112th Avenue", "hgv": "designated", "hgv:national_network": "yes", "highway": "motorway", "lanes": "4", "maxspeed": "60 mph", "oneway": "yes", "placement": "right_of:1", "ref": "I 205", "source:hgv:national_network": "https://www.ecfr.gov/current/title-23/chapter-I/subchapter-G/part-658;https://hepgis-usdot.hub.arcgis.com/apps/usdot::national-network-conventional-combination-trucks-map", "turn:lanes": "through|through|through;slight_right|slight_right"}, "geometry": {"type": "LineString", "coordinates": [[-122.5660849, 45.649756], [-122.566274, 45.6503068]]}}, {"type": "Feature", "properties": {"osm_id": 842501297, "bicycle": "yes", "hgv": "designated", "hgv:national_network": "yes", "highway": "motorway", "lanes": "4", "maxspeed": "60 mph", "oneway": "yes", "placement": "right_of:1", "ref": "I 205", "source:hgv:national_network": "https://www.ecfr.gov/current/title-23/chapter-I/subchapter-G/part-658;https://hepgis-usdot.hub.arcgis.com/apps/usdot::national-network-conventional-combination-trucks-map"}, "geometry": {"type": "LineString", "coordinates": [[-122.5647995, 45.6463992], [-122.565155, 45.6473399], [-122.5654732, 45.6481636], [-122.5660849, 45.649756]]}}, {"type": "Feature", "properties": {"osm_id": 842501298, "bicycle": "yes", "change:lanes": "yes|yes|not_right|no", "hgv": "designated", "hgv:national_network": "yes", "highway": "motorway", "lanes": "4", "maxheight:signed": "no", "maxspeed": "60 mph", "oneway": "yes", "placement": "right_of:1", "ref": "I 205", "source:hgv:national_network": "https://www.ecfr.gov/current/title-23/chapter-I/subchapter-G/part-658;https://hepgis-usdot.hub.arcgis.com/apps/usdot::national-network-conventional-combination-trucks-map"}, "geometry": {"type": "LineString", "coordinates": [[-122.5592387, 45.6277035], [-122.5592711, 45.6288564]]}}, {"type": "Feature", "properties": {"osm_id": 842501299, "bicycle": "yes", "hgv": "designated", "hgv:national_network": "yes", "highway": "motorway", "lanes": "3", "maxheight:signed": "no", "maxspeed": "60 mph", "oneway": "yes", "placement": "right_of:1", "ref": "I 205", "source:hgv:national_network": "https://www.ecfr.gov/current/title-23/chapter-I/subchapter-G/part-658;https://hepgis-usdot.hub.arcgis.com/apps/usdot::national-network-conventional-combination-trucks-map"}, "geometry": {"type": "LineString", "coordinates": [[-122.559806, 45.6332396], [-122.5599012, 45.6335537], [-122.560013, 45.6338647], [-122.5602092, 45.6343989], [-122.5604107, 45.6349279], [-122.5611109, 45.636748], [-122.5614837, 45.6377313], [-122.5618052, 45.6385772], [-122.5618581, 45.6387185], [-122.5624587, 45.6402818], [-122.5630544, 45.641838]]}}, {"type": "Feature", "properties": {"osm_id": 842501300, "bicycle": "yes", "hgv": "designated", "hgv:national_network": "yes", "highway": "motorway", "lanes": "3", "maxspeed": "60 mph", "oneway": "yes", "placement": "right_of:1", "ref": "I 205", "source:hgv:national_network": "https://www.ecfr.gov/current/title-23/chapter-I/subchapter-G/part-658;https://hepgis-usdot.hub.arcgis.com/apps/usdot::national-network-conventional-combination-trucks-map"}, "geometry": {"type": "LineString", "coordinates": [[-122.5590886, 45.622376], [-122.5591346, 45.6239625], [-122.5592387, 45.6277035]]}}, {"type": "Feature", "properties": {"osm_id": 842501304, "bicycle": "yes", "change:lanes": "yes|yes|not_right|no", "destination:lanes": "none|none|none|Northeast 18th Street", "hgv": "designated", "hgv:national_network": "yes", "highway": "motorway", "lanes": "4", "maxspeed": "60 mph", "oneway": "yes", "placement": "right_of:1", "ref": "I 205", "source:hgv:national_network": "https://www.ecfr.gov/current/title-23/chapter-I/subchapter-G/part-658;https://hepgis-usdot.hub.arcgis.com/apps/usdot::national-network-conventional-combination-trucks-map", "turn:lanes": "through|through|through|slight_right"}, "geometry": {"type": "LineString", "coordinates": [[-122.5589996, 45.6211466], [-122.5590268, 45.6213005], [-122.559059, 45.6215754], [-122.5590737, 45.6218286], [-122.5590886, 45.622376]]}}, {"type": "Feature", "properties": {"osm_id": 842501310, "bicycle": "yes", "change:lanes": "yes|yes|yes|not_right|no", "destination:lanes": "Seattle|Seattle|none|Northeast 18th Street;Mill Plain Boulevard;Northeast 112th Avenue|Mill Plain Boulevard;Northeast 112th Avenue", "hgv": "designated", "hgv:national_network": "yes", "highway": "motorway", "lanes": "5", "maxheight:signed": "no", "maxspeed": "60 mph", "oneway": "yes", "placement": "right_of:1", "ref": "I 205", "source:hgv:national_network": "https://www.ecfr.gov/current/title-23/chapter-I/subchapter-G/part-658;https://hepgis-usdot.hub.arcgis.com/apps/usdot::national-network-conventional-combination-trucks-map", "turn:lanes": "through|through|through|through;slight_right|slight_right"}, "geometry": {"type": "LineString", "coordinates": [[-122.5539306, 45.6141181], [-122.5541814, 45.6144239], [-122.5553488, 45.615672]]}}, {"type": "Feature", "properties": {"osm_id": 842501331, "bicycle": "no", "bridge": "yes", "destination:lanes": "none|none|none|none;Vancouver;Camas|Vancouver;Camas", "hgv": "designated", "hgv:national_network": "yes", "highway": "motorway", "lanes": "5", "layer": "1", "maxspeed": "55 mph", "name": "Glenn L. Jackson Memorial Bridge", "oneway": "yes", "placement": "right_of:1", "ref": "I 205", "source:hgv:national_network": "https://www.ecfr.gov/current/title-23/chapter-I/subchapter-G/part-658;https://hepgis-usdot.hub.arcgis.com/apps/usdot::national-network-conventional-combination-trucks-map", "turn:lanes": "through|through|through|through;slight_right|slight_right"}, "geometry": {"type": "LineString", "coordinates": [[-122.5512027, 45.6025895], [-122.5512458, 45.6029302]]}}, {"type": "Feature", "properties": {"osm_id": 842501336, "bicycle": "no", "destination:lanes": "||none;Airport Way East", "hgv": "designated", "hgv:national_network": "yes", "highway": "motorway", "lanes": "3", "maxspeed": "55 mph", "oneway": "yes", "placement": "right_of:1", "ref": "I 205", "source:hgv:national_network": "https://www.ecfr.gov/current/title-23/chapter-I/subchapter-G/part-658;https://hepgis-usdot.hub.arcgis.com/apps/usdot::national-network-conventional-combination-trucks-map", "surface": "asphalt", "turn:lanes": "through|through|through;slight_right"}, "geometry": {"type": "LineString", "coordinates": [[-122.554556, 45.5671552], [-122.5522609, 45.5689078], [-122.5518648, 45.5692074]]}}, {"type": "Feature", "properties": {"osm_id": 842501340, "bicycle": "no", "bridge": "yes", "hgv": "designated", "hgv:national_network": "yes", "highway": "motorway", "lanes": "3", "layer": "1", "maxspeed": "55 mph", "oneway": "yes", "placement": "right_of:1", "ref": "I 205", "source:hgv:national_network": "https://www.ecfr.gov/current/title-23/chapter-I/subchapter-G/part-658;https://hepgis-usdot.hub.arcgis.com/apps/usdot::national-network-conventional-combination-trucks-map"}, "geometry": {"type": "LineString", "coordinates": [[-122.554673, 45.5670554], [-122.554556, 45.5671552]]}}, {"type": "Feature", "properties": {"osm_id": 842501341, "bicycle": "no", "change:lanes": "yes|yes|not_right|no", "hgv": "designated", "hgv:national_network": "yes", "highway": "motorway", "lanes": "4", "maxspeed": "55 mph", "oneway": "yes", "placement": "right_of:1", "ref": "I 205", "source:hgv:national_network": "https://www.ecfr.gov/current/title-23/chapter-I/subchapter-G/part-658;https://hepgis-usdot.hub.arcgis.com/apps/usdot::national-network-conventional-combination-trucks-map", "surface": "asphalt"}, "geometry": {"type": "LineString", "coordinates": [[-122.5559032, 45.5661344], [-122.5555226, 45.5664228]]}}, {"type": "Feature", "properties": {"osm_id": 842501346, "bicycle": "no", "hgv": "designated", "hgv:national_network": "yes", "highway": "motorway", "lanes": "3", "maxheight:signed": "no", "maxspeed": "55 mph", "oneway": "yes", "placement": "right_of:1", "ref": "I 205", "source:hgv:national_network": "https://www.ecfr.gov/current/title-23/chapter-I/subchapter-G/part-658;https://hepgis-usdot.hub.arcgis.com/apps/usdot::national-network-conventional-combination-trucks-map", "surface": "asphalt"}, "geometry": {"type": "LineString", "coordinates": [[-122.5651065, 45.559149], [-122.5647631, 45.5594649], [-122.5641519, 45.5599376], [-122.5633726, 45.560515], [-122.5616625, 45.5617853], [-122.5598267, 45.5631713], [-122.5585565, 45.5641307]]}}, {"type": "Feature", "properties": {"osm_id": 842501349, "bicycle": "no", "hgv": "designated", "hgv:national_network": "yes", "highway": "motorway", "lanes": "5", "lit": "yes", "maxspeed": "55 mph", "oneway": "yes", "placement": "right_of:1", "ref": "I 205", "source:hgv:national_network": "https://www.ecfr.gov/current/title-23/chapter-I/subchapter-G/part-658;https://hepgis-usdot.hub.arcgis.com/apps/usdot::national-network-conventional-combination-trucks-map", "surface": "asphalt", "turn:lanes": "through|through|through|through|merge_to_left"}, "geometry": {"type": "LineString", "coordinates": [[-122.5617503, 45.5502347], [-122.5618476, 45.5503116], [-122.5621659, 45.5505548], [-122.5627822, 45.5509919]]}}, {"type": "Feature", "properties": {"osm_id": 842501353, "bicycle": "no", "hgv": "designated", "hgv:national_network": "yes", "highway": "motorway", "lanes": "4", "lit": "yes", "maxspeed": "55 mph", "oneway": "yes", "placement": "right_of:1", "ref": "I 205", "source:hgv:national_network": "https://www.ecfr.gov/current/title-23/chapter-I/subchapter-G/part-658;https://hepgis-usdot.hub.arcgis.com/apps/usdot::national-network-conventional-combination-trucks-map", "surface": "asphalt"}, "geometry": {"type": "LineString", "coordinates": [[-122.5601242, 45.5476436], [-122.5601721, 45.5478485], [-122.5602404, 45.5480857], [-122.5603411, 45.5483844], [-122.560482, 45.5486854], [-122.5606149, 45.5489319], [-122.5607341, 45.5491152], [-122.560942, 45.5494016], [-122.5611006, 45.5495882], [-122.5614791, 45.5499801], [-122.561622, 45.5501129], [-122.5617503, 45.5502347]]}}, {"type": "Feature", "properties": {"osm_id": 842501359, "bicycle": "no", "destination:lanes": "Portland;Airport;Seattle|Portland;Airport;Seattle|Portland;Airport;Seattle;The Dalles", "hgv": "designated", "hgv:national_network": "yes", "highway": "motorway", "lanes": "3", "maxheight:signed": "no", "maxspeed": "55 mph", "oneway": "yes", "placement": "right_of:1", "ref": "I 205", "source:hgv:national_network": "https://www.ecfr.gov/current/title-23/chapter-I/subchapter-G/part-658;https://hepgis-usdot.hub.arcgis.com/apps/usdot::national-network-conventional-combination-trucks-map", "surface": "asphalt", "turn:lanes": "through|through|through;slight_right"}, "geometry": {"type": "LineString", "coordinates": [[-122.5642976, 45.5338422], [-122.5641784, 45.5343104], [-122.5640579, 45.5347793], [-122.563832, 45.5356498], [-122.5635977, 45.5365676], [-122.563395, 45.537319], [-122.5631855, 45.5380629], [-122.5630004, 45.5386547], [-122.5628048, 45.5392765], [-122.5625989, 45.5399121], [-122.5623784, 45.5405552], [-122.5621921, 45.5410629], [-122.5618721, 45.5419137], [-122.5615959, 45.5425859]]}}, {"type": "Feature", "properties": {"osm_id": 842501371, "bicycle": "no", "destination:lanes": "Seattle|Seattle|Seattle|Portland", "hgv": "designated", "hgv:national_network": "yes", "highway": "motorway", "lanes": "4", "maxheight:signed": "no", "maxspeed": "55 mph", "oneway": "yes", "placement": "right_of:1", "ref": "I 205", "source:hgv:national_network": "https://www.ecfr.gov/current/title-23/chapter-I/subchapter-G/part-658;https://hepgis-usdot.hub.arcgis.com/apps/usdot::national-network-conventional-combination-trucks-map", "surface": "asphalt", "turn:lanes": "|||slight_right"}, "geometry": {"type": "LineString", "coordinates": [[-122.5652177, 45.5193737], [-122.5652093, 45.5205483], [-122.5651825, 45.522477], [-122.5651765, 45.5242596]]}}, {"type": "Feature", "properties": {"osm_id": 842501373, "bicycle": "no", "destination:lanes": "|||Portland;Glisan Street", "hgv": "designated", "hgv:national_network": "yes", "highway": "motorway", "lanes": "4", "maxheight": "default", "maxspeed": "55 mph", "oneway": "yes", "placement": "right_of:1", "ref": "I 205", "source:hgv:national_network": "https://www.ecfr.gov/current/title-23/chapter-I/subchapter-G/part-658;https://hepgis-usdot.hub.arcgis.com/apps/usdot::national-network-conventional-combination-trucks-map", "surface": "asphalt", "turn:lanes": "|||through;slight_right"}, "geometry": {"type": "LineString", "coordinates": [[-122.5652603, 45.5147914], [-122.5652794, 45.5150523], [-122.5652761, 45.5153318], [-122.5652732, 45.5161169], [-122.5652622, 45.5168293], [-122.5652374, 45.5178532], [-122.5652177, 45.5193737]]}}, {"type": "Feature", "properties": {"osm_id": 842501374, "bicycle": "no", "hgv": "designated", "hgv:national_network": "yes", "highway": "motorway", "lanes": "4", "maxspeed": "55 mph", "oneway": "yes", "placement": "right_of:1", "ref": "I 205", "source:hgv:national_network": "https://www.ecfr.gov/current/title-23/chapter-I/subchapter-G/part-658;https://hepgis-usdot.hub.arcgis.com/apps/usdot::national-network-conventional-combination-trucks-map", "surface": "asphalt"}, "geometry": {"type": "LineString", "coordinates": [[-122.565143, 45.504707], [-122.5651369, 45.5052764], [-122.565142, 45.5058521], [-122.5651478, 45.5063106], [-122.5651918, 45.5070029], [-122.5652199, 45.5075536], [-122.565243, 45.5079673], [-122.5652579, 45.5081958]]}}, {"type": "Feature", "properties": {"osm_id": 842501378, "bicycle": "no", "hgv": "designated", "hgv:national_network": "yes", "highway": "motorway", "lanes": "4", "maxspeed": "55 mph", "oneway": "yes", "placement": "right_of:1", "ref": "I 205", "source:hgv:national_network": "https://www.ecfr.gov/current/title-23/chapter-I/subchapter-G/part-658;https://hepgis-usdot.hub.arcgis.com/apps/usdot::national-network-conventional-combination-trucks-map", "surface": "asphalt"}, "geometry": {"type": "LineString", "coordinates": [[-122.5651663, 45.5031243], [-122.5651631, 45.5041428]]}}, {"type": "Feature", "properties": {"osm_id": 842501384, "bicycle": "no", "hgv": "designated", "hgv:national_network": "yes", "highway": "motorway", "lanes": "3", "maxspeed": "55 mph", "oneway": "yes", "placement": "right_of:1", "ref": "I 205", "source:hgv:national_network": "https://www.ecfr.gov/current/title-23/chapter-I/subchapter-G/part-658;https://hepgis-usdot.hub.arcgis.com/apps/usdot::national-network-conventional-combination-trucks-map", "surface": "asphalt"}, "geometry": {"type": "LineString", "coordinates": [[-122.5651901, 45.502015], [-122.5651794, 45.5029503], [-122.5651663, 45.5031243]]}}, {"type": "Feature", "properties": {"osm_id": 842501386, "bicycle": "no", "hgv": "designated", "hgv:national_network": "yes", "highway": "motorway", "lanes": "3", "maxspeed": "55 mph", "oneway": "yes", "placement": "right_of:1", "ref": "I 205", "source:hgv:national_network": "https://www.ecfr.gov/current/title-23/chapter-I/subchapter-G/part-658;https://hepgis-usdot.hub.arcgis.com/apps/usdot::national-network-conventional-combination-trucks-map", "surface": "asphalt"}, "geometry": {"type": "LineString", "coordinates": [[-122.5653276, 45.4940251], [-122.5653282, 45.4941911], [-122.5652615, 45.4956039], [-122.5652524, 45.4962957], [-122.5652621, 45.4970564]]}}, {"type": "Feature", "properties": {"osm_id": 842501387, "bicycle": "no", "hgv": "designated", "hgv:national_network": "yes", "highway": "motorway", "lanes": "4", "maxspeed": "55 mph", "oneway": "yes", "placement": "right_of:1", "ref": "I 205", "source:hgv:national_network": "https://www.ecfr.gov/current/title-23/chapter-I/subchapter-G/part-658;https://hepgis-usdot.hub.arcgis.com/apps/usdot::national-network-conventional-combination-trucks-map", "surface": "asphalt"}, "geometry": {"type": "LineString", "coordinates": [[-122.5657586, 45.4822956], [-122.5657876, 45.4825313]]}}, {"type": "Feature", "properties": {"osm_id": 842501391, "bicycle": "no", "destination:lanes": "none|none|none;Foster Road", "hgv": "designated", "hgv:national_network": "yes", "highway": "motorway", "lanes": "3", "maxspeed": "55 mph", "oneway": "yes", "placement": "right_of:1", "ref": "I 205", "source:hgv:national_network": "https://www.ecfr.gov/current/title-23/chapter-I/subchapter-G/part-658;https://hepgis-usdot.hub.arcgis.com/apps/usdot::national-network-conventional-combination-trucks-map", "turn:lanes": "through|through|through;slight_right"}, "geometry": {"type": "LineString", "coordinates": [[-122.565284, 45.4732698], [-122.5653479, 45.4739964]]}}, {"type": "Feature", "properties": {"osm_id": 842501396, "bicycle": "no", "hgv": "designated", "hgv:national_network": "yes", "highway": "motorway", "lanes": "4", "maxheight:signed": "no", "maxspeed": "55 mph", "oneway": "yes", "placement": "right_of:1", "ref": "I 205", "source:hgv:national_network": "https://www.ecfr.gov/current/title-23/chapter-I/subchapter-G/part-658;https://hepgis-usdot.hub.arcgis.com/apps/usdot::national-network-conventional-combination-trucks-map", "surface": "asphalt", "turn:lanes": "through|through|through|merge_to_left"}, "geometry": {"type": "LineString", "coordinates": [[-122.5727714, 45.4556168], [-122.5727302, 45.4561986], [-122.5726725, 45.4566322], [-122.5726028, 45.4570697], [-122.5724928, 45.4576171], [-122.572449, 45.4577817]]}}, {"type": "Feature", "properties": {"osm_id": 842501397, "bicycle": "no", "hgv": "designated", "hgv:national_network": "yes", "highway": "motorway", "lanes": "3", "maxspeed": "55 mph", "oneway": "yes", "placement": "right_of:1", "ref": "I 205", "source:hgv:national_network": "https://www.ecfr.gov/current/title-23/chapter-I/subchapter-G/part-658;https://hepgis-usdot.hub.arcgis.com/apps/usdot::national-network-conventional-combination-trucks-map", "surface": "asphalt"}, "geometry": {"type": "LineString", "coordinates": [[-122.5723216, 45.4518777], [-122.5724821, 45.4524487], [-122.5725736, 45.4528823], [-122.5726522, 45.4533127], [-122.5727253, 45.4538438], [-122.572757, 45.4542375], [-122.5727818, 45.4546773], [-122.5727859, 45.4550047], [-122.5727714, 45.4556168]]}}, {"type": "Feature", "properties": {"osm_id": 842536036, "bicycle": "no", "change:lanes": "yes|yes|not_right|no", "destination:lanes": "none|none|Damascus|Estacada;Milwaukie", "hgv": "designated", "hgv:national_network": "yes", "highway": "motorway", "lanes": "4", "maxspeed": "55 mph", "oneway": "yes", "placement": "right_of:1", "ref": "I 205", "source:hgv:national_network": "https://www.ecfr.gov/current/title-23/chapter-I/subchapter-G/part-658;https://hepgis-usdot.hub.arcgis.com/apps/usdot::national-network-conventional-combination-trucks-map", "surface": "asphalt", "turn:lanes": "through|through|through|slight_right"}, "geometry": {"type": "LineString", "coordinates": [[-122.5719121, 45.4216273], [-122.5724408, 45.4209976]]}}, {"type": "Feature", "properties": {"osm_id": 842536037, "bicycle": "no", "hgv": "designated", "hgv:national_network": "yes", "highway": "motorway", "lanes": "4", "maxspeed": "55 mph", "oneway": "yes", "placement": "right_of:1", "ref": "I 205", "source:hgv:national_network": "https://www.ecfr.gov/current/title-23/chapter-I/subchapter-G/part-658;https://hepgis-usdot.hub.arcgis.com/apps/usdot::national-network-conventional-combination-trucks-map", "surface": "asphalt"}, "geometry": {"type": "LineString", "coordinates": [[-122.5714319, 45.4221915], [-122.5719121, 45.4216273]]}}, {"type": "Feature", "properties": {"osm_id": 842536038, "bicycle": "no", "hgv": "designated", "hgv:national_network": "yes", "highway": "motorway", "lanes": "4", "maxspeed": "55 mph", "oneway": "yes", "placement": "right_of:1", "ref": "I 205", "source:hgv:national_network": "https://www.ecfr.gov/current/title-23/chapter-I/subchapter-G/part-658;https://hepgis-usdot.hub.arcgis.com/apps/usdot::national-network-conventional-combination-trucks-map", "surface": "asphalt"}, "geometry": {"type": "LineString", "coordinates": [[-122.5681851, 45.4260476], [-122.5684078, 45.4257852], [-122.5689548, 45.4251419], [-122.5698857, 45.4240279], [-122.5708318, 45.4229012]]}}, {"type": "Feature", "properties": {"osm_id": 842536040, "bicycle": "no", "hgv": "designated", "hgv:national_network": "yes", "highway": "motorway", "lanes": "4", "maxspeed": "55 mph", "oneway": "yes", "placement": "right_of:1", "ref": "I 205", "source:hgv:national_network": "https://www.ecfr.gov/current/title-23/chapter-I/subchapter-G/part-658;https://hepgis-usdot.hub.arcgis.com/apps/usdot::national-network-conventional-combination-trucks-map", "surface": "asphalt", "turn:lanes": "through|through|through|merge_to_left"}, "geometry": {"type": "LineString", "coordinates": [[-122.5660733, 45.4296537], [-122.5661427, 45.4293806], [-122.5662256, 45.4291078]]}}, {"type": "Feature", "properties": {"osm_id": 842536041, "bicycle": "no", "hgv": "designated", "hgv:national_network": "yes", "highway": "motorway", "lanes": "3", "maxspeed": "55 mph", "oneway": "yes", "placement": "right_of:1", "ref": "I 205", "source:hgv:national_network": "https://www.ecfr.gov/current/title-23/chapter-I/subchapter-G/part-658;https://hepgis-usdot.hub.arcgis.com/apps/usdot::national-network-conventional-combination-trucks-map", "surface": "asphalt"}, "geometry": {"type": "LineString", "coordinates": [[-122.5662256, 45.4291078], [-122.5663961, 45.4286456], [-122.5665785, 45.4282418], [-122.5668119, 45.4278305], [-122.5671324, 45.427342], [-122.5675106, 45.4268479], [-122.5681851, 45.4260476]]}}, {"type": "Feature", "properties": {"osm_id": 842536051, "bicycle": "no", "change:lanes": "yes|yes|not_right|no", "destination:lanes": "none|none|none;Sunnyside Road;Sunnybrook Boulevard|Sunnyside Road;Sunnybrook Boulevard", "hgv": "designated", "hgv:national_network": "yes", "highway": "motorway", "lanes": "4", "maxspeed": "55 mph", "oneway": "yes", "placement": "right_of:1", "ref": "I 205", "source:hgv:national_network": "https://www.ecfr.gov/current/title-23/chapter-I/subchapter-G/part-658;https://hepgis-usdot.hub.arcgis.com/apps/usdot::national-network-conventional-combination-trucks-map", "surface": "asphalt", "turn:lanes": "through|through|through;slight_right|slight_right"}, "geometry": {"type": "LineString", "coordinates": [[-122.568005, 45.4377906], [-122.5676678, 45.4367396]]}}, {"type": "Feature", "properties": {"osm_id": 842536052, "bicycle": "no", "hgv": "designated", "hgv:national_network": "yes", "highway": "motorway", "lanes": "3", "maxheight:signed": "no", "maxspeed": "55 mph", "oneway": "yes", "placement": "right_of:1", "ref": "I 205", "source:hgv:national_network": "https://www.ecfr.gov/current/title-23/chapter-I/subchapter-G/part-658;https://hepgis-usdot.hub.arcgis.com/apps/usdot::national-network-conventional-combination-trucks-map", "surface": "asphalt"}, "geometry": {"type": "LineString", "coordinates": [[-122.5676678, 45.4367396], [-122.5675847, 45.4365496], [-122.5674386, 45.4361139], [-122.5672143, 45.4355084], [-122.5669603, 45.4347794], [-122.5665291, 45.4335418], [-122.5662751, 45.4327956], [-122.5661615, 45.4324346], [-122.5660906, 45.4321419], [-122.5660287, 45.4318567], [-122.5659779, 45.4315505], [-122.5659602, 45.4313434], [-122.5659442, 45.4310615], [-122.5659398, 45.4307795], [-122.5659638, 45.4303791], [-122.5660079, 45.4300041], [-122.5660733, 45.4296537]]}}, {"type": "Feature", "properties": {"osm_id": 842536054, "bicycle": "no", "hgv": "designated", "hgv:national_network": "yes", "highway": "motorway", "lanes": "3", "maxheight:signed": "no", "maxspeed": "55 mph", "oneway": "yes", "placement": "right_of:1", "ref": "I 205", "source:hgv:national_network": "https://www.ecfr.gov/current/title-23/chapter-I/subchapter-G/part-658;https://hepgis-usdot.hub.arcgis.com/apps/usdot::national-network-conventional-combination-trucks-map", "surface": "asphalt"}, "geometry": {"type": "LineString", "coordinates": [[-122.5721719, 45.4598614], [-122.5723171, 45.4595314], [-122.5724526, 45.4592031], [-122.5726095, 45.4588005], [-122.5727302, 45.4584581], [-122.5728536, 45.4580395], [-122.5729917, 45.4575372], [-122.5730655, 45.4571967], [-122.5731124, 45.4569671], [-122.5732036, 45.4564187], [-122.5732411, 45.4560687], [-122.5732787, 45.4556134], [-122.5733015, 45.4551675], [-122.5733015, 45.4548768], [-122.5732975, 45.454652], [-122.5732827, 45.4542493], [-122.5732586, 45.4539041], [-122.5732076, 45.4534516], [-122.5731477, 45.4530573]]}}, {"type": "Feature", "properties": {"osm_id": 842536062, "bicycle": "no", "destination:lanes": "none|none|none;Johnson Creek Boulevard", "hgv": "designated", "hgv:national_network": "yes", "highway": "motorway", "lanes": "3", "maxspeed": "55 mph", "oneway": "yes", "placement": "right_of:1", "ref": "I 205", "source:hgv:national_network": "https://www.ecfr.gov/current/title-23/chapter-I/subchapter-G/part-658;https://hepgis-usdot.hub.arcgis.com/apps/usdot::national-network-conventional-combination-trucks-map", "surface": "asphalt", "turn:lanes": "through|through|through;slight_right"}, "geometry": {"type": "LineString", "coordinates": [[-122.5690338, 45.4642296], [-122.5692918, 45.4639545], [-122.5696957, 45.4635173], [-122.5701366, 45.463005], [-122.5705047, 45.462544], [-122.5708417, 45.4621003], [-122.5711339, 45.4616794], [-122.5713887, 45.4612926], [-122.5717995, 45.4605822], [-122.5721719, 45.4598614]]}}, {"type": "Feature", "properties": {"osm_id": 842536063, "bicycle": "no", "hgv": "designated", "hgv:national_network": "yes", "highway": "motorway", "lanes": "4", "maxspeed": "55 mph", "oneway": "yes", "placement": "right_of:1", "ref": "I 205", "source:hgv:national_network": "https://www.ecfr.gov/current/title-23/chapter-I/subchapter-G/part-658;https://hepgis-usdot.hub.arcgis.com/apps/usdot::national-network-conventional-combination-trucks-map", "turn:lanes": "through|through|through|merge_to_left"}, "geometry": {"type": "LineString", "coordinates": [[-122.5657757, 45.4743746], [-122.5657448, 45.4729865]]}}, {"type": "Feature", "properties": {"osm_id": 842536069, "bicycle": "no", "bridge": "yes", "destination:lanes": "none|none|none;Foster Road", "hgv": "designated", "hgv:national_network": "yes", "highway": "motorway", "lanes": "3", "layer": "1", "maxspeed": "55 mph", "oneway": "yes", "placement": "right_of:1", "ref": "I 205", "source:hgv:national_network": "https://www.ecfr.gov/current/title-23/chapter-I/subchapter-G/part-658;https://hepgis-usdot.hub.arcgis.com/apps/usdot::national-network-conventional-combination-trucks-map", "surface": "asphalt", "turn:lanes": "through|through|through;slight_right"}, "geometry": {"type": "LineString", "coordinates": [[-122.5661467, 45.4829509], [-122.5661437, 45.4829072]]}}, {"type": "Feature", "properties": {"osm_id": 842536070, "bicycle": "no", "hgv": "designated", "hgv:national_network": "yes", "highway": "motorway", "lanes": "4", "maxspeed": "55 mph", "oneway": "yes", "placement": "right_of:1", "ref": "I 205", "source:hgv:national_network": "https://www.ecfr.gov/current/title-23/chapter-I/subchapter-G/part-658;https://hepgis-usdot.hub.arcgis.com/apps/usdot::national-network-conventional-combination-trucks-map", "turn:lanes": "through|through|through|merge_to_left"}, "geometry": {"type": "LineString", "coordinates": [[-122.5657518, 45.4933678], [-122.5657763, 45.4930088], [-122.5658245, 45.4924583]]}}, {"type": "Feature", "properties": {"osm_id": 842536071, "bicycle": "no", "hgv": "designated", "hgv:national_network": "yes", "highway": "motorway", "lanes": "3", "maxspeed": "55 mph", "oneway": "yes", "placement": "right_of:1", "ref": "I 205", "source:hgv:national_network": "https://www.ecfr.gov/current/title-23/chapter-I/subchapter-G/part-658;https://hepgis-usdot.hub.arcgis.com/apps/usdot::national-network-conventional-combination-trucks-map", "surface": "asphalt"}, "geometry": {"type": "LineString", "coordinates": [[-122.5655325, 45.498331], [-122.5655383, 45.4976605]]}}, {"type": "Feature", "properties": {"osm_id": 842536072, "bicycle": "no", "hgv": "designated", "hgv:national_network": "yes", "highway": "motorway", "lanes": "3", "maxspeed": "55 mph", "oneway": "yes", "placement": "right_of:1", "ref": "I 205", "source:hgv:national_network": "https://www.ecfr.gov/current/title-23/chapter-I/subchapter-G/part-658;https://hepgis-usdot.hub.arcgis.com/apps/usdot::national-network-conventional-combination-trucks-map", "surface": "asphalt"}, "geometry": {"type": "LineString", "coordinates": [[-122.5655556, 45.4970722], [-122.5655971, 45.4949776], [-122.5656411, 45.4942512], [-122.5656978, 45.4935603], [-122.5657518, 45.4933678]]}}, {"type": "Feature", "properties": {"osm_id": 842536076, "bicycle": "no", "hgv": "designated", "hgv:national_network": "yes", "highway": "motorway", "lanes": "4", "maxspeed": "55 mph", "oneway": "yes", "placement": "right_of:1", "ref": "I 205", "source:hgv:national_network": "https://www.ecfr.gov/current/title-23/chapter-I/subchapter-G/part-658;https://hepgis-usdot.hub.arcgis.com/apps/usdot::national-network-conventional-combination-trucks-map", "surface": "asphalt", "turn:lanes": "through|through|through|merge_to_left"}, "geometry": {"type": "LineString", "coordinates": [[-122.5655417, 45.4991732], [-122.5655325, 45.498331]]}}, {"type": "Feature", "properties": {"osm_id": 842536083, "bicycle": "no", "change:lanes": "yes|yes|not_right|no", "destination:lanes": "none|none|none;Division Street;Powell Boulevard|Division Street;Powell Boulevard", "hgv": "designated", "hgv:national_network": "yes", "highway": "motorway", "lanes": "4", "maxheight": "default", "maxspeed": "55 mph", "oneway": "yes", "placement": "right_of:1", "ref": "I 205", "source:hgv:national_network": "https://www.ecfr.gov/current/title-23/chapter-I/subchapter-G/part-658;https://hepgis-usdot.hub.arcgis.com/apps/usdot::national-network-conventional-combination-trucks-map", "surface": "asphalt", "turn:lanes": "through|through|through;slight_right|slight_right"}, "geometry": {"type": "LineString", "coordinates": [[-122.5656652, 45.5109352], [-122.5656639, 45.5105668], [-122.5656571, 45.5099396]]}}, {"type": "Feature", "properties": {"osm_id": 842536085, "bicycle": "no", "hgv": "designated", "hgv:national_network": "yes", "highway": "motorway", "lanes": "4", "maxspeed": "55 mph", "oneway": "yes", "placement": "right_of:1", "ref": "I 205", "source:hgv:national_network": "https://www.ecfr.gov/current/title-23/chapter-I/subchapter-G/part-658;https://hepgis-usdot.hub.arcgis.com/apps/usdot::national-network-conventional-combination-trucks-map", "surface": "asphalt"}, "geometry": {"type": "LineString", "coordinates": [[-122.5656756, 45.5141831], [-122.5656705, 45.5137812], [-122.5656712, 45.5128961], [-122.5656768, 45.511346], [-122.5656652, 45.5109352]]}}, {"type": "Feature", "properties": {"osm_id": 842536086, "bicycle": "no", "hgv": "designated", "hgv:national_network": "yes", "highway": "motorway", "lanes": "5", "maxheight": "default", "maxspeed": "55 mph", "oneway": "yes", "placement": "right_of:1", "ref": "I 205", "source:hgv:national_network": "https://www.ecfr.gov/current/title-23/chapter-I/subchapter-G/part-658;https://hepgis-usdot.hub.arcgis.com/apps/usdot::national-network-conventional-combination-trucks-map", "surface": "asphalt", "turn:lanes": "through|through|through|through|merge_to_left"}, "geometry": {"type": "LineString", "coordinates": [[-122.5656707, 45.5150205], [-122.5656756, 45.5141831]]}}, {"type": "Feature", "properties": {"osm_id": 842536087, "bicycle": "no", "hgv": "designated", "hgv:national_network": "yes", "highway": "motorway", "lanes": "4", "maxheight": "default", "maxspeed": "55 mph", "oneway": "yes", "placement": "right_of:1", "ref": "I 205", "source:hgv:national_network": "https://www.ecfr.gov/current/title-23/chapter-I/subchapter-G/part-658;https://hepgis-usdot.hub.arcgis.com/apps/usdot::national-network-conventional-combination-trucks-map", "surface": "asphalt"}, "geometry": {"type": "LineString", "coordinates": [[-122.5655903, 45.5201108], [-122.5655978, 45.5182202], [-122.5656106, 45.5176743], [-122.5656386, 45.5164312], [-122.565657, 45.5152129], [-122.5656707, 45.5150205]]}}, {"type": "Feature", "properties": {"osm_id": 842536091, "bicycle": "no", "hgv": "designated", "hgv:national_network": "yes", "highway": "motorway", "lanes": "5", "maxspeed": "55 mph", "oneway": "yes", "placement": "right_of:1", "ref": "I 205", "source:hgv:national_network": "https://www.ecfr.gov/current/title-23/chapter-I/subchapter-G/part-658;https://hepgis-usdot.hub.arcgis.com/apps/usdot::national-network-conventional-combination-trucks-map", "surface": "asphalt", "turn:lanes": "through|through|through|through|merge_to_left"}, "geometry": {"type": "LineString", "coordinates": [[-122.5655789, 45.5211647], [-122.5655903, 45.5201108]]}}, {"type": "Feature", "properties": {"osm_id": 842536092, "bicycle": "no", "hgv": "designated", "hgv:national_network": "yes", "highway": "motorway", "lanes": "4", "maxheight:signed": "no", "maxspeed": "55 mph", "oneway": "yes", "placement": "right_of:1", "ref": "I 205", "source:hgv:national_network": "https://www.ecfr.gov/current/title-23/chapter-I/subchapter-G/part-658;https://hepgis-usdot.hub.arcgis.com/apps/usdot::national-network-conventional-combination-trucks-map", "surface": "asphalt"}, "geometry": {"type": "LineString", "coordinates": [[-122.5654804, 45.527505], [-122.5654817, 45.5269762], [-122.5655082, 45.525667], [-122.5655372, 45.5240744], [-122.5655482, 45.5225637], [-122.5655789, 45.5211647]]}}, {"type": "Feature", "properties": {"osm_id": 842536103, "bicycle": "no", "bridge": "yes", "change:lanes": "yes|yes|not_right|no", "destination:lanes": "none|none|none|Glisan Street;Stark Street", "hgv": "designated", "hgv:national_network": "yes", "highway": "motorway", "lanes": "4", "layer": "1", "maxspeed": "55 mph", "oneway": "yes", "placement": "right_of:1", "ref": "I 205", "source:hgv:national_network": "https://www.ecfr.gov/current/title-23/chapter-I/subchapter-G/part-658;https://hepgis-usdot.hub.arcgis.com/apps/usdot::national-network-conventional-combination-trucks-map", "turn:lanes": "through|through|through|slight_right"}, "geometry": {"type": "LineString", "coordinates": [[-122.5647779, 45.5333471], [-122.5649507, 45.5325289]]}}, {"type": "Feature", "properties": {"osm_id": 842536108, "bicycle": "no", "destination:lanes": "none|none|none|Glisan Street;Stark Street;Portland", "hgv": "designated", "hgv:national_network": "yes", "highway": "motorway", "lanes": "4", "maxspeed": "55 mph", "oneway": "yes", "placement": "right_of:1", "ref": "I 205", "source:hgv:national_network": "https://www.ecfr.gov/current/title-23/chapter-I/subchapter-G/part-658;https://hepgis-usdot.hub.arcgis.com/apps/usdot::national-network-conventional-combination-trucks-map", "surface": "asphalt", "turn:lanes": "through|through|through|through;slight_right"}, "geometry": {"type": "LineString", "coordinates": [[-122.5627906, 45.540817], [-122.5631406, 45.5396733], [-122.5632296, 45.5393706], [-122.5633178, 45.5390169], [-122.5634011, 45.5386979], [-122.5636491, 45.5377461], [-122.5638921, 45.5367939], [-122.5640836, 45.5360255], [-122.5642183, 45.535527], [-122.5643651, 45.5349851]]}}, {"type": "Feature", "properties": {"osm_id": 842536111, "bicycle": "no", "change:lanes": "yes|yes|not_right|no", "destination:lanes": "Portland;Salem|Portland;Salem|Portland;Salem;The Dalles|The Dalles", "hgv": "designated", "hgv:national_network": "yes", "highway": "motorway", "lanes": "4", "lit": "yes", "maxspeed": "55 mph", "oneway": "yes", "placement": "right_of:1", "ref": "I 205", "source:hgv:national_network": "https://www.ecfr.gov/current/title-23/chapter-I/subchapter-G/part-658;https://hepgis-usdot.hub.arcgis.com/apps/usdot::national-network-conventional-combination-trucks-map", "surface": "asphalt", "turn:lanes": "through|through|through;slight_right|slight_right"}, "geometry": {"type": "LineString", "coordinates": [[-122.5647573, 45.5519158], [-122.5638869, 45.5512919], [-122.5635564, 45.551066]]}}, {"type": "Feature", "properties": {"osm_id": 842536112, "bicycle": "no", "hgv": "designated", "hgv:national_network": "yes", "highway": "motorway", "lanes": "4", "lit": "yes", "maxheight": "default", "maxspeed": "55 mph", "oneway": "yes", "placement": "right_of:1", "ref": "I 205", "source:hgv:national_network": "https://www.ecfr.gov/current/title-23/chapter-I/subchapter-G/part-658;https://hepgis-usdot.hub.arcgis.com/apps/usdot::national-network-conventional-combination-trucks-map", "surface": "asphalt"}, "geometry": {"type": "LineString", "coordinates": [[-122.5671608, 45.5573101], [-122.5672354, 45.5571032], [-122.5672958, 45.556882], [-122.5673423, 45.5566662], [-122.5673741, 45.5564487], [-122.56739, 45.5562232], [-122.567392, 45.5560069], [-122.5673785, 45.5557846], [-122.567348, 45.5555659], [-122.567301, 45.5553293], [-122.5672534, 45.5551397], [-122.5671843, 45.5549161], [-122.5671095, 45.5547042], [-122.5670234, 45.5544967], [-122.5669264, 45.5542837], [-122.5668199, 45.5540788], [-122.5667011, 45.5538737], [-122.5665742, 45.5536736], [-122.5664387, 45.5534778], [-122.5662931, 45.5532857], [-122.5661347, 45.5530963], [-122.5659496, 45.5529134], [-122.5657645, 45.5527356], [-122.5656143, 45.5525919], [-122.565397, 45.5524032], [-122.5651824, 45.5522313], [-122.5649773, 45.5520773], [-122.5647573, 45.5519158]]}}, {"type": "Feature", "properties": {"osm_id": 842536116, "bicycle": "no", "hgv": "designated", "hgv:national_network": "yes", "highway": "motorway", "lanes": "3", "lit": "yes", "maxheight": "default", "maxspeed": "55 mph", "oneway": "yes", "placement": "right_of:1", "ref": "I 205", "source:hgv:national_network": "https://www.ecfr.gov/current/title-23/chapter-I/subchapter-G/part-658;https://hepgis-usdot.hub.arcgis.com/apps/usdot::national-network-conventional-combination-trucks-map", "surface": "asphalt"}, "geometry": {"type": "LineString", "coordinates": [[-122.5626304, 45.5616569], [-122.5628542, 45.5615039], [-122.5630726, 45.5613506], [-122.5632915, 45.5611937], [-122.5635104, 45.5610373], [-122.563823, 45.5608086], [-122.5641497, 45.5605635], [-122.5647839, 45.5600849], [-122.5649948, 45.5599246], [-122.565203, 45.559762], [-122.5654092, 45.5595949], [-122.5656048, 45.5594297], [-122.5657985, 45.5592576], [-122.5659832, 45.5590834], [-122.5661582, 45.5589005], [-122.5663229, 45.5587135], [-122.566476, 45.5585244], [-122.5666188, 45.5583286], [-122.5667488, 45.558131], [-122.5668687, 45.5579317], [-122.5669796, 45.5577268], [-122.5670732, 45.5575247], [-122.5671608, 45.5573101]]}}, {"type": "Feature", "properties": {"osm_id": 842536119, "bicycle": "no", "change:lanes": "yes|yes|not_right|no", "destination:lanes": "||The Dalles;Sandy Boulevard|Sandy Boulevard", "hgv": "designated", "hgv:national_network": "yes", "highway": "motorway", "lanes": "4", "maxheight:signed": "no", "maxspeed": "55 mph", "oneway": "yes", "placement": "right_of:1", "ref": "I 205", "source:hgv:national_network": "https://www.ecfr.gov/current/title-23/chapter-I/subchapter-G/part-658;https://hepgis-usdot.hub.arcgis.com/apps/usdot::national-network-conventional-combination-trucks-map", "surface": "asphalt", "turn:lanes": "through|through|through;slight_right|slight_right"}, "geometry": {"type": "LineString", "coordinates": [[-122.5612908, 45.5625706], [-122.56151, 45.5624162], [-122.5617317, 45.5622644], [-122.5619302, 45.5621288], [-122.5621799, 45.5619602], [-122.562408, 45.5618069], [-122.5626304, 45.5616569]]}}, {"type": "Feature", "properties": {"osm_id": 842536121, "bicycle": "no", "destination:lanes": "none|none|Mount Hood;Columbia River Gorge;Sandy Boulevard|Sandy Boulevard;Killingsworth Street", "hgv": "designated", "hgv:national_network": "yes", "highway": "motorway", "lanes": "4", "lit": "yes", "maxheight": "default", "maxspeed": "55 mph", "oneway": "yes", "placement": "right_of:1", "ref": "I 205", "source:hgv:national_network": "https://www.ecfr.gov/current/title-23/chapter-I/subchapter-G/part-658;https://hepgis-usdot.hub.arcgis.com/apps/usdot::national-network-conventional-combination-trucks-map", "surface": "asphalt", "turn:lanes": "through|through|through|through;slight_right"}, "geometry": {"type": "LineString", "coordinates": [[-122.5561479, 45.5664329], [-122.558407, 45.5647247], [-122.5595766, 45.5638414], [-122.5599981, 45.5635219]]}}, {"type": "Feature", "properties": {"osm_id": 842536125, "bicycle": "no", "hgv": "designated", "hgv:national_network": "yes", "highway": "motorway", "lanes": "4", "lit": "yes", "maxspeed": "55 mph", "oneway": "yes", "placement": "right_of:1", "ref": "I 205", "source:hgv:national_network": "https://www.ecfr.gov/current/title-23/chapter-I/subchapter-G/part-658;https://hepgis-usdot.hub.arcgis.com/apps/usdot::national-network-conventional-combination-trucks-map"}, "geometry": {"type": "LineString", "coordinates": [[-122.5547008, 45.5675257], [-122.5551729, 45.5671684]]}}, {"type": "Feature", "properties": {"osm_id": 842536126, "bicycle": "no", "hgv": "designated", "hgv:national_network": "yes", "highway": "motorway", "lanes": "4", "maxspeed": "55 mph", "oneway": "yes", "placement": "right_of:1", "ref": "I 205", "source:hgv:national_network": "https://www.ecfr.gov/current/title-23/chapter-I/subchapter-G/part-658;https://hepgis-usdot.hub.arcgis.com/apps/usdot::national-network-conventional-combination-trucks-map", "turn:lanes": "through|through|through|merge_to_left"}, "geometry": {"type": "LineString", "coordinates": [[-122.5502313, 45.5708469], [-122.5511654, 45.5701512]]}}, {"type": "Feature", "properties": {"osm_id": 842536128, "bicycle": "no", "bridge": "yes", "change:lanes": "yes|yes|not_right|no", "destination:lanes": "||none;Airport Way;Portland Airport|Airport Way;Portland Airport", "hgv": "designated", "hgv:national_network": "yes", "highway": "motorway", "lanes": "4", "layer": "1", "maxspeed": "55 mph", "name": "Glenn L. Jackson Memorial Bridge", "oneway": "yes", "placement": "right_of:1", "ref": "I 205", "source:hgv:national_network": "https://www.ecfr.gov/current/title-23/chapter-I/subchapter-G/part-658;https://hepgis-usdot.hub.arcgis.com/apps/usdot::national-network-conventional-combination-trucks-map", "turn:lanes": "through|through|through;slight_right|slight_right"}, "geometry": {"type": "LineString", "coordinates": [[-122.5450976, 45.5764716], [-122.5451343, 45.5764009], [-122.5452349, 45.5762076], [-122.5453515, 45.5759992], [-122.5454628, 45.5758095], [-122.5455795, 45.5756143], [-122.545723, 45.5753843], [-122.5458343, 45.5752125], [-122.5459939, 45.5749769], [-122.5464921, 45.5743252]]}}, {"type": "Feature", "properties": {"osm_id": 842536129, "bicycle": "no", "bridge": "yes", "hgv": "designated", "hgv:national_network": "yes", "highway": "motorway", "lanes": "5", "layer": "1", "maxspeed": "55 mph", "name": "Glenn L. Jackson Memorial Bridge", "oneway": "yes", "placement": "right_of:1", "ref": "I 205", "source:hgv:national_network": "https://www.ecfr.gov/current/title-23/chapter-I/subchapter-G/part-658;https://hepgis-usdot.hub.arcgis.com/apps/usdot::national-network-conventional-combination-trucks-map", "turn:lanes": "through|through|through|through|merge_to_left"}, "geometry": {"type": "LineString", "coordinates": [[-122.5516327, 45.6029915], [-122.5514953, 45.602257]]}}, {"type": "Feature", "properties": {"osm_id": 842536137, "bicycle": "yes", "change:lanes": "yes|yes|not_right|no", "destination:lanes": "none|none|none;Camas|City Center", "hgv": "designated", "hgv:national_network": "yes", "highway": "motorway", "lanes": "4", "maxspeed": "60 mph", "oneway": "yes", "placement": "right_of:1", "ref": "I 205", "source:hgv:national_network": "https://www.ecfr.gov/current/title-23/chapter-I/subchapter-G/part-658;https://hepgis-usdot.hub.arcgis.com/apps/usdot::national-network-conventional-combination-trucks-map", "turn:lanes": "through|through|through;slight_right|slight_right"}, "geometry": {"type": "LineString", "coordinates": [[-122.5532372, 45.6124192], [-122.5531348, 45.6121646], [-122.5530434, 45.6118469], [-122.5529622, 45.6114802]]}}, {"type": "Feature", "properties": {"osm_id": 842536144, "bicycle": "yes", "hgv": "designated", "hgv:national_network": "yes", "highway": "motorway", "lanes": "4", "maxspeed": "60 mph", "oneway": "yes", "placement": "right_of:1", "ref": "I 205", "source:hgv:national_network": "https://www.ecfr.gov/current/title-23/chapter-I/subchapter-G/part-658;https://hepgis-usdot.hub.arcgis.com/apps/usdot::national-network-conventional-combination-trucks-map", "turn:lanes": "through|through|through|merge_to_left"}, "geometry": {"type": "LineString", "coordinates": [[-122.5599702, 45.6303391], [-122.5598793, 45.6288253]]}}, {"type": "Feature", "properties": {"osm_id": 842536148, "bicycle": "yes", "change:lanes": "yes|yes|not_right|no", "destination:lanes": "none|none|none|Mill Plain Boulevard", "hgv": "designated", "hgv:national_network": "yes", "highway": "motorway", "lanes": "4", "maxspeed": "60 mph", "oneway": "yes", "placement": "right_of:1", "ref": "I 205", "source:hgv:national_network": "https://www.ecfr.gov/current/title-23/chapter-I/subchapter-G/part-658;https://hepgis-usdot.hub.arcgis.com/apps/usdot::national-network-conventional-combination-trucks-map", "turn:lanes": "through|through|through|slight_right"}, "geometry": {"type": "LineString", "coordinates": [[-122.5617612, 45.6372362], [-122.5610857, 45.6355986]]}}, {"type": "Feature", "properties": {"osm_id": 842536149, "bicycle": "yes", "hgv": "designated", "hgv:national_network": "yes", "highway": "motorway", "lanes": "4", "maxspeed": "60 mph", "oneway": "yes", "placement": "right_of:1", "ref": "I 205", "source:hgv:national_network": "https://www.ecfr.gov/current/title-23/chapter-I/subchapter-G/part-658;https://hepgis-usdot.hub.arcgis.com/apps/usdot::national-network-conventional-combination-trucks-map"}, "geometry": {"type": "LineString", "coordinates": [[-122.5633046, 45.6409356], [-122.5623394, 45.6386185], [-122.5617612, 45.6372362]]}}, {"type": "Feature", "properties": {"osm_id": 842536150, "bicycle": "yes", "hgv": "designated", "hgv:national_network": "yes", "highway": "motorway", "lanes": "3", "maxspeed": "60 mph", "oneway": "yes", "placement": "right_of:1", "ref": "I 205", "source:hgv:national_network": "https://www.ecfr.gov/current/title-23/chapter-I/subchapter-G/part-658;https://hepgis-usdot.hub.arcgis.com/apps/usdot::national-network-conventional-combination-trucks-map"}, "geometry": {"type": "LineString", "coordinates": [[-122.5636203, 45.6417101], [-122.5633046, 45.6409356]]}}, {"type": "Feature", "properties": {"osm_id": 842536151, "bicycle": "yes", "change:lanes": "yes|not_right|no", "hgv": "designated", "hgv:national_network": "yes", "highway": "motorway", "lanes": "3", "maxspeed": "60 mph", "oneway": "yes", "placement": "right_of:1", "ref": "I 205", "source:hgv:national_network": "https://www.ecfr.gov/current/title-23/chapter-I/subchapter-G/part-658;https://hepgis-usdot.hub.arcgis.com/apps/usdot::national-network-conventional-combination-trucks-map"}, "geometry": {"type": "LineString", "coordinates": [[-122.5661156, 45.6476952], [-122.5658976, 45.6471642]]}}, {"type": "Feature", "properties": {"osm_id": 842536171, "bicycle": "yes", "hgv": "designated", "hgv:national_network": "yes", "highway": "motorway", "lanes": "3", "maxspeed": "60 mph", "oneway": "yes", "placement": "right_of:1", "ref": "I 205", "source:hgv:national_network": "https://www.ecfr.gov/current/title-23/chapter-I/subchapter-G/part-658;https://hepgis-usdot.hub.arcgis.com/apps/usdot::national-network-conventional-combination-trucks-map"}, "geometry": {"type": "LineString", "coordinates": [[-122.5658976, 45.6471642], [-122.5655219, 45.6462855], [-122.5647345, 45.6443838], [-122.5643376, 45.6434293], [-122.5639476, 45.6424926], [-122.5638082, 45.6421624]]}}, {"type": "Feature", "properties": {"osm_id": 842536175, "bicycle": "yes", "hgv": "designated", "hgv:national_network": "yes", "highway": "motorway", "lanes": "2", "maxspeed": "60 mph", "oneway": "yes", "ref": "I 205", "source:hgv:national_network": "https://www.ecfr.gov/current/title-23/chapter-I/subchapter-G/part-658;https://hepgis-usdot.hub.arcgis.com/apps/usdot::national-network-conventional-combination-trucks-map"}, "geometry": {"type": "LineString", "coordinates": [[-122.5927056, 45.6823537], [-122.5925034, 45.6822586], [-122.5916854, 45.6818679], [-122.5912844, 45.6816683], [-122.5909167, 45.6814705], [-122.5900914, 45.680993], [-122.5893444, 45.6805076], [-122.5891362, 45.6803663]]}}, {"type": "Feature", "properties": {"osm_id": 842536179, "bicycle": "yes", "hgv": "designated", "hgv:national_network": "yes", "highway": "motorway", "lanes": "2", "maxheight:signed": "no", "maxspeed": "60 mph", "oneway": "yes", "ref": "I 205", "source:hgv:national_network": "https://www.ecfr.gov/current/title-23/chapter-I/subchapter-G/part-658;https://hepgis-usdot.hub.arcgis.com/apps/usdot::national-network-conventional-combination-trucks-map"}, "geometry": {"type": "LineString", "coordinates": [[-122.5997995, 45.6861906], [-122.5996433, 45.6860872], [-122.5993082, 45.6858657], [-122.5988946, 45.6855975], [-122.5984982, 45.6853542], [-122.5976428, 45.6848417], [-122.5963259, 45.6841107], [-122.5955156, 45.6836921], [-122.5946604, 45.6832773], [-122.5937511, 45.6828347]]}}, {"type": "Feature", "properties": {"osm_id": 842536182, "bicycle": "yes", "destination:lanes": "|none;Padden Parkway;Northeast Andresen Road", "hgv": "designated", "hgv:national_network": "yes", "highway": "motorway", "lanes": "2", "maxheight:signed": "no", "maxspeed": "60 mph", "oneway": "yes", "ref": "I 205", "source:hgv:national_network": "https://www.ecfr.gov/current/title-23/chapter-I/subchapter-G/part-658;https://hepgis-usdot.hub.arcgis.com/apps/usdot::national-network-conventional-combination-trucks-map", "surface": "asphalt", "turn:lanes": "through|through;slight_right"}, "geometry": {"type": "LineString", "coordinates": [[-122.6073049, 45.6926367], [-122.6068664, 45.6922481], [-122.6064409, 45.6918632], [-122.6059743, 45.6914199], [-122.6040947, 45.6895997], [-122.6039717, 45.6894842], [-122.6038003, 45.6893259], [-122.60368, 45.6892172], [-122.6035371, 45.6890893], [-122.603405, 45.6889683], [-122.6032947, 45.6888699], [-122.6031194, 45.6887186], [-122.6029125, 45.6885406], [-122.6021048, 45.6878761], [-122.6019526, 45.6877581], [-122.6016707, 45.6875344], [-122.6014776, 45.6873878], [-122.6009095, 45.6869621], [-122.5997995, 45.6861906]]}}, {"type": "Feature", "properties": {"osm_id": 842920950, "bicycle": "yes", "hgv": "designated", "hgv:national_network": "yes", "highway": "motorway", "lanes": "5", "maxspeed": "65 mph", "maxspeed:hgv": "60 mph", "noname": "yes", "official_name": "Pacific Highway #1;Korean War Veterans Memorial Highway;Purple Heart Trail", "old_name": "Robert Hugh Baldock Freeway;West Portland-Hubbard Highway #51", "oneway": "yes", "placement": "middle_of:2", "ref": "I 5", "source:hgv:national_network": "https://www.ecfr.gov/current/title-23/chapter-I/subchapter-G/part-658;https://hepgis-usdot.hub.arcgis.com/apps/usdot::national-network-conventional-combination-trucks-map", "surface": "asphalt", "turn:lanes": "through|through|through|through|merge_to_left"}, "geometry": {"type": "LineString", "coordinates": [[-122.7613946, 45.3610582], [-122.7617294, 45.3601951]]}}, {"type": "Feature", "properties": {"osm_id": 842920957, "bicycle": "yes", "destination:lanes": "none|none;Stafford Road;Lake Oswego", "hgv": "designated", "hgv:national_network": "yes", "highway": "motorway", "lanes": "2", "maxspeed": "65 mph", "maxspeed:hgv": "60 mph", "oneway": "yes", "ref": "I 205", "source:hgv:national_network": "https://www.ecfr.gov/current/title-23/chapter-I/subchapter-G/part-658;https://hepgis-usdot.hub.arcgis.com/apps/usdot::national-network-conventional-combination-trucks-map", "surface": "asphalt", "turn:lanes": "through|through;slight_right"}, "geometry": {"type": "LineString", "coordinates": [[-122.694312, 45.3676755], [-122.694727, 45.367752], [-122.696015, 45.368003], [-122.6968885, 45.3681788], [-122.69785, 45.368382], [-122.699222, 45.368687], [-122.699681, 45.368793], [-122.7008015, 45.3690631]]}}, {"type": "Feature", "properties": {"osm_id": 842920958, "bicycle": "yes", "hgv": "designated", "hgv:national_network": "yes", "highway": "motorway", "lanes": "2", "maxspeed": "55 mph", "oneway": "yes", "ref": "I 205", "source:hgv:national_network": "https://www.ecfr.gov/current/title-23/chapter-I/subchapter-G/part-658;https://hepgis-usdot.hub.arcgis.com/apps/usdot::national-network-conventional-combination-trucks-map", "surface": "asphalt"}, "geometry": {"type": "LineString", "coordinates": [[-122.6573248, 45.3495314], [-122.657948, 45.3498776], [-122.6585451, 45.3502423]]}}, {"type": "Feature", "properties": {"osm_id": 842920965, "bicycle": "yes", "hgv": "designated", "hgv:national_network": "yes", "highway": "motorway", "lanes": "3", "maxspeed": "55 mph", "oneway": "yes", "placement": "right_of:1", "ref": "I 205", "source:hgv:national_network": "https://www.ecfr.gov/current/title-23/chapter-I/subchapter-G/part-658;https://hepgis-usdot.hub.arcgis.com/apps/usdot::national-network-conventional-combination-trucks-map", "turn:lanes": "through|through|merge_to_left"}, "geometry": {"type": "LineString", "coordinates": [[-122.6136752, 45.3608396], [-122.614368, 45.3602605]]}}, {"type": "Feature", "properties": {"osm_id": 842920970, "bicycle": "no", "bridge": "yes", "change:lanes": "yes|not_right|no", "destination:lanes": "none|none|West Linn;Lake Oswego", "hgv": "designated", "hgv:national_network": "yes", "highway": "motorway", "lanes": "3", "layer": "1", "maxspeed": "55 mph", "name": "Abernethy Bridge", "oneway": "yes", "placement": "right_of:1", "ref": "I 205", "source:hgv:national_network": "https://www.ecfr.gov/current/title-23/chapter-I/subchapter-G/part-658;https://hepgis-usdot.hub.arcgis.com/apps/usdot::national-network-conventional-combination-trucks-map", "turn:lanes": "through|through|slight_right"}, "geometry": {"type": "LineString", "coordinates": [[-122.6059889, 45.3640249], [-122.6063899, 45.363912]]}}, {"type": "Feature", "properties": {"osm_id": 842920977, "bicycle": "no", "change:lanes": "yes|not_right|no", "destination:lanes": "none|West Linn;Lake Oswego|Downtown Oregon City;Gladstone", "hgv": "designated", "hgv:national_network": "yes", "highway": "motorway", "lanes": "3", "maxspeed": "55 mph", "oneway": "yes", "placement": "right_of:1", "ref": "I 205", "source:hgv:national_network": "https://www.ecfr.gov/current/title-23/chapter-I/subchapter-G/part-658;https://hepgis-usdot.hub.arcgis.com/apps/usdot::national-network-conventional-combination-trucks-map", "turn:lanes": "through|through|slight_right"}, "geometry": {"type": "LineString", "coordinates": [[-122.5950073, 45.3679749], [-122.595132, 45.3678614], [-122.5954284, 45.3676324], [-122.5957076, 45.3674224]]}}, {"type": "Feature", "properties": {"osm_id": 842920978, "bicycle": "no", "hgv": "designated", "hgv:national_network": "yes", "highway": "motorway", "lanes": "4", "maxspeed": "55 mph", "oneway": "yes", "placement": "right_of:1", "ref": "I 205", "source:hgv:national_network": "https://www.ecfr.gov/current/title-23/chapter-I/subchapter-G/part-658;https://hepgis-usdot.hub.arcgis.com/apps/usdot::national-network-conventional-combination-trucks-map", "turn:lanes": "through|through|through|merge_to_left"}, "geometry": {"type": "LineString", "coordinates": [[-122.5907331, 45.3724044], [-122.5912222, 45.3720009]]}}, {"type": "Feature", "properties": {"osm_id": 842920979, "bicycle": "no", "hgv": "designated", "hgv:national_network": "yes", "highway": "motorway", "lanes": "3", "maxheight:signed": "no", "maxspeed": "55 mph", "oneway": "yes", "placement": "right_of:1", "ref": "I 205", "source:hgv:national_network": "https://www.ecfr.gov/current/title-23/chapter-I/subchapter-G/part-658;https://hepgis-usdot.hub.arcgis.com/apps/usdot::national-network-conventional-combination-trucks-map"}, "geometry": {"type": "LineString", "coordinates": [[-122.5862539, 45.3756405], [-122.5881465, 45.3743043], [-122.5887458, 45.3738774], [-122.5893086, 45.3734635], [-122.5900786, 45.3729072], [-122.5904708, 45.3726126], [-122.5907331, 45.3724044]]}}, {"type": "Feature", "properties": {"osm_id": 867205756, "bicycle": "designated", "cycleway:right": "lane", "cycleway:right:buffer": "yes", "highway": "secondary", "lanes": "2", "maxspeed": "30 mph", "name": "North Interstate Avenue", "old_ref": "OR 99W (old US 99W)", "oneway": "yes", "sidewalk": "right", "surface": "asphalt"}, "geometry": {"type": "LineString", "coordinates": [[-122.665953, 45.5294772], [-122.6661019, 45.5295603]]}}, {"type": "Feature", "properties": {"osm_id": 892784845, "bicycle": "no", "bridge": "yes", "hgv": "designated", "hgv:national_network": "yes", "highway": "motorway", "lanes": "4", "layer": "1", "maxspeed": "55 mph", "name": "Glenn L. Jackson Memorial Bridge", "oneway": "yes", "placement": "right_of:1", "ref": "I 205", "source:hgv:national_network": "https://www.ecfr.gov/current/title-23/chapter-I/subchapter-G/part-658;https://hepgis-usdot.hub.arcgis.com/apps/usdot::national-network-conventional-combination-trucks-map"}, "geometry": {"type": "LineString", "coordinates": [[-122.549305, 45.5943947], [-122.5489916, 45.5937416], [-122.5486654, 45.593104], [-122.5483195, 45.5924662], [-122.5479725, 45.5918487], [-122.5475857, 45.5912381], [-122.5468441, 45.5900352], [-122.5465932, 45.589624], [-122.5462514, 45.5890939], [-122.5460462, 45.5887616], [-122.5458906, 45.5884801], [-122.5457659, 45.5882793], [-122.5456532, 45.5880962], [-122.5455378, 45.5879028], [-122.5454158, 45.587688], [-122.5452885, 45.587459], [-122.5451758, 45.5872787], [-122.5450699, 45.5870722], [-122.5449586, 45.5868751], [-122.5448754, 45.5866987], [-122.5447735, 45.5864818], [-122.5446904, 45.5862913], [-122.5445884, 45.5860482], [-122.5445133, 45.5858511], [-122.5444315, 45.5856278], [-122.5443538, 45.58541], [-122.5442813, 45.5851838], [-122.5442183, 45.5849848], [-122.5441781, 45.5848422], [-122.5441445, 45.5846883]]}}, {"type": "Feature", "properties": {"osm_id": 900259535, "NHS": "yes", "RLIS:bicycle": "caution_area", "alt_name": "Highway 99E", "bicycle": "yes", "embankment": "yes", "expressway": "yes", "foot": "yes", "hgv": "designated", "hgv:national_network": "yes", "highway": "trunk", "lanes": "3", "maxspeed": "30 mph", "name": "Southeast Martin Luther King Junior Boulevard", "name:etymology": "Martin Luther King Junior", "name:etymology:wikidata": "Q8027", "name:etymology:wikipedia": "en:Martin Luther King Jr.", "old_name": "Southeast Union Avenue", "oneway": "yes", "placement": "left_of:2", "ref": "OR 99E", "short_name": "SE MLK Jr Blvd", "sidewalk": "right", "surface": "asphalt"}, "geometry": {"type": "LineString", "coordinates": [[-122.6617147, 45.5086991], [-122.661618, 45.508551], [-122.6615469, 45.5084587], [-122.6613267, 45.5081849], [-122.6612451, 45.5080695], [-122.6611707, 45.5079517], [-122.6611096, 45.5078328]]}}, {"type": "Feature", "properties": {"osm_id": 918945832, "area": "yes", "bench": "yes", "bin": "yes", "bus": "yes", "highway": "platform", "lit": "yes", "name": "Southeast Martin Luther King & Morrison", "name:etymology:wikidata": "Q8027", "network": "Portland Streetcar;TriMet", "public_transport": "platform", "railway": "platform", "ref": "13584", "shelter": "yes", "short_name": "SE MLK & Morrison", "tactile_paving": "yes", "tram": "yes"}, "geometry": {"type": "LineString", "coordinates": [[-122.6619243, 45.5170926], [-122.6619674, 45.5170929], [-122.6619694, 45.5169535], [-122.6619263, 45.5169532], [-122.6619243, 45.5170926]]}}, {"type": "Feature", "properties": {"osm_id": 918945833, "area": "yes", "bench": "yes", "bin": "yes", "bus": "yes", "highway": "platform", "lit": "yes", "name": "Southeast Martin Luther King & Stark", "name:etymology:wikidata": "Q8027", "network": "Portland Streetcar;TriMet", "public_transport": "platform", "railway": "platform", "ref": "13613", "shelter": "yes", "short_name": "SE MLK & Stark", "tactile_paving": "yes", "tram": "yes"}, "geometry": {"type": "LineString", "coordinates": [[-122.6618816, 45.5192364], [-122.6619167, 45.5192365], [-122.6619178, 45.5191034], [-122.6618827, 45.5191033], [-122.6618816, 45.5192364]]}}, {"type": "Feature", "properties": {"osm_id": 936533237, "bicycle": "designated", "cycleway:right": "lane", "cycleway:right:buffer": "no", "highway": "tertiary", "lanes": "1", "maxspeed": "30 mph", "maxspeed:conditional": "20 mph @ (school_days 07:00-17:00)", "name": "North Interstate Avenue", "old_name": "Pacific Highway West #1W (91)", "old_ref": "OR 99W (old US 99W)", "oneway": "yes", "sidewalk:left": "no", "sidewalk:right": "separate"}, "geometry": {"type": "LineString", "coordinates": [[-122.68214, 45.5611227], [-122.6821382, 45.5613181], [-122.6821536, 45.561559]]}}, {"type": "Feature", "properties": {"osm_id": 936533238, "bicycle": "designated", "cycleway:right": "lane", "cycleway:right:buffer": "no", "highway": "tertiary", "lanes": "1", "maxspeed": "30 mph", "maxspeed:conditional": "20 mph @ (school_days 07:00-17:00)", "name": "North Interstate Avenue", "old_ref": "OR 99W (old US 99W)", "oneway": "yes", "sidewalk:left": "no", "sidewalk:right": "separate"}, "geometry": {"type": "LineString", "coordinates": [[-122.6823664, 45.5619087], [-122.6823575, 45.5618206], [-122.6823306, 45.5615277], [-122.6823331, 45.5612315]]}}, {"type": "Feature", "properties": {"osm_id": 960659735, "bicycle": "no", "description": "Stadium Freeway Highway #61", "embankment": "yes", "foot": "no", "hgv": "designated", "hgv:national_network": "yes", "highway": "motorway", "lanes": "3", "maxspeed": "50 mph", "oneway": "yes", "ref": "I 405", "source:hgv:national_network": "https://www.ecfr.gov/current/title-23/chapter-I/subchapter-G/part-658;https://hepgis-usdot.hub.arcgis.com/apps/usdot::national-network-conventional-combination-trucks-map", "surface": "asphalt"}, "geometry": {"type": "LineString", "coordinates": [[-122.6867581, 45.5272781], [-122.6868059, 45.5283266]]}}, {"type": "Feature", "properties": {"osm_id": 1002169789, "bicycle": "yes", "bus:lanes": "yes|yes|yes|designated", "hgv": "designated", "hgv:national_network": "yes", "highway": "motorway", "lanes": "4", "maxspeed": "55 mph", "noname": "yes", "official_name": "Pacific Highway #1;Korean War Veterans Memorial Highway;Purple Heart Trail", "old_name": "Robert Hugh Baldock Freeway;West Portland-Hubbard Highway #51", "old_ref": "US 99", "oneway": "yes", "placement": "middle_of:2", "ref": "I 5", "source:hgv:national_network": "https://www.ecfr.gov/current/title-23/chapter-I/subchapter-G/part-658;https://hepgis-usdot.hub.arcgis.com/apps/usdot::national-network-conventional-combination-trucks-map", "surface": "asphalt", "vehicle:lanes": "yes|yes|yes|no"}, "geometry": {"type": "LineString", "coordinates": [[-122.7573689, 45.36996], [-122.7560972, 45.3731176]]}}, {"type": "Feature", "properties": {"osm_id": 1002169790, "bicycle": "yes", "hgv": "designated", "hgv:national_network": "yes", "highway": "motorway", "lanes": "3", "lit": "yes", "maxspeed": "55 mph", "noname": "yes", "official_name": "Pacific Highway #1;Korean War Veterans Memorial Highway;Purple Heart Trail", "old_name": "Robert Hugh Baldock Freeway;West Portland-Hubbard Highway #51", "old_ref": "US 99", "oneway": "yes", "ref": "I 5", "source:hgv:national_network": "https://www.ecfr.gov/current/title-23/chapter-I/subchapter-G/part-658;https://hepgis-usdot.hub.arcgis.com/apps/usdot::national-network-conventional-combination-trucks-map", "surface": "asphalt"}, "geometry": {"type": "LineString", "coordinates": [[-122.7536494, 45.3792042], [-122.7532914, 45.380063], [-122.7530354, 45.3807002]]}}, {"type": "Feature", "properties": {"osm_id": 1002169791, "bicycle": "yes", "destination:lanes": "||Lower Boones;Ferry Road|Nyberg Street;Tualatin-Sherwood Road", "hgv": "designated", "hgv:national_network": "yes", "highway": "motorway", "lanes": "4", "maxspeed": "55 mph", "noname": "yes", "official_name": "Pacific Highway #1;Korean War Veterans Memorial Highway;Purple Heart Trail", "old_name": "Robert Hugh Baldock Freeway;West Portland-Hubbard Highway #51", "old_ref": "US 99", "oneway": "yes", "placement": "middle_of:2", "ref": "I 5", "source:hgv:national_network": "https://www.ecfr.gov/current/title-23/chapter-I/subchapter-G/part-658;https://hepgis-usdot.hub.arcgis.com/apps/usdot::national-network-conventional-combination-trucks-map", "surface": "asphalt", "turn:lanes": "through|through|through|slight_right"}, "geometry": {"type": "LineString", "coordinates": [[-122.7539618, 45.3784276], [-122.7536494, 45.3792042]]}}, {"type": "Feature", "properties": {"osm_id": 1002169792, "bicycle": "yes", "hgv": "designated", "hgv:national_network": "yes", "highway": "motorway", "lanes": "5", "lit": "yes", "maxspeed": "55 mph", "noname": "yes", "official_name": "Pacific Highway #1;Korean War Veterans Memorial Highway;Purple Heart Trail", "old_name": "Robert Hugh Baldock Freeway;West Portland-Hubbard Highway #51", "old_ref": "US 99", "oneway": "yes", "ref": "I 5", "source:hgv:national_network": "https://www.ecfr.gov/current/title-23/chapter-I/subchapter-G/part-658;https://hepgis-usdot.hub.arcgis.com/apps/usdot::national-network-conventional-combination-trucks-map"}, "geometry": {"type": "LineString", "coordinates": [[-122.7509916, 45.3861123], [-122.7506446, 45.3870879]]}}, {"type": "Feature", "properties": {"osm_id": 1002169793, "bicycle": "yes", "hgv": "designated", "hgv:national_network": "yes", "highway": "motorway", "lanes": "3", "lit": "yes", "maxspeed": "55 mph", "noname": "yes", "official_name": "Pacific Highway #1;Korean War Veterans Memorial Highway;Purple Heart Trail", "old_name": "Robert Hugh Baldock Freeway;West Portland-Hubbard Highway #51", "old_ref": "US 99", "oneway": "yes", "ref": "I 5", "source:hgv:national_network": "https://www.ecfr.gov/current/title-23/chapter-I/subchapter-G/part-658;https://hepgis-usdot.hub.arcgis.com/apps/usdot::national-network-conventional-combination-trucks-map", "surface": "asphalt"}, "geometry": {"type": "LineString", "coordinates": [[-122.7528921, 45.3810702], [-122.7526635, 45.3816761], [-122.7525061, 45.3821022], [-122.7523555, 45.382489], [-122.7518969, 45.3835786]]}}, {"type": "Feature", "properties": {"osm_id": 1002169794, "bicycle": "no", "description": "Pacific Highway #1", "hgv": "designated", "hgv:national_network": "yes", "highway": "motorway", "lanes": "4", "lit": "yes", "maxspeed": "55 mph", "noname": "yes", "official_name": "Pacific Highway #1;Korean War Veterans Memorial Highway;Purple Heart Trail", "old_name": "West Portland-Hubbard Highway #51", "old_ref": "US 99", "oneway": "yes", "ref": "I 5", "source:hgv:national_network": "https://www.ecfr.gov/current/title-23/chapter-I/subchapter-G/part-658;https://hepgis-usdot.hub.arcgis.com/apps/usdot::national-network-conventional-combination-trucks-map", "surface": "asphalt"}, "geometry": {"type": "LineString", "coordinates": [[-122.7439227, 45.4169023], [-122.7439349, 45.4177375], [-122.7439508, 45.4188281]]}}, {"type": "Feature", "properties": {"osm_id": 1002169795, "bicycle": "no", "description": "Pacific Highway #1", "destination:lanes": "none|none|none|Kruse Way;72nd Avenue;Tigard;Beaverton|Tigard;Beaverton", "hgv": "designated", "hgv:national_network": "yes", "highway": "motorway", "lanes": "5", "lit": "yes", "maxspeed": "55 mph", "noname": "yes", "official_name": "Pacific Highway #1;Korean War Veterans Memorial Highway;Purple Heart Trail", "old_name": "West Portland-Hubbard Highway #51", "old_ref": "US 99", "oneway": "yes", "ref": "I 5", "source:hgv:national_network": "https://www.ecfr.gov/current/title-23/chapter-I/subchapter-G/part-658;https://hepgis-usdot.hub.arcgis.com/apps/usdot::national-network-conventional-combination-trucks-map", "surface": "asphalt", "turn:lanes": "through|through|through|through;slight_right|slight_right"}, "geometry": {"type": "LineString", "coordinates": [[-122.7438969, 45.4151378], [-122.7439004, 45.4153756], [-122.7439091, 45.4159751], [-122.7439227, 45.4169023]]}}, {"type": "Feature", "properties": {"osm_id": 1002169796, "bicycle": "no", "destination:lanes": "||Haines Street;Kruse Way;72nd Avenue|Kruse Way;72nd Avenue", "hgv": "designated", "hgv:national_network": "yes", "highway": "motorway", "lanes": "4", "lit": "yes", "maxspeed": "55 mph", "noname": "yes", "official_name": "Pacific Highway #1;Korean War Veterans Memorial Highway;Purple Heart Trail", "old_name": "West Portland-Hubbard Highway #51", "old_ref": "US 99", "oneway": "yes", "ref": "I 5", "source:hgv:national_network": "https://www.ecfr.gov/current/title-23/chapter-I/subchapter-G/part-658;https://hepgis-usdot.hub.arcgis.com/apps/usdot::national-network-conventional-combination-trucks-map", "surface": "asphalt", "turn:lanes": "through|through|through;slight_right|slight_right"}, "geometry": {"type": "LineString", "coordinates": [[-122.7439508, 45.4188281], [-122.7439488, 45.4205664]]}}, {"type": "Feature", "properties": {"osm_id": 1002169797, "bicycle": "no", "description": "Pacific Highway #1", "hgv": "designated", "hgv:national_network": "yes", "highway": "motorway", "lanes": "3", "lit": "yes", "maxspeed": "55 mph", "noname": "yes", "official_name": "Pacific Highway #1;Korean War Veterans Memorial Highway;Purple Heart Trail", "old_name": "West Portland-Hubbard Highway #51", "old_ref": "US 99", "oneway": "yes", "ref": "I 5", "source:hgv:national_network": "https://www.ecfr.gov/current/title-23/chapter-I/subchapter-G/part-658;https://hepgis-usdot.hub.arcgis.com/apps/usdot::national-network-conventional-combination-trucks-map", "surface": "asphalt"}, "geometry": {"type": "LineString", "coordinates": [[-122.7439488, 45.4205664], [-122.7439598, 45.421165], [-122.7439662, 45.4218117], [-122.7440072, 45.4256987]]}}, {"type": "Feature", "properties": {"osm_id": 1002169798, "bicycle": "no", "description": "Pacific Highway #1", "destination:lanes": "none|none|none|Haines Street", "hgv": "designated", "hgv:national_network": "yes", "highway": "motorway", "lanes": "4", "lit": "yes", "maxspeed": "55 mph", "noname": "yes", "official_name": "Pacific Highway #1;Korean War Veterans Memorial Highway;Purple Heart Trail", "old_name": "West Portland-Hubbard Highway #51", "old_ref": "US 99", "oneway": "yes", "ref": "I 5", "source:hgv:national_network": "https://www.ecfr.gov/current/title-23/chapter-I/subchapter-G/part-658;https://hepgis-usdot.hub.arcgis.com/apps/usdot::national-network-conventional-combination-trucks-map", "surface": "asphalt", "turn:lanes": "none|none|none|slight_right"}, "geometry": {"type": "LineString", "coordinates": [[-122.7440072, 45.4256987], [-122.7440125, 45.4260158], [-122.7440311, 45.4270814], [-122.7440401, 45.4281284], [-122.7440511, 45.4295895], [-122.7440607, 45.4312735]]}}, {"type": "Feature", "properties": {"osm_id": 1002169799, "bicycle": "no", "description": "Pacific Highway #1", "destination:lanes": "none|none|none|Barbur Boulevard", "hgv": "designated", "hgv:national_network": "yes", "highway": "motorway", "lanes": "4", "lit": "yes", "maxspeed": "55 mph", "noname": "yes", "official_name": "Pacific Highway #1;Korean War Veterans Memorial Highway;Purple Heart Trail", "old_name": "West Portland-Hubbard Highway #51", "old_ref": "US 99", "oneway": "yes", "ref": "I 5", "source:hgv:national_network": "https://www.ecfr.gov/current/title-23/chapter-I/subchapter-G/part-658;https://hepgis-usdot.hub.arcgis.com/apps/usdot::national-network-conventional-combination-trucks-map", "surface": "asphalt", "turn:lanes": "none|none|none|slight_right"}, "geometry": {"type": "LineString", "coordinates": [[-122.7440801, 45.434921], [-122.7441045, 45.4357666], [-122.7441085, 45.4363358], [-122.7441038, 45.4368291], [-122.7440722, 45.4371573], [-122.7440196, 45.4375007], [-122.7439305, 45.4378773]]}}, {"type": "Feature", "properties": {"osm_id": 1002184051, "bicycle": "no", "hgv": "designated", "hgv:national_network": "yes", "highway": "motorway", "lanes": "5", "lit": "yes", "maxspeed": "55 mph", "noname": "yes", "official_name": "Pacific Highway #1;Korean War Veterans Memorial Highway;Purple Heart Trail", "oneway": "yes", "ref": "I 5", "source:hgv:national_network": "https://www.ecfr.gov/current/title-23/chapter-I/subchapter-G/part-658;https://hepgis-usdot.hub.arcgis.com/apps/usdot::national-network-conventional-combination-trucks-map", "surface": "asphalt", "turn:lanes": "through|through|through|through|merge_to_left"}, "geometry": {"type": "LineString", "coordinates": [[-122.735706, 45.4452171], [-122.7346408, 45.4454096], [-122.7342401, 45.4455074], [-122.7336182, 45.445693], [-122.7333819, 45.445778], [-122.7330778, 45.445897]]}}, {"type": "Feature", "properties": {"osm_id": 1002184052, "bicycle": "no", "hgv": "designated", "hgv:national_network": "yes", "highway": "motorway", "lanes": "3", "lit": "yes", "maxspeed": "55 mph", "noname": "yes", "official_name": "Pacific Highway #1;Korean War Veterans Memorial Highway;Purple Heart Trail", "oneway": "yes", "ref": "I 5", "source:hgv:national_network": "https://www.ecfr.gov/current/title-23/chapter-I/subchapter-G/part-658;https://hepgis-usdot.hub.arcgis.com/apps/usdot::national-network-conventional-combination-trucks-map", "surface": "asphalt"}, "geometry": {"type": "LineString", "coordinates": [[-122.7254427, 45.4530897], [-122.725024, 45.4532147], [-122.7245682, 45.4533342], [-122.7242649, 45.4534012], [-122.7238957, 45.4534617], [-122.7236285, 45.4535], [-122.7233297, 45.4535305], [-122.7229871, 45.4535492], [-122.7225157, 45.4535477], [-122.722094, 45.453539], [-122.7205173, 45.4534706], [-122.7199878, 45.4534364], [-122.7195112, 45.4534206], [-122.718954, 45.4534103], [-122.718261, 45.4534393]]}}, {"type": "Feature", "properties": {"osm_id": 1008620272, "bicycle": "no", "destination:lanes": "Salem|Salem|Salem|Tigard;Newberg;McMinnville;Lincoln City", "hgv": "designated", "hgv:national_network": "yes", "highway": "motorway", "lanes": "4", "lit": "yes", "maxspeed": "55 mph", "noname": "yes", "official_name": "Pacific Highway #1;Korean War Veterans Memorial Highway;Purple Heart Trail", "oneway": "yes", "ref": "I 5", "source:hgv:national_network": "https://www.ecfr.gov/current/title-23/chapter-I/subchapter-G/part-658;https://hepgis-usdot.hub.arcgis.com/apps/usdot::national-network-conventional-combination-trucks-map", "surface": "asphalt", "turn:lanes": "|||slight_right"}, "geometry": {"type": "LineString", "coordinates": [[-122.7356553, 45.4453678], [-122.7370641, 45.4450857]]}}, {"type": "Feature", "properties": {"osm_id": 1008633609, "bicycle": "no", "destination:lanes": "Salem|Salem|Salem;Alberta Street;Swan Island|Rosa Parks Way", "hgv": "designated", "hgv:national_network": "yes", "highway": "motorway", "lanes": "4", "lit": "yes", "maxspeed": "55 mph", "noname": "yes", "official_name": "Pacific Highway #1;Korean War Veterans Memorial Highway;Purple Heart Trail", "oneway": "yes", "ref": "I 5", "sidewalk": "no", "source": "Yahoo,ODOT", "source:hgv:national_network": "https://www.ecfr.gov/current/title-23/chapter-I/subchapter-G/part-658;https://hepgis-usdot.hub.arcgis.com/apps/usdot::national-network-conventional-combination-trucks-map", "surface": "asphalt", "turn:lanes": "none|none|none|slight_right"}, "geometry": {"type": "LineString", "coordinates": [[-122.6787406, 45.574818], [-122.6787733, 45.5721189]]}}, {"type": "Feature", "properties": {"osm_id": 1008802586, "bicycle": "no", "description": "Pacific Highway #1", "destination:lanes": "none|none|none|Lower Boones Ferry Road;Carman Drive|Carman Drive", "hgv": "designated", "hgv:national_network": "yes", "highway": "motorway", "lanes": "5", "lit": "yes", "maxheight:signed": "no", "maxspeed": "55 mph", "noname": "yes", "official_name": "Pacific Highway #1;Korean War Veterans Memorial Highway;Purple Heart Trail", "old_name": "West Portland-Hubbard Highway #51", "old_ref": "US 99", "oneway": "yes", "ref": "I 5", "source:hgv:national_network": "https://www.ecfr.gov/current/title-23/chapter-I/subchapter-G/part-658;https://hepgis-usdot.hub.arcgis.com/apps/usdot::national-network-conventional-combination-trucks-map", "surface": "asphalt", "turn:lanes": "none|none|none|through;slight_right|slight_right"}, "geometry": {"type": "LineString", "coordinates": [[-122.7441633, 45.4157144], [-122.7441622, 45.415204], [-122.7441608, 45.4145047], [-122.7441584, 45.4133276], [-122.7441581, 45.4131742], [-122.7441571, 45.4126751], [-122.7441528, 45.4105763]]}}, {"type": "Feature", "properties": {"osm_id": 1008811520, "CCGIS:bicycle": "no", "bicycle": "no", "destination:lanes": "Seattle|Seattle|none;39th Street|none", "hgv": "designated", "hgv:national_network": "yes", "highway": "motorway", "lanes": "4", "lit": "yes", "maxspeed": "60 mph", "oneway": "yes", "parking:lane:both": "no_parking", "ref": "I 5", "sidewalk": "no", "source": "Yahoo,TIGER", "source:hgv:national_network": "https://www.ecfr.gov/current/title-23/chapter-I/subchapter-G/part-658;https://hepgis-usdot.hub.arcgis.com/apps/usdot::national-network-conventional-combination-trucks-map", "surface": "asphalt", "turn:lanes": "none|none|through;slight_right|slight_right"}, "geometry": {"type": "LineString", "coordinates": [[-122.6617402, 45.6410807], [-122.6617022, 45.6422222], [-122.6617132, 45.6434489], [-122.6616924, 45.644643]]}}, {"type": "Feature", "properties": {"osm_id": 1008812840, "bicycle": "no", "destination:lanes": "none|none|Beaverton;Saint Helens;Alberta Street;Swan Island", "hgv": "designated", "hgv:national_network": "yes", "highway": "motorway", "lanes": "3", "lit": "yes", "maxheight:signed": "no", "maxspeed": "55 mph", "noname": "yes", "official_name": "Pacific Highway #1;Korean War Veterans Memorial Highway;Purple Heart Trail", "oneway": "yes", "ref": "I 5", "sidewalk": "no", "source": "Yahoo,ODOT", "source:hgv:national_network": "https://www.ecfr.gov/current/title-23/chapter-I/subchapter-G/part-658;https://hepgis-usdot.hub.arcgis.com/apps/usdot::national-network-conventional-combination-trucks-map", "surface": "asphalt", "turn:lanes": "none|none|through;slight_right"}, "geometry": {"type": "LineString", "coordinates": [[-122.6787417, 45.566789], [-122.6787586, 45.5648735], [-122.6787514, 45.5639832], [-122.6787326, 45.5631493]]}}, {"type": "Feature", "properties": {"osm_id": 1008813940, "bicycle": "no", "description": "Stadium Freeway Highway #61", "description_1": "Southwest I5 Freeway - I405 Freeway Ramp", "destination": "City Center;Beaverton", "destination:lanes": "City Center;South Waterfront|City Center;South Waterfront;Beaverton|Beaverton", "destination:ref": "US 26 West", "destination:symbol": "centre", "hgv": "designated", "hgv:national_network": "yes", "highway": "motorway", "junction:ref": "299B", "lanes": "3", "maxspeed": "50 mph", "old_name": "Robert Hugh Baldock Freeway", "oneway": "yes", "ref": "I 405", "source:hgv:national_network": "https://www.ecfr.gov/current/title-23/chapter-I/subchapter-G/part-658;https://hepgis-usdot.hub.arcgis.com/apps/usdot::national-network-conventional-combination-trucks-map", "surface": "asphalt", "turn:lanes": "slight_left|slight_left;slight_right|slight_right"}, "geometry": {"type": "LineString", "coordinates": [[-122.6735954, 45.501829], [-122.6736799, 45.5020714]]}}, {"type": "Feature", "properties": {"osm_id": 1008818487, "bicycle": "no", "destination:lanes": "City Center|City Center|Seattle;Corbett Avenue", "hgv": "designated", "hgv:national_network": "yes", "highway": "motorway", "lanes": "3", "maxspeed": "55 mph", "noname": "yes", "official_name": "Pacific Highway #1;Korean War Veterans Memorial Highway;Purple Heart Trail", "oneway": "yes", "ref": "I 5", "source:hgv:national_network": "https://www.ecfr.gov/current/title-23/chapter-I/subchapter-G/part-658;https://hepgis-usdot.hub.arcgis.com/apps/usdot::national-network-conventional-combination-trucks-map", "surface": "asphalt", "turn:lanes": "||through;slight_right"}, "geometry": {"type": "LineString", "coordinates": [[-122.6787194, 45.4812358], [-122.6787279, 45.4815684], [-122.6787424, 45.4818869], [-122.6787648, 45.4821842], [-122.6787814, 45.4824251], [-122.678807, 45.4827175], [-122.6788799, 45.4832275], [-122.6789519, 45.4837316], [-122.6791346, 45.4850924], [-122.6791621, 45.4853472], [-122.6791657, 45.4856013], [-122.6791434, 45.4859786], [-122.6790664, 45.486296], [-122.6789448, 45.4866147], [-122.6787569, 45.4869498], [-122.6784608, 45.4873172]]}}, {"type": "Feature", "properties": {"osm_id": 1008820775, "bicycle": "yes", "description": "Pacific Highway #1", "destination:lanes": "none|none|none|Tigard;Beaverton;Carman Drive", "hgv": "designated", "hgv:national_network": "yes", "highway": "motorway", "lanes": "4", "lit": "yes", "maxspeed": "55 mph", "noname": "yes", "official_name": "Pacific Highway #1;Korean War Veterans Memorial Highway;Purple Heart Trail", "old_name": "West Portland-Hubbard Highway #51", "old_ref": "US 99", "oneway": "yes", "ref": "I 5", "source:hgv:national_network": "https://www.ecfr.gov/current/title-23/chapter-I/subchapter-G/part-658;https://hepgis-usdot.hub.arcgis.com/apps/usdot::national-network-conventional-combination-trucks-map", "turn:lanes": "none|none|none|through;slight_right"}, "geometry": {"type": "LineString", "coordinates": [[-122.7444509, 45.4034875], [-122.7442612, 45.4043729], [-122.7441056, 45.4052385]]}}, {"type": "Feature", "properties": {"osm_id": 1008837918, "bicycle": "yes", "destination:lanes": "none|Salem|Salem|none;Oregon City|Oregon City", "hgv": "designated", "hgv:national_network": "yes", "highway": "motorway", "lanes": "5", "maxspeed": "55 mph", "noname": "yes", "official_name": "Pacific Highway #1;Korean War Veterans Memorial Highway;Purple Heart Trail", "old_name": "Robert Hugh Baldock Freeway;West Portland-Hubbard Highway #51", "old_ref": "US 99", "oneway": "yes", "placement": "middle_of:2", "ref": "I 5", "source:hgv:national_network": "https://www.ecfr.gov/current/title-23/chapter-I/subchapter-G/part-658;https://hepgis-usdot.hub.arcgis.com/apps/usdot::national-network-conventional-combination-trucks-map", "surface": "asphalt", "turn:lanes": "through|through|through|through;slight_right|slight_right"}, "geometry": {"type": "LineString", "coordinates": [[-122.7554526, 45.3757874], [-122.7557582, 45.3750251]]}}, {"type": "Feature", "properties": {"osm_id": 1008845562, "bicycle": "no", "description": "Pacific Highway #1", "hgv": "designated", "hgv:national_network": "yes", "highway": "motorway", "lanes": "3", "lit": "yes", "maxspeed": "55 mph", "noname": "yes", "official_name": "Pacific Highway #1;Korean War Veterans Memorial Highway;Purple Heart Trail", "old_name": "West Portland-Hubbard Highway #51", "old_ref": "US 99", "oneway": "yes", "ref": "I 5", "source:hgv:national_network": "https://www.ecfr.gov/current/title-23/chapter-I/subchapter-G/part-658;https://hepgis-usdot.hub.arcgis.com/apps/usdot::national-network-conventional-combination-trucks-map", "surface": "asphalt"}, "geometry": {"type": "LineString", "coordinates": [[-122.74434, 45.4365394], [-122.7443469, 45.4362291], [-122.7443326, 45.434604], [-122.7443256, 45.4337383], [-122.7443175, 45.4329587], [-122.744301, 45.4308448]]}}, {"type": "Feature", "properties": {"osm_id": 1008845563, "bicycle": "no", "description": "Pacific Highway #1", "destination:lanes": "none|none|Carman Drive;Kruse Way;Lake Oswego", "hgv": "designated", "hgv:national_network": "yes", "highway": "motorway", "lanes": "3", "lit": "yes", "maxspeed": "55 mph", "noname": "yes", "official_name": "Pacific Highway #1;Korean War Veterans Memorial Highway;Purple Heart Trail", "old_name": "West Portland-Hubbard Highway #51", "old_ref": "US 99", "oneway": "yes", "ref": "I 5", "source:hgv:national_network": "https://www.ecfr.gov/current/title-23/chapter-I/subchapter-G/part-658;https://hepgis-usdot.hub.arcgis.com/apps/usdot::national-network-conventional-combination-trucks-map", "surface": "asphalt", "turn:lanes": "none|none|through;slight_right"}, "geometry": {"type": "LineString", "coordinates": [[-122.744301, 45.4308448], [-122.7442828, 45.4289033], [-122.7442607, 45.4269867], [-122.7442611, 45.4260509]]}}, {"type": "Feature", "properties": {"osm_id": 1008854699, "access:lanes": "yes|yes|yes", "access:lanes:conditional": "no|yes|yes @ Mo-Fr 15:00-18:00", "bicycle": "no", "bridge": "yes", "bus:lanes": "designated||", "hgv": "designated", "highway": "motorway", "hov:lanes": "designated||", "hov:minimum": "2", "lanes": "3", "layer": "2", "lit": "yes", "maxspeed": "55 mph", "motorcycle:lanes": "designated||", "official_name": "Pacific Highway #1;Korean War Veterans Memorial Highway;Purple Heart Trail", "oneway": "yes", "ref": "I 5", "surface": "asphalt"}, "geometry": {"type": "LineString", "coordinates": [[-122.6791148, 45.5842796], [-122.6792514, 45.5845978], [-122.6793953, 45.5849143]]}}, {"type": "Feature", "properties": {"osm_id": 1008856342, "bicycle": "no", "hgv": "designated", "hgv:national_network": "yes", "highway": "motorway", "lanes": "3", "lit": "yes", "maxspeed": "55 mph", "noname": "yes", "official_name": "Pacific Highway #1;Korean War Veterans Memorial Highway;Purple Heart Trail", "oneway": "yes", "ref": "I 5", "source:hgv:national_network": "https://www.ecfr.gov/current/title-23/chapter-I/subchapter-G/part-658;https://hepgis-usdot.hub.arcgis.com/apps/usdot::national-network-conventional-combination-trucks-map", "surface": "asphalt"}, "geometry": {"type": "LineString", "coordinates": [[-122.7183828, 45.4535673], [-122.7187607, 45.4535395], [-122.7191243, 45.4535367], [-122.7196051, 45.4535498], [-122.7201235, 45.4535793], [-122.7208937, 45.4536179], [-122.7213381, 45.4536457], [-122.7218143, 45.4536662], [-122.7220665, 45.4536768], [-122.722359, 45.4536789], [-122.7226696, 45.4536806], [-122.7230296, 45.4536669], [-122.7233867, 45.4536399], [-122.7236607, 45.4536148], [-122.7239219, 45.4535855], [-122.7243977, 45.4535005], [-122.724538, 45.4534716]]}}, {"type": "Feature", "properties": {"osm_id": 1008874205, "CCGIS:bicycle": "no", "bicycle": "no", "hgv": "designated", "hgv:national_network": "yes", "highway": "motorway", "lanes": "3", "lit": "yes", "maxspeed": "60 mph", "noname": "yes", "oneway": "yes", "parking:lane:both": "no_parking", "ref": "I 5", "sidewalk": "no", "source:hgv:national_network": "https://www.ecfr.gov/current/title-23/chapter-I/subchapter-G/part-658;https://hepgis-usdot.hub.arcgis.com/apps/usdot::national-network-conventional-combination-trucks-map", "surface": "asphalt"}, "geometry": {"type": "LineString", "coordinates": [[-122.6647052, 45.6778808], [-122.6646579, 45.675048], [-122.6646428, 45.673518], [-122.6646368, 45.6726985]]}}, {"type": "Feature", "properties": {"osm_id": 1008874206, "CCGIS:bicycle": "no", "bicycle": "no", "hgv": "designated", "hgv:national_network": "yes", "highway": "motorway", "lanes": "3", "lit": "yes", "maxspeed": "60 mph", "noname": "yes", "oneway": "yes", "parking:lane:both": "no_parking", "ref": "I 5", "sidewalk": "no", "source:hgv:national_network": "https://www.ecfr.gov/current/title-23/chapter-I/subchapter-G/part-658;https://hepgis-usdot.hub.arcgis.com/apps/usdot::national-network-conventional-combination-trucks-map", "surface": "asphalt"}, "geometry": {"type": "LineString", "coordinates": [[-122.6669887, 45.6628378], [-122.6656063, 45.6595307], [-122.664105, 45.6557298]]}}, {"type": "Feature", "properties": {"osm_id": 1009562564, "bicycle": "no", "description": "Pacific Highway #1", "description_1": "I5 Freeway Southbound", "destination:lanes": "none|none|none;Terwilliger Boulevard", "hgv": "designated", "hgv:national_network": "yes", "highway": "motorway", "lanes": "3", "maxspeed": "50 mph", "name": "Terwilliger Curves", "official_name": "Pacific Highway #1;Korean War Veterans Memorial Highway;Purple Heart Trail", "oneway": "yes", "ref": "I 5", "source:hgv:national_network": "https://www.ecfr.gov/current/title-23/chapter-I/subchapter-G/part-658;https://hepgis-usdot.hub.arcgis.com/apps/usdot::national-network-conventional-combination-trucks-map", "surface": "asphalt", "turn:lanes": "none|none|through;slight_right"}, "geometry": {"type": "LineString", "coordinates": [[-122.6788498, 45.4764781], [-122.678846, 45.4764506], [-122.6788326, 45.4763522], [-122.678831, 45.4763405], [-122.6787877, 45.4761439], [-122.6787093, 45.4758142], [-122.6785456, 45.4752302], [-122.6782927, 45.4744702], [-122.6779776, 45.4736597], [-122.6776577, 45.4728419], [-122.6775274, 45.4724564], [-122.6774537, 45.4721427], [-122.6774293, 45.4719017], [-122.6774545, 45.4715974], [-122.6775762, 45.4712178], [-122.6776951, 45.4710075], [-122.6778631, 45.4707545], [-122.678114, 45.4705066], [-122.6783546, 45.4703233], [-122.6787132, 45.4701113], [-122.6789066, 45.4700113], [-122.679085, 45.4699339], [-122.6793986, 45.4698269], [-122.6797454, 45.4697416], [-122.6800089, 45.46971], [-122.6802619, 45.4696883], [-122.6805437, 45.4696807], [-122.6808231, 45.4696855], [-122.6811704, 45.469719], [-122.6815187, 45.4697695], [-122.6818783, 45.4698235], [-122.6835294, 45.4701232]]}}, {"type": "Feature", "properties": {"osm_id": 1009582705, "access:lanes": "yes|yes|yes", "access:lanes:conditional": "no|yes|yes @ Mo-Fr 15:00-18:00", "bicycle": "no", "bus:lanes": "designated||", "destination:lanes": "none|none|none;Rosa Parks Way", "hgv": "designated", "highway": "motorway", "hov:lanes": "designated||", "hov:minimum": "2", "lanes": "3", "lit": "yes", "maxheight:signed": "no", "maxspeed": "55 mph", "motorcycle:lanes": "designated||", "noname": "yes", "official_name": "Pacific Highway #1;Korean War Veterans Memorial Highway;Purple Heart Trail", "oneway": "yes", "ref": "I 5", "sidewalk": "no", "surface": "asphalt", "turn:lanes": "none|none|through;slight_right"}, "geometry": {"type": "LineString", "coordinates": [[-122.6785413, 45.5635492], [-122.6785524, 45.564275], [-122.6785542, 45.5651004], [-122.6785485, 45.5659606], [-122.6785333, 45.5671684]]}}, {"type": "Feature", "properties": {"osm_id": 1009585335, "bicycle": "yes", "destination:lanes": "Salem|Salem|Salem|none;Nyberg Street;Tualatin-Sherwood Road|Nyberg Street;Tualatin-Sherwood Road", "hgv": "designated", "hgv:national_network": "yes", "highway": "motorway", "lanes": "5", "lit": "yes", "maxspeed": "55 mph", "noname": "yes", "official_name": "Pacific Highway #1;Korean War Veterans Memorial Highway;Purple Heart Trail", "old_name": "Robert Hugh Baldock Freeway;West Portland-Hubbard Highway #51", "old_ref": "US 99", "oneway": "yes", "ref": "I 5", "source:hgv:national_network": "https://www.ecfr.gov/current/title-23/chapter-I/subchapter-G/part-658;https://hepgis-usdot.hub.arcgis.com/apps/usdot::national-network-conventional-combination-trucks-map", "surface": "asphalt", "turn:lanes": "none|none|none|through;slight_right|slight_right"}, "geometry": {"type": "LineString", "coordinates": [[-122.7509729, 45.3871499], [-122.7510865, 45.3868526]]}}, {"type": "Feature", "properties": {"osm_id": 1009590637, "bicycle": "no", "hgv": "designated", "hgv:national_network": "yes", "highway": "motorway", "lanes": "3", "maxspeed": "50 mph", "noname": "yes", "official_name": "Pacific Highway #1;Korean War Veterans Memorial Highway;Purple Heart Trail", "oneway": "yes", "ref": "I 5", "source:hgv:national_network": "https://www.ecfr.gov/current/title-23/chapter-I/subchapter-G/part-658;https://hepgis-usdot.hub.arcgis.com/apps/usdot::national-network-conventional-combination-trucks-map", "surface": "asphalt"}, "geometry": {"type": "LineString", "coordinates": [[-122.6940355, 45.4663698], [-122.6943662, 45.4661643], [-122.694931, 45.4658177], [-122.6955064, 45.4654843]]}}, {"type": "Feature", "properties": {"osm_id": 1009592908, "CCGIS:bicycle": "no", "bicycle": "no", "destination:lanes": "none|none|none|City Center;Mill Plain Boulevard;Port of Vancouver|City Center;Mill Plain Boulevard;Port of Vancouver", "hgv": "designated", "hgv:national_network": "yes", "highway": "motorway", "lanes": "5", "lit": "yes", "maxspeed": "60 mph", "noname": "yes", "oneway": "yes", "parking:lane:both": "no_parking", "ref": "I 5", "sidewalk": "no", "source": "Yahoo,TIGER", "source:hgv:national_network": "https://www.ecfr.gov/current/title-23/chapter-I/subchapter-G/part-658;https://hepgis-usdot.hub.arcgis.com/apps/usdot::national-network-conventional-combination-trucks-map", "turn:lanes": "none|none|none|slight_right|slight_right"}, "geometry": {"type": "LineString", "coordinates": [[-122.6620901, 45.638009], [-122.6621159, 45.637642], [-122.6621682, 45.6373062], [-122.6622097, 45.6370767], [-122.6623273, 45.6366249], [-122.6624537, 45.6362495], [-122.6626046, 45.6358855]]}}, {"type": "Feature", "properties": {"osm_id": 1009596103, "CCGIS:bicycle": "no", "bicycle": "no", "destination:lanes": "|||Northeast 78th Street", "hgv": "designated", "hgv:national_network": "yes", "highway": "motorway", "lanes": "4", "lit": "yes", "maxspeed": "60 mph", "oneway": "yes", "parking:lane:both": "no_parking", "ref": "I 5", "sidewalk": "no", "source:hgv:national_network": "https://www.ecfr.gov/current/title-23/chapter-I/subchapter-G/part-658;https://hepgis-usdot.hub.arcgis.com/apps/usdot::national-network-conventional-combination-trucks-map", "turn:lanes": "|||slight_right"}, "geometry": {"type": "LineString", "coordinates": [[-122.6645231, 45.6862454], [-122.6645712, 45.6859552], [-122.6646434, 45.6855795], [-122.6646936, 45.6851962], [-122.6647439, 45.6847441], [-122.6647592, 45.6844188]]}}, {"type": "Feature", "properties": {"osm_id": 1009598863, "bicycle": "no", "destination:lanes": "||none;Taylors Ferry Road", "hgv": "designated", "hgv:national_network": "yes", "highway": "motorway", "lanes": "3", "lit": "yes", "maxspeed": "55 mph", "noname": "yes", "official_name": "Pacific Highway #1;Korean War Veterans Memorial Highway;Purple Heart Trail", "oneway": "yes", "ref": "I 5", "source:hgv:national_network": "https://www.ecfr.gov/current/title-23/chapter-I/subchapter-G/part-658;https://hepgis-usdot.hub.arcgis.com/apps/usdot::national-network-conventional-combination-trucks-map", "surface": "asphalt", "turn:lanes": "||through;slight_right"}, "geometry": {"type": "LineString", "coordinates": [[-122.718261, 45.4534393], [-122.7177405, 45.4535254], [-122.7173822, 45.4535963], [-122.7170472, 45.4536738], [-122.716853, 45.4537295], [-122.7165406, 45.4538287], [-122.7160334, 45.454021], [-122.7154447, 45.4543054], [-122.715044, 45.4545031], [-122.7143837, 45.454869], [-122.7120285, 45.4561692]]}}, {"type": "Feature", "properties": {"osm_id": 1009602283, "access:lanes": "yes|yes|yes", "access:lanes:conditional": "no|yes|yes @ Mo-Fr 15:00-18:00", "bicycle": "no", "bus:lanes": "designated||", "destination:lanes": "none|none|Columbia Boulevard;Lombard Street West", "hgv": "designated", "highway": "motorway", "hov:lanes": "designated||", "hov:minimum": "2", "lanes": "3", "lit": "yes", "maxheight:signed": "no", "maxspeed": "55 mph", "motorcycle:lanes": "designated||", "noname": "yes", "official_name": "Pacific Highway #1;Korean War Veterans Memorial Highway;Purple Heart Trail", "oneway": "yes", "ref": "I 5", "surface": "asphalt", "turn:lanes": "none|none|through;right"}, "geometry": {"type": "LineString", "coordinates": [[-122.6785537, 45.5753746], [-122.67853, 45.5772755]]}}, {"type": "Feature", "properties": {"osm_id": 1009638506, "CCGIS:bicycle": "no", "bicycle": "no", "destination:lanes": "|||39th Street", "hgv": "designated", "hgv:national_network": "yes", "highway": "motorway", "lanes": "4", "lit": "yes", "maxspeed": "60 mph", "noname": "yes", "oneway": "yes", "parking:lane:both": "no_parking", "ref": "I 5", "sidewalk": "no", "source": "Yahoo,TIGER", "source:hgv:national_network": "https://www.ecfr.gov/current/title-23/chapter-I/subchapter-G/part-658;https://hepgis-usdot.hub.arcgis.com/apps/usdot::national-network-conventional-combination-trucks-map", "surface": "asphalt", "turn:lanes": "|||right"}, "geometry": {"type": "LineString", "coordinates": [[-122.664105, 45.6557298], [-122.662872, 45.6527004]]}}, {"type": "Feature", "properties": {"osm_id": 1009650485, "CCGIS:bicycle": "no", "bicycle": "no", "destination:lanes": "none|none|none|none;4th Plain Boulevard East|4th Plain Boulevard West", "hgv": "designated", "hgv:national_network": "yes", "highway": "motorway", "lanes": "5", "lit": "yes", "maxspeed": "60 mph", "noname": "yes", "oneway": "yes", "parking:lane:both": "no_parking", "ref": "I 5", "sidewalk": "no", "source": "Yahoo,TIGER", "source:hgv:national_network": "https://www.ecfr.gov/current/title-23/chapter-I/subchapter-G/part-658;https://hepgis-usdot.hub.arcgis.com/apps/usdot::national-network-conventional-combination-trucks-map", "turn:lanes": "none|none|none|through;slight_right|slight_right"}, "geometry": {"type": "LineString", "coordinates": [[-122.661977, 45.6444719], [-122.6620107, 45.6419708]]}}, {"type": "Feature", "properties": {"osm_id": 1011717412, "NHS": "yes", "RLIS:bicycle": "caution_area", "alt_name": "Highway 99E", "bicycle": "yes", "hgv": "designated", "hgv:national_network": "yes", "highway": "primary", "lanes": "2", "maxspeed": "30 mph", "name": "Northeast Martin Luther King Junior Boulevard", "name:etymology": "Martin Luther King Junior", "name:etymology:wikidata": "Q8027", "name:etymology:wikipedia": "en:Martin Luther King Jr.", "oneway": "yes", "ref": "OR 99E", "short_name": "NE MLK Jr Blvd; NE MLK Blvd", "sidewalk": "right", "surface": "asphalt"}, "geometry": {"type": "LineString", "coordinates": [[-122.6615386, 45.5421169], [-122.66153, 45.5421914], [-122.6615306, 45.5424167], [-122.6615331, 45.5426264], [-122.6615421, 45.5427978], [-122.661544, 45.5428473]]}}, {"type": "Feature", "properties": {"osm_id": 1011731274, "bicycle": "yes", "hgv": "designated", "hgv:national_network": "yes", "highway": "motorway", "lanes": "3", "maxspeed": "60 mph", "oneway": "yes", "ref": "I 205", "source:hgv:national_network": "https://www.ecfr.gov/current/title-23/chapter-I/subchapter-G/part-658;https://hepgis-usdot.hub.arcgis.com/apps/usdot::national-network-conventional-combination-trucks-map"}, "geometry": {"type": "LineString", "coordinates": [[-122.5937511, 45.6828347], [-122.5927056, 45.6823537]]}}, {"type": "Feature", "properties": {"osm_id": 1024554571, "NHS": "yes", "RLIS:bicycle": "caution_area", "alt_name": "Highway 99E", "bicycle": "yes", "expressway": "yes", "foot": "no", "hgv": "designated", "hgv:national_network": "yes", "highway": "trunk", "lanes": "3", "maxspeed": "30 mph", "name": "Southeast Martin Luther King Junior Boulevard", "name:etymology": "Martin Luther King Junior", "name:etymology:wikidata": "Q8027", "name:etymology:wikipedia": "en:Martin Luther King Jr.", "oneway": "yes", "ref": "OR 99E", "short_name": "SE MLK Jr Blvd", "sidewalk": "no", "surface": "asphalt", "turn:lanes": "through|through|merge_to_left"}, "geometry": {"type": "LineString", "coordinates": [[-122.6609181, 45.5026407], [-122.6608843, 45.5023259]]}}, {"type": "Feature", "properties": {"osm_id": 1024770844, "NHS": "yes", "RLIS:bicycle": "caution_area", "alt_name": "Highway 99E", "bicycle": "yes", "hgv": "designated", "hgv:national_network": "yes", "highway": "primary", "lanes": "4", "maxspeed": "30 mph", "name": "Northeast Martin Luther King Junior Boulevard", "name:etymology": "Martin Luther King Junior", "name:etymology:wikidata": "Q8027", "name:etymology:wikipedia": "en:Martin Luther King Jr.", "old_name": "Northeast Union Avenue", "oneway": "yes", "ref": "OR 99E", "short_name": "NE MLK Jr Blvd; NE MLK Blvd", "sidewalk:both": "separate", "surface": "asphalt", "turn:lanes": "|||right"}, "geometry": {"type": "LineString", "coordinates": [[-122.661658, 45.5355657], [-122.6616593, 45.5352927], [-122.6616605, 45.5351778], [-122.6616582, 45.5350877]]}}, {"type": "Feature", "properties": {"osm_id": 1024891972, "NHS": "yes", "RLIS:bicycle": "caution_area", "alt_name": "Highway 99E", "bicycle": "yes", "cycleway": "no", "embedded_rails": "tram", "hgv": "designated", "hgv:national_network": "yes", "highway": "primary", "lanes": "4", "lanes:bus": "1", "maxspeed": "30 mph", "name": "Northeast Martin Luther King Junior Boulevard", "name:etymology": "Martin Luther King Junior", "name:etymology:wikidata": "Q8027", "name:etymology:wikipedia": "en:Martin Luther King Jr.", "old_name": "Northeast Union Avenue", "oneway": "yes", "ref": "OR 99E", "short_name": "NE MLK Jr Blvd", "sidewalk:both": "separate", "surface": "asphalt"}, "geometry": {"type": "LineString", "coordinates": [[-122.6617537, 45.5236527], [-122.661755, 45.5235567], [-122.6617573, 45.5233725], [-122.6617614, 45.5230369], [-122.6617627, 45.5229346]]}}, {"type": "Feature", "properties": {"osm_id": 1024891973, "NHS": "yes", "RLIS:bicycle": "caution_area", "alt_name": "Highway 99E", "bicycle": "yes", "cycleway": "no", "embedded_rails": "tram", "hgv": "designated", "hgv:national_network": "yes", "highway": "primary", "lanes": "3", "lanes:bus": "1", "maxspeed": "30 mph", "name": "Northeast Martin Luther King Junior Boulevard", "name:etymology": "Martin Luther King Junior", "name:etymology:wikidata": "Q8027", "name:etymology:wikipedia": "en:Martin Luther King Jr.", "old_name": "Northeast Union Avenue", "oneway": "yes", "ref": "OR 99E", "short_name": "NE MLK Jr Blvd", "sidewalk": "both", "surface": "asphalt"}, "geometry": {"type": "LineString", "coordinates": [[-122.6616967, 45.5249141], [-122.6617162, 45.524668], [-122.661735, 45.524439], [-122.6617414, 45.524361]]}}, {"type": "Feature", "properties": {"osm_id": 1025133350, "NHS": "yes", "RLIS:bicycle": "caution_area", "alt_name": "Highway 99E", "class:bicycle": "-1", "hgv": "designated", "hgv:national_network": "yes", "highway": "primary", "lanes": "4", "lanes:bus": "1", "maxspeed": "30 mph", "name": "Northeast Martin Luther King Junior Boulevard", "name:etymology": "Martin Luther King Junior", "name:etymology:wikidata": "Q8027", "name:etymology:wikipedia": "en:Martin Luther King Jr.", "old_name": "Northeast Union Avenue", "oneway": "yes", "ref": "OR 99E", "short_name": "NE MLK Jr Blvd; NE MLK Blvd", "sidewalk": "both", "surface": "asphalt"}, "geometry": {"type": "LineString", "coordinates": [[-122.6616582, 45.5350877], [-122.6616571, 45.5350469], [-122.6616558, 45.5349953], [-122.6616513, 45.5348084], [-122.6616514, 45.5346939], [-122.6616509, 45.5344445], [-122.6616526, 45.5343895], [-122.6616531, 45.5343599], [-122.6616548, 45.5342793], [-122.6616549, 45.534186], [-122.661655, 45.5341484], [-122.6616554, 45.5339648], [-122.6616556, 45.5338882], [-122.6616562, 45.5336486], [-122.6616572, 45.5332714], [-122.661662, 45.5331376]]}}, {"type": "Feature", "properties": {"osm_id": 1025133351, "NHS": "yes", "RLIS:bicycle": "caution_area", "alt_name": "Highway 99E", "class:bicycle": "-1", "cycleway:right": "no", "hgv": "designated", "hgv:national_network": "yes", "highway": "primary", "lanes": "4", "lanes:bus": "1", "maxspeed": "30 mph", "name": "Northeast Martin Luther King Junior Boulevard", "name:etymology": "Martin Luther King Junior", "name:etymology:wikidata": "Q8027", "name:etymology:wikipedia": "en:Martin Luther King Jr.", "old_name": "Northeast Union Avenue", "oneway": "yes", "ref": "OR 99E", "short_name": "NE MLK Jr Blvd; NE MLK Blvd", "sidewalk": "both", "surface": "asphalt", "turn:lanes": "none|none|none|right"}, "geometry": {"type": "LineString", "coordinates": [[-122.661662, 45.5331376], [-122.6616646, 45.5329942], [-122.6616641, 45.5329371]]}}, {"type": "Feature", "properties": {"osm_id": 1025133352, "NHS": "yes", "RLIS:bicycle": "caution_area", "alt_name": "Highway 99E", "class:bicycle": "-1", "cycleway:right": "no", "hgv": "designated", "hgv:national_network": "yes", "highway": "primary", "lanes": "4", "lanes:bus": "1", "maxspeed": "30 mph", "name": "Northeast Martin Luther King Junior Boulevard", "name:etymology": "Martin Luther King Junior", "name:etymology:wikidata": "Q8027", "name:etymology:wikipedia": "en:Martin Luther King Jr.", "old_name": "Northeast Union Avenue", "oneway": "yes", "ref": "OR 99E", "short_name": "NE MLK Jr Blvd; NE MLK Blvd", "sidewalk": "both", "surface": "asphalt"}, "geometry": {"type": "LineString", "coordinates": [[-122.6616641, 45.5329371], [-122.6616635, 45.5328756], [-122.6616651, 45.5324248]]}}, {"type": "Feature", "properties": {"osm_id": 1025133353, "NHS": "yes", "RLIS:bicycle": "caution_area", "alt_name": "Highway 99E", "class:bicycle": "-1", "hgv": "designated", "hgv:national_network": "yes", "highway": "primary", "lanes": "4", "lanes:bus": "1", "maxspeed": "30 mph", "name": "Northeast Martin Luther King Junior Boulevard", "name:etymology": "Martin Luther King Junior", "name:etymology:wikidata": "Q8027", "name:etymology:wikipedia": "en:Martin Luther King Jr.", "old_name": "Northeast Union Avenue", "oneway": "yes", "ref": "OR 99E", "short_name": "NE MLK Jr Blvd; NE MLK Blvd", "sidewalk": "both", "surface": "asphalt", "turn:lanes": "none|none|none|right"}, "geometry": {"type": "LineString", "coordinates": [[-122.6616651, 45.5324248], [-122.6616666, 45.5322253]]}}, {"type": "Feature", "properties": {"osm_id": 1025133354, "NHS": "yes", "RLIS:bicycle": "caution_area", "alt_name": "Highway 99E", "class:bicycle": "-1", "hgv": "designated", "hgv:national_network": "yes", "highway": "primary", "lanes": "4", "lanes:bus": "1", "maxspeed": "30 mph", "name": "Northeast Martin Luther King Junior Boulevard", "name:etymology": "Martin Luther King Junior", "name:etymology:wikidata": "Q8027", "name:etymology:wikipedia": "en:Martin Luther King Jr.", "old_name": "Northeast Union Avenue", "oneway": "yes", "ref": "OR 99E", "short_name": "NE MLK Jr Blvd; NE MLK Blvd", "sidewalk": "both", "surface": "asphalt"}, "geometry": {"type": "LineString", "coordinates": [[-122.6616666, 45.5322253], [-122.6616679, 45.5317982]]}}, {"type": "Feature", "properties": {"osm_id": 1025133355, "NHS": "yes", "RLIS:bicycle": "caution_area", "alt_name": "Highway 99E", "class:bicycle": "-1", "hgv": "designated", "hgv:national_network": "yes", "highway": "primary", "lanes": "4", "lanes:bus": "1", "maxspeed": "30 mph", "name": "Northeast Martin Luther King Junior Boulevard", "name:etymology": "Martin Luther King Junior", "name:etymology:wikidata": "Q8027", "name:etymology:wikipedia": "en:Martin Luther King Jr.", "old_name": "Northeast Union Avenue", "oneway": "yes", "ref": "OR 99E", "short_name": "NE MLK Jr Blvd; NE MLK Blvd", "sidewalk": "both", "surface": "asphalt", "turn:lanes": "none|none|none|right"}, "geometry": {"type": "LineString", "coordinates": [[-122.6616679, 45.5317982], [-122.6616676, 45.5316172], [-122.6616684, 45.5315038]]}}, {"type": "Feature", "properties": {"osm_id": 1027281076, "bicycle": "yes", "hgv": "designated", "hgv:national_network": "yes", "highway": "motorway", "lanes": "5", "maxspeed": "65 mph", "maxspeed:hgv": "60 mph", "noname": "yes", "official_name": "Pacific Highway #1;Korean War Veterans Memorial Highway;Purple Heart Trail", "old_name": "Robert Hugh Baldock Freeway;West Portland-Hubbard Highway #51", "oneway": "yes", "placement": "middle_of:2", "ref": "I 5", "source:hgv:national_network": "https://www.ecfr.gov/current/title-23/chapter-I/subchapter-G/part-658;https://hepgis-usdot.hub.arcgis.com/apps/usdot::national-network-conventional-combination-trucks-map", "surface": "asphalt", "turn:lanes": "||||merge_to_left"}, "geometry": {"type": "LineString", "coordinates": [[-122.7617294, 45.3601951], [-122.7620386, 45.3594616], [-122.7620797, 45.359359]]}}, {"type": "Feature", "properties": {"osm_id": 1027281077, "bicycle": "yes", "hgv": "designated", "hgv:national_network": "yes", "highway": "motorway", "lanes": "4", "maxspeed": "65 mph", "maxspeed:hgv": "60 mph", "noname": "yes", "official_name": "Pacific Highway #1;Korean War Veterans Memorial Highway;Purple Heart Trail", "old_name": "Robert Hugh Baldock Freeway;West Portland-Hubbard Highway #51", "oneway": "yes", "placement": "middle_of:2", "ref": "I 5", "source:hgv:national_network": "https://www.ecfr.gov/current/title-23/chapter-I/subchapter-G/part-658;https://hepgis-usdot.hub.arcgis.com/apps/usdot::national-network-conventional-combination-trucks-map", "surface": "asphalt"}, "geometry": {"type": "LineString", "coordinates": [[-122.7620797, 45.359359], [-122.7623421, 45.3587127], [-122.7624736, 45.3583862]]}}, {"type": "Feature", "properties": {"osm_id": 1029661108, "bicycle": "designated", "highway": "tertiary", "lanes": "2", "maxspeed": "30 mph", "name": "North Interstate Avenue", "old_name": "Pacific Highway West #1W (91)", "old_ref": "OR 99W (old US 99W)", "oneway": "yes", "sidewalk": "right", "turn:lanes": "left|none"}, "geometry": {"type": "LineString", "coordinates": [[-122.6822931, 45.5667641], [-122.6822969, 45.5664072], [-122.682304, 45.5663043]]}}, {"type": "Feature", "properties": {"osm_id": 1030284043, "bicycle": "designated", "cycleway:right": "shared_lane", "highway": "tertiary", "lanes": "2", "maxspeed": "30 mph", "maxspeed:conditional": "20 mph @ (school_days 07:00-17:00)", "name": "North Interstate Avenue", "old_name": "Pacific Highway West #1W (91)", "old_ref": "OR 99W (old US 99W)", "oneway": "yes", "sidewalk:left": "no", "sidewalk:right": "separate", "turn:lanes": "left|through;right"}, "geometry": {"type": "LineString", "coordinates": [[-122.6821458, 45.5623369], [-122.6821423, 45.5625456], [-122.6821443, 45.5625653], [-122.6821248, 45.5626647]]}}, {"type": "Feature", "properties": {"osm_id": 1030339010, "NHS": "yes", "RLIS:bicycle": "caution_area", "alt_name": "Highway 99E", "bicycle": "yes", "hgv": "designated", "hgv:national_network": "yes", "highway": "primary", "lanes": "2", "maxspeed": "30 mph", "name": "Northeast Martin Luther King Junior Boulevard", "name:etymology": "Martin Luther King Junior", "name:etymology:wikidata": "Q8027", "name:etymology:wikipedia": "en:Martin Luther King Jr.", "old_name": "Northeast Union Avenue", "oneway": "yes", "ref": "OR 99E", "short_name": "NE MLK Jr Blvd; NE MLK Blvd", "sidewalk": "right", "surface": "asphalt"}, "geometry": {"type": "LineString", "coordinates": [[-122.6616663, 45.5467765], [-122.6616688, 45.5463702], [-122.6616062, 45.5461774]]}}, {"type": "Feature", "properties": {"osm_id": 1030339011, "NHS": "yes", "RLIS:bicycle": "caution_area", "alt_name": "Highway 99E", "bicycle": "yes", "hgv": "designated", "hgv:national_network": "yes", "highway": "primary", "lanes": "2", "maxspeed": "30 mph", "name": "Northeast Martin Luther King Junior Boulevard", "name:etymology": "Martin Luther King Junior", "name:etymology:wikidata": "Q8027", "name:etymology:wikipedia": "en:Martin Luther King Jr.", "old_name": "Northeast Union Avenue", "oneway": "yes", "ref": "OR 99E", "short_name": "NE MLK Jr Blvd; NE MLK Blvd", "sidewalk": "right", "surface": "asphalt"}, "geometry": {"type": "LineString", "coordinates": [[-122.6616063, 45.5469894], [-122.661666, 45.5468299], [-122.6616663, 45.5467765]]}}, {"type": "Feature", "properties": {"osm_id": 1036135131, "NHS": "yes", "RLIS:bicycle": "caution_area", "alt_name": "Highway 99E", "bicycle": "yes", "cycleway:both": "no", "hgv": "designated", "hgv:national_network": "yes", "highway": "primary", "lanes": "5", "lanes:backward": "2", "lanes:both_ways": "1", "lanes:forward": "2", "maxspeed": "30 mph", "name": "Northeast Martin Luther King Junior Boulevard", "name:etymology": "Martin Luther King Junior", "name:etymology:wikidata": "Q8027", "name:etymology:wikipedia": "en:Martin Luther King Jr.", "old_name": "Pacific Highway East #1E (81)", "old_ref": "US 99E", "ref": "OR 99E", "short_name": "NE MLK Jr Blvd", "sidewalk": "both", "surface": "asphalt"}, "geometry": {"type": "LineString", "coordinates": [[-122.6614165, 45.5651291], [-122.6614176, 45.5649299], [-122.661418, 45.5648488]]}}, {"type": "Feature", "properties": {"osm_id": 1036135132, "NHS": "yes", "RLIS:bicycle": "caution_area", "alt_name": "Highway 99E", "bicycle": "yes", "cycleway:both": "no", "hgv": "designated", "hgv:national_network": "yes", "highway": "primary", "lanes": "4", "maxspeed": "30 mph", "name": "Northeast Martin Luther King Junior Boulevard", "name:etymology": "Martin Luther King Junior", "name:etymology:wikidata": "Q8027", "name:etymology:wikipedia": "en:Martin Luther King Jr.", "old_name": "Pacific Highway East #1E (81)", "old_ref": "US 99E", "ref": "OR 99E", "short_name": "NE MLK Jr Blvd", "sidewalk": "both", "surface": "asphalt", "traffic_calming": "island"}, "geometry": {"type": "LineString", "coordinates": [[-122.6614166, 45.5653528], [-122.6614165, 45.5652027], [-122.6614165, 45.5651291]]}}, {"type": "Feature", "properties": {"osm_id": 1036204968, "NHS": "yes", "RLIS:bicycle": "caution_area", "alt_name": "Highway 99E", "bicycle": "yes", "cycleway:both": "no", "hgv": "designated", "hgv:national_network": "yes", "highway": "primary", "lanes": "4", "maxspeed": "30 mph", "name": "Northeast Martin Luther King Junior Boulevard", "name:etymology": "Martin Luther King Junior", "name:etymology:wikidata": "Q8027", "name:etymology:wikipedia": "en:Martin Luther King Jr.", "old_name": "Pacific Highway East #1E (81)", "old_ref": "US 99E", "ref": "OR 99E", "short_name": "NE MLK Jr Blvd", "sidewalk": "both", "surface": "asphalt"}, "geometry": {"type": "LineString", "coordinates": [[-122.6614275, 45.5638643], [-122.6614355, 45.5636789], [-122.6614376, 45.5636471]]}}, {"type": "Feature", "properties": {"osm_id": 1036204969, "NHS": "yes", "RLIS:bicycle": "caution_area", "alt_name": "Highway 99E", "bicycle": "yes", "cycleway:both": "no", "hgv": "designated", "hgv:national_network": "yes", "highway": "primary", "lanes": "4", "maxspeed": "30 mph", "name": "Northeast Martin Luther King Junior Boulevard", "name:etymology": "Martin Luther King Junior", "name:etymology:wikidata": "Q8027", "name:etymology:wikipedia": "en:Martin Luther King Jr.", "old_name": "Pacific Highway East #1E (81)", "old_ref": "US 99E", "ref": "OR 99E", "short_name": "NE MLK Jr Blvd", "sidewalk": "both", "surface": "asphalt", "traffic_calming": "island"}, "geometry": {"type": "LineString", "coordinates": [[-122.6614254, 45.5640605], [-122.661426, 45.5640076], [-122.6614271, 45.5639033], [-122.6614275, 45.5638643]]}}, {"type": "Feature", "properties": {"osm_id": 1047868513, "bicycle": "no", "description": "Stadium Freeway Highway #61", "description_1": "Southwest I405 Freeway - I5 Freeway Ramp", "hgv": "designated", "hgv:national_network": "yes", "highway": "motorway", "lanes": "3", "maxspeed": "50 mph", "old_name": "Robert Hugh Baldock Freeway", "oneway": "yes", "ref": "I 405", "source:hgv:national_network": "https://www.ecfr.gov/current/title-23/chapter-I/subchapter-G/part-658;https://hepgis-usdot.hub.arcgis.com/apps/usdot::national-network-conventional-combination-trucks-map"}, "geometry": {"type": "LineString", "coordinates": [[-122.6742466, 45.5029092], [-122.6738815, 45.5020125], [-122.6737954, 45.5017845]]}}, {"type": "Feature", "properties": {"osm_id": 1051294445, "bicycle": "yes", "destination:lanes": "||none;City Center", "hgv": "designated", "hgv:national_network": "yes", "highway": "motorway", "lanes": "3", "maxspeed": "60 mph", "oneway": "yes", "ref": "I 205", "source:hgv:national_network": "https://www.ecfr.gov/current/title-23/chapter-I/subchapter-G/part-658;https://hepgis-usdot.hub.arcgis.com/apps/usdot::national-network-conventional-combination-trucks-map", "surface": "asphalt", "turn:lanes": "||through;slight_right"}, "geometry": {"type": "LineString", "coordinates": [[-122.5891362, 45.6803663], [-122.5887752, 45.6801054], [-122.588401, 45.6798122], [-122.5883167, 45.6797446]]}}, {"type": "Feature", "properties": {"osm_id": 1052978419, "bicycle": "yes", "hgv": "designated", "hgv:national_network": "yes", "highway": "motorway", "lanes": "2", "maxheight:signed": "no", "maxspeed": "60 mph", "oneway": "yes", "placement": "right_of:1", "ref": "I 205", "source:hgv:national_network": "https://www.ecfr.gov/current/title-23/chapter-I/subchapter-G/part-658;https://hepgis-usdot.hub.arcgis.com/apps/usdot::national-network-conventional-combination-trucks-map"}, "geometry": {"type": "LineString", "coordinates": [[-122.5695423, 45.6556874], [-122.5697909, 45.6559613], [-122.5704459, 45.6566629], [-122.5715393, 45.6578374]]}}, {"type": "Feature", "properties": {"osm_id": 1053616250, "bicycle": "yes", "hgv": "designated", "hgv:national_network": "yes", "highway": "motorway", "lanes": "4", "lit": "yes", "maxspeed": "55 mph", "noname": "yes", "official_name": "Pacific Highway #1;Korean War Veterans Memorial Highway;Purple Heart Trail", "old_name": "Robert Hugh Baldock Freeway;West Portland-Hubbard Highway #51", "old_ref": "US 99", "oneway": "yes", "ref": "I 5", "source:hgv:national_network": "https://www.ecfr.gov/current/title-23/chapter-I/subchapter-G/part-658;https://hepgis-usdot.hub.arcgis.com/apps/usdot::national-network-conventional-combination-trucks-map", "surface": "asphalt"}, "geometry": {"type": "LineString", "coordinates": [[-122.7534586, 45.3807683], [-122.7538349, 45.3798287], [-122.7538929, 45.3796592]]}}, {"type": "Feature", "properties": {"osm_id": 1054616525, "NHS": "yes", "RLIS:bicycle": "caution_area", "alt_name": "Highway 99E", "bicycle": "yes", "embedded_rails": "tram", "hgv": "designated", "hgv:national_network": "yes", "highway": "primary", "lanes": "4", "lanes:bus": "1", "maxspeed": "30 mph", "name": "Southeast Martin Luther King Junior Boulevard", "name:etymology": "Martin Luther King Junior", "name:etymology:wikidata": "Q8027", "name:etymology:wikipedia": "en:Martin Luther King Jr.", "old_name": "Southeast Union Avenue", "oneway": "yes", "ref": "OR 99E", "short_name": "SE MLK Jr Blvd", "sidewalk": "both", "surface": "asphalt"}, "geometry": {"type": "LineString", "coordinates": [[-122.6618163, 45.517217], [-122.6618194, 45.517074], [-122.66182, 45.5169468], [-122.6618224, 45.5167521], [-122.6618208, 45.5166041], [-122.6618192, 45.516469]]}}, {"type": "Feature", "properties": {"osm_id": 1054616526, "NHS": "yes", "RLIS:bicycle": "caution_area", "alt_name": "Highway 99E", "bicycle": "yes", "embedded_rails": "tram", "hgv": "designated", "hgv:national_network": "yes", "highway": "primary", "lanes": "3", "lanes:bus": "1", "maxspeed": "30 mph", "name": "Southeast Martin Luther King Junior Boulevard", "name:etymology": "Martin Luther King Junior", "name:etymology:wikidata": "Q8027", "name:etymology:wikipedia": "en:Martin Luther King Jr.", "old_name": "Southeast Union Avenue", "oneway": "yes", "ref": "OR 99E", "short_name": "SE MLK Jr Blvd", "sidewalk": "both", "surface": "asphalt", "turn:lanes": "||right"}, "geometry": {"type": "LineString", "coordinates": [[-122.6618232, 45.5158031], [-122.6618178, 45.5154785], [-122.661812, 45.5152969]]}}, {"type": "Feature", "properties": {"osm_id": 1058927163, "NHS": "yes", "RLIS:bicycle": "caution_area", "alt_name": "Highway 99E", "bicycle": "yes", "embedded_rails": "tram", "hgv": "designated", "hgv:national_network": "yes", "highway": "trunk", "lanes": "4", "maxspeed": "30 mph", "name": "Southeast Martin Luther King Junior Boulevard", "name:etymology": "Martin Luther King Junior", "name:etymology:wikidata": "Q8027", "name:etymology:wikipedia": "en:Martin Luther King Jr.", "old_name": "Southeast Union Avenue", "oneway": "yes", "ref": "OR 99E", "short_name": "SE MLK Jr Blvd", "sidewalk:both": "separate", "surface": "asphalt", "turn:lanes": "none|none|none|right"}, "geometry": {"type": "LineString", "coordinates": [[-122.6618227, 45.5136666], [-122.6618226, 45.5135995], [-122.6618225, 45.513573], [-122.6618319, 45.5131828]]}}, {"type": "Feature", "properties": {"osm_id": 1058927166, "NHS": "yes", "RLIS:bicycle": "caution_area", "alt_name": "Highway 99E", "bicycle": "yes", "embedded_rails": "tram", "hgv": "designated", "hgv:national_network": "yes", "highway": "trunk", "lanes": "4", "lanes:bus": "1", "maxspeed": "30 mph", "name": "Southeast Martin Luther King Junior Boulevard", "name:etymology": "Martin Luther King Junior", "name:etymology:wikidata": "Q8027", "name:etymology:wikipedia": "en:Martin Luther King Jr.", "old_name": "Southeast Union Avenue", "oneway": "yes", "ref": "OR 99E", "short_name": "SE MLK Jr Blvd", "sidewalk": "both", "surface": "asphalt", "turn:lanes": "none|none|none|right"}, "geometry": {"type": "LineString", "coordinates": [[-122.6618185, 45.5150931], [-122.6618196, 45.5150132], [-122.6618202, 45.5149183]]}}, {"type": "Feature", "properties": {"osm_id": 1058927167, "NHS": "yes", "RLIS:bicycle": "caution_area", "alt_name": "Highway 99E", "bicycle": "yes", "embedded_rails": "tram", "hgv": "designated", "hgv:national_network": "yes", "highway": "trunk", "lanes": "5", "maxspeed": "30 mph", "name": "Southeast Martin Luther King Junior Boulevard", "name:etymology": "Martin Luther King Junior", "name:etymology:wikidata": "Q8027", "name:etymology:wikipedia": "en:Martin Luther King Jr.", "old_name": "Southeast Union Avenue", "oneway": "yes", "ref": "OR 99E", "short_name": "SE MLK Jr Blvd", "sidewalk:both": "separate", "surface": "asphalt", "turn:lanes": "none|none|none|none|right"}, "geometry": {"type": "LineString", "coordinates": [[-122.6618319, 45.5131828], [-122.6618344, 45.5130981], [-122.6618349, 45.513029], [-122.6618352, 45.5129791]]}}, {"type": "Feature", "properties": {"osm_id": 1061350395, "NHS": "yes", "alt_name": "Highway 99E", "description": "Pacific Highway East #1E (81)", "destination:symbol": "airport", "expressway": "yes", "hgv": "designated", "hgv:national_network": "yes", "highway": "primary", "lanes": "3", "maxspeed": "55 mph", "name": "Northeast Martin Luther King Junior Boulevard", "name:etymology": "Martin Luther King Junior", "name:etymology:wikidata": "Q8027", "name:etymology:wikipedia": "en:Martin Luther King Jr.", "old_ref": "US 99E", "oneway": "yes", "placement": "right_of:1", "ref": "OR 99E", "short_name": "NE MLK Jr Blvd", "sidewalk": "no", "surface": "asphalt", "turn:lanes": "||merge_to_left"}, "geometry": {"type": "LineString", "coordinates": [[-122.6659012, 45.589427], [-122.6656903, 45.5890742], [-122.6656423, 45.5889944]]}}, {"type": "Feature", "properties": {"osm_id": 1074733715, "NHS": "yes", "alt_name": "Highway 99E", "bicycle": "designated", "cycleway:right": "lane", "cycleway:right:buffer": "yes", "description": "Pacific Highway East #1E (81)", "destination:ref:lanes": "|I 5|I 5", "destination:street:lanes": "North Gertz Road||Northeast Gertz Road", "destination:symbol:lanes": "|motorway|motorway", "expressway": "yes", "foot": "yes", "hgv": "designated", "hgv:national_network": "yes", "highway": "primary", "lanes": "3", "maxspeed": "55 mph", "name": "Northeast Martin Luther King Junior Boulevard", "name:etymology": "Martin Luther King Junior", "name:etymology:wikidata": "Q8027", "name:etymology:wikipedia": "en:Martin Luther King Jr.", "old_ref": "US 99E", "oneway": "yes", "placement": "right_of:2", "ref": "OR 99E", "short_name": "NE MLK Jr Blvd", "sidewalk": "no", "surface": "asphalt", "turn:lanes": "left||"}, "geometry": {"type": "LineString", "coordinates": [[-122.6663817, 45.5905348], [-122.66647, 45.5906885]]}}, {"type": "Feature", "properties": {"osm_id": 1074843922, "bicycle": "designated", "highway": "tertiary", "lanes": "2", "maxspeed": "30 mph", "name": "North Interstate Avenue", "old_name": "Pacific Highway West #1W (91)", "old_ref": "OR 99W (old US 99W)", "oneway": "yes", "sidewalk": "right", "surface": "asphalt", "turn:lanes": "left|"}, "geometry": {"type": "LineString", "coordinates": [[-122.6823387, 45.5632414], [-122.682345, 45.5627819], [-122.6823454, 45.5627555], [-122.6823536, 45.5626607]]}}, {"type": "Feature", "properties": {"osm_id": 1074847091, "bicycle": "designated", "highway": "tertiary", "lanes": "2", "maxspeed": "30 mph", "name": "North Interstate Avenue", "old_name": "Pacific Highway West #1W (91)", "old_ref": "OR 99W (old US 99W)", "oneway": "yes", "sidewalk": "right", "turn:lanes": "left|none"}, "geometry": {"type": "LineString", "coordinates": [[-122.6820981, 45.5659867], [-122.6820963, 45.5661974], [-122.6820877, 45.56631]]}}, {"type": "Feature", "properties": {"osm_id": 1077938119, "bicycle": "yes", "hgv": "designated", "hgv:national_network": "yes", "highway": "motorway", "lanes": "2", "lit": "no", "maxheight:signed": "no", "maxspeed": "60 mph", "oneway": "yes", "ref": "I 205", "source:hgv:national_network": "https://www.ecfr.gov/current/title-23/chapter-I/subchapter-G/part-658;https://hepgis-usdot.hub.arcgis.com/apps/usdot::national-network-conventional-combination-trucks-map", "surface": "asphalt"}, "geometry": {"type": "LineString", "coordinates": [[-122.6305669, 45.705987], [-122.6302942, 45.7057409], [-122.6299333, 45.7054002], [-122.6296011, 45.705076], [-122.6292993, 45.7047489], [-122.6284104, 45.7037328], [-122.6276822, 45.7029006], [-122.6276129, 45.70282], [-122.6275305, 45.7027272], [-122.6274543, 45.7026394], [-122.6273816, 45.7025579], [-122.6272953, 45.7024646], [-122.6272096, 45.7023718], [-122.6271057, 45.7022642], [-122.6270099, 45.7021684], [-122.6269143, 45.7020779], [-122.6268144, 45.701987], [-122.6267185, 45.7019014], [-122.6266249, 45.7018183], [-122.6265216, 45.7017301], [-122.6263876, 45.7016195], [-122.626271, 45.7015291], [-122.6261395, 45.7014254], [-122.6258108, 45.701191], [-122.6255835, 45.7010372], [-122.6254539, 45.700956], [-122.6253362, 45.7008819], [-122.6252149, 45.7008088], [-122.6251007, 45.7007421], [-122.6249842, 45.7006761], [-122.6248612, 45.7006082], [-122.6247162, 45.700531], [-122.624583, 45.7004629], [-122.6244635, 45.7004024], [-122.6243337, 45.7003401], [-122.6241911, 45.7002716], [-122.6240641, 45.7002148], [-122.6239325, 45.7001577], [-122.623808, 45.700103], [-122.6236672, 45.7000443], [-122.6235272, 45.6999887], [-122.623391, 45.6999366], [-122.6232586, 45.6998862], [-122.6231229, 45.6998372], [-122.6229832, 45.699787], [-122.6228541, 45.6997433], [-122.6227151, 45.6996995], [-122.6225792, 45.6996581], [-122.6224361, 45.6996146], [-122.6222938, 45.6995737], [-122.6221406, 45.6995299], [-122.6219873, 45.6994908], [-122.6218283, 45.6994498], [-122.6216322, 45.6994038], [-122.621425, 45.6993568], [-122.6212832, 45.6993266], [-122.6210369, 45.6992781], [-122.6208085, 45.6992379], [-122.6206458, 45.6992109], [-122.6203704, 45.6991708], [-122.620179, 45.699144], [-122.6199405, 45.6991125], [-122.6197242, 45.6990847], [-122.6195167, 45.6990575], [-122.6192774, 45.6990263], [-122.6190629, 45.6989988], [-122.6188781, 45.698975], [-122.6186691, 45.6989472], [-122.6184024, 45.6989147], [-122.6181564, 45.6988801], [-122.617875, 45.6988362], [-122.6176136, 45.6987908], [-122.6173282, 45.6987361], [-122.6169978, 45.6986635], [-122.6166885, 45.6985863], [-122.6164262, 45.6985152], [-122.6161935, 45.6984457], [-122.615932, 45.6983632], [-122.6157458, 45.698298], [-122.615537, 45.6982238], [-122.6153264, 45.6981432], [-122.6151335, 45.6980647], [-122.6149512, 45.697989], [-122.6147928, 45.6979182], [-122.6146495, 45.6978493], [-122.6145097, 45.6977835], [-122.6143155, 45.6976834], [-122.6141978, 45.6976239], [-122.6140067, 45.6975202], [-122.6138385, 45.697423], [-122.6137054, 45.6973428], [-122.6135921, 45.6972728], [-122.6134564, 45.6971869], [-122.6133278, 45.6971003], [-122.6131815, 45.6970013], [-122.6129604, 45.6968483], [-122.6127622, 45.6967088], [-122.6124344, 45.6964813], [-122.6121411, 45.6962772], [-122.6118494, 45.6960746]]}}, {"type": "Feature", "properties": {"osm_id": 1086866219, "bicycle": "yes", "hgv": "designated", "hgv:national_network": "yes", "highway": "motorway", "lanes": "3", "maxspeed": "65 mph", "maxspeed:hgv": "60 mph", "noname": "yes", "official_name": "Pacific Highway #1;Korean War Veterans Memorial Highway;Purple Heart Trail", "old_name": "Robert Hugh Baldock Freeway;West Portland-Hubbard Highway #51", "old_ref": "US 99", "oneway": "yes", "ref": "I 5", "source:hgv:national_network": "https://www.ecfr.gov/current/title-23/chapter-I/subchapter-G/part-658;https://hepgis-usdot.hub.arcgis.com/apps/usdot::national-network-conventional-combination-trucks-map", "surface": "asphalt"}, "geometry": {"type": "LineString", "coordinates": [[-122.7593409, 45.3650696], [-122.7588884, 45.366182]]}}, {"type": "Feature", "properties": {"osm_id": 1092208841, "bicycle": "designated", "cycleway:right": "lane", "cycleway:right:buffer": "no", "foot": "no", "highway": "tertiary", "lanes": "1", "maxspeed": "30 mph", "name": "North Interstate Avenue", "old_name": "Pacific Highway West #1W (91)", "old_ref": "OR 99W (old US 99W)", "oneway": "yes", "sidewalk": "no"}, "geometry": {"type": "LineString", "coordinates": [[-122.6747267, 45.5372027], [-122.674703, 45.5368041]]}}, {"type": "Feature", "properties": {"osm_id": 1092208842, "bicycle": "designated", "highway": "tertiary", "lanes": "1", "maxspeed": "30 mph", "name": "North Interstate Avenue", "old_name": "Pacific Highway West #1W (91)", "old_ref": "OR 99W (old US 99W)", "oneway": "yes", "sidewalk": "right", "surface": "asphalt"}, "geometry": {"type": "LineString", "coordinates": [[-122.6747227, 45.5377423], [-122.6747311, 45.5376694], [-122.6747279, 45.5376252]]}}, {"type": "Feature", "properties": {"osm_id": 1092669120, "bicycle": "designated", "cycleway:both": "lane", "cycleway:both:buffer": "no", "highway": "secondary", "maxspeed": "30 mph", "name": "North Interstate Avenue", "old_ref": "OR 99W (old US 99W)", "sidewalk": "both", "surface": "asphalt"}, "geometry": {"type": "LineString", "coordinates": [[-122.6869353, 45.5843344], [-122.6869059, 45.584286]]}}, {"type": "Feature", "properties": {"osm_id": 1092669121, "NHS": "yes", "alt_name": "Highway 99E", "bicycle": "designated", "cycleway:right": "lane", "cycleway:right:buffer": "no", "description": "Pacific Highway East #1E (81)", "destination:street:lanes": "||North Gertz Road;Northeast 6th Drive", "expressway": "yes", "hgv": "designated", "hgv:national_network": "yes", "highway": "primary", "lanes": "3", "maxspeed": "55 mph", "name": "North Martin Luther King Junior Boulevard", "name:etymology": "Martin Luther King Junior", "name:etymology:wikidata": "Q8027", "name:etymology:wikipedia": "en:Martin Luther King Jr.", "old_ref": "US 99E", "oneway": "yes", "placement": "right_of:1", "ref": "OR 99E", "short_name": "N MLK Jr Blvd", "sidewalk": "no", "surface": "asphalt", "turn:lanes": "||slight_right"}, "geometry": {"type": "LineString", "coordinates": [[-122.6674475, 45.5921287], [-122.6670351, 45.5913654]]}}, {"type": "Feature", "properties": {"osm_id": 1092945234, "bicycle": "designated", "cycleway:right": "lane", "cycleway:right:buffer": "yes", "foot": "no", "highway": "tertiary", "lanes": "1", "maxspeed": "30 mph", "name": "North Interstate Avenue", "old_name": "Pacific Highway West #1W (91)", "old_ref": "OR 99W (old US 99W)", "oneway": "yes", "sidewalk": "no"}, "geometry": {"type": "LineString", "coordinates": [[-122.674703, 45.5368041], [-122.6746852, 45.536672], [-122.6746615, 45.5365628], [-122.6746369, 45.5364626], [-122.674605, 45.5363653], [-122.674565, 45.5362668], [-122.6745148, 45.5361685]]}}, {"type": "Feature", "properties": {"osm_id": 1119138754, "NHS": "yes", "RLIS:bicycle": "caution_area", "alt_name": "Highway 99E", "bicycle": "yes", "change:lanes": "yes|yes|yes|not_right|no", "embedded_rails": "tram", "hgv": "designated", "hgv:national_network": "yes", "highway": "trunk", "lanes": "5", "maxspeed": "30 mph", "name": "Southeast Martin Luther King Junior Boulevard", "name:etymology": "Martin Luther King Junior", "name:etymology:wikidata": "Q8027", "name:etymology:wikipedia": "en:Martin Luther King Jr.", "old_name": "Southeast Union Avenue", "oneway": "yes", "ref": "OR 99E", "short_name": "SE MLK Jr Blvd", "sidewalk": "both", "surface": "asphalt", "turn:lanes": "||||right"}, "geometry": {"type": "LineString", "coordinates": [[-122.6618383, 45.5108148], [-122.6618388, 45.5105058], [-122.6618417, 45.5101927], [-122.6618414, 45.5101036]]}}, {"type": "Feature", "properties": {"osm_id": 1119138755, "NHS": "yes", "RLIS:bicycle": "caution_area", "alt_name": "Highway 99E", "bicycle": "yes", "embedded_rails": "tram", "hgv": "designated", "hgv:national_network": "yes", "highway": "trunk", "lanes": "5", "maxspeed": "30 mph", "name": "Southeast Martin Luther King Junior Boulevard", "name:etymology": "Martin Luther King Junior", "name:etymology:wikidata": "Q8027", "name:etymology:wikipedia": "en:Martin Luther King Jr.", "old_name": "Southeast Union Avenue", "oneway": "yes", "ref": "OR 99E", "short_name": "SE MLK Jr Blvd", "sidewalk": "both", "surface": "asphalt"}, "geometry": {"type": "LineString", "coordinates": [[-122.6618344, 45.5115294], [-122.6618357, 45.5114623], [-122.6618383, 45.5108148]]}}, {"type": "Feature", "properties": {"osm_id": 1123547728, "bicycle": "no", "hgv": "designated", "hgv:national_network": "yes", "highway": "motorway", "lanes": "3", "maxspeed": "55 mph", "noname": "yes", "official_name": "Pacific Highway #1;Korean War Veterans Memorial Highway;Purple Heart Trail", "oneway": "yes", "ref": "I 5", "source:hgv:national_network": "https://www.ecfr.gov/current/title-23/chapter-I/subchapter-G/part-658;https://hepgis-usdot.hub.arcgis.com/apps/usdot::national-network-conventional-combination-trucks-map", "surface": "asphalt", "turn:lanes": "slight_left|slight_left;slight_right|slight_right"}, "geometry": {"type": "LineString", "coordinates": [[-122.6732559, 45.4978991], [-122.6732026, 45.498655]]}}, {"type": "Feature", "properties": {"osm_id": 1128433770, "RLIS:bicycle": "caution_area", "alt_name": "Highway 99E", "class:bicycle": "-1", "embedded_rails": "tram", "hgv": "designated", "hgv:national_network": "yes", "highway": "primary", "lanes": "4", "lanes:bus": "1", "lit": "yes", "maxspeed": "30 mph", "name": "Northeast Martin Luther King Junior Boulevard", "name:etymology": "Martin Luther King Junior", "name:etymology:wikidata": "Q8027", "name:etymology:wikipedia": "en:Martin Luther King Jr.", "old_name": "Northeast Union Avenue", "oneway": "yes", "ref": "OR 99E", "short_name": "NE MLK Jr Blvd", "sidewalk": "both", "surface": "asphalt"}, "geometry": {"type": "LineString", "coordinates": [[-122.6616856, 45.5265485], [-122.6616859, 45.5264443], [-122.6616875, 45.526343], [-122.6616877, 45.5261953]]}}, {"type": "Feature", "properties": {"osm_id": 1128433771, "RLIS:bicycle": "caution_area", "alt_name": "Highway 99E", "class:bicycle": "-1", "embedded_rails": "tram", "hgv": "designated", "hgv:national_network": "yes", "highway": "primary", "lanes": "5", "lanes:bus": "1", "lit": "yes", "maxspeed": "30 mph", "name": "Northeast Martin Luther King Junior Boulevard", "name:etymology": "Martin Luther King Junior", "name:etymology:wikidata": "Q8027", "name:etymology:wikipedia": "en:Martin Luther King Jr.", "old_name": "Northeast Union Avenue", "oneway": "yes", "ref": "OR 99E", "short_name": "NE MLK Jr Blvd", "sidewalk": "both", "surface": "asphalt", "turn:lanes": "||||right"}, "geometry": {"type": "LineString", "coordinates": [[-122.6616839, 45.52727], [-122.6616838, 45.5272152], [-122.661683, 45.5271142], [-122.6616886, 45.5269965], [-122.6616859, 45.5266591], [-122.6616856, 45.5265485]]}}, {"type": "Feature", "properties": {"osm_id": 1128433773, "RLIS:bicycle": "caution_area", "alt_name": "Highway 99E", "class:bicycle": "-1", "embedded_rails": "tram", "hgv": "designated", "hgv:national_network": "yes", "highway": "primary", "lanes": "5", "lanes:bus": "1", "lit": "yes", "maxspeed": "30 mph", "name": "Northeast Martin Luther King Junior Boulevard", "name:etymology": "Martin Luther King Junior", "name:etymology:wikidata": "Q8027", "name:etymology:wikipedia": "en:Martin Luther King Jr.", "old_name": "Northeast Union Avenue", "oneway": "yes", "ref": "OR 99E", "short_name": "NE MLK Jr Blvd", "sidewalk": "both", "surface": "asphalt"}, "geometry": {"type": "LineString", "coordinates": [[-122.6616789, 45.5286322], [-122.6616781, 45.5285845], [-122.6616795, 45.5285771], [-122.6616787, 45.5284855], [-122.6616773, 45.5282939], [-122.6616794, 45.5280282], [-122.6616806, 45.5279581], [-122.661683, 45.5279015], [-122.6616832, 45.5276849], [-122.6616839, 45.5273564], [-122.6616839, 45.5273283], [-122.6616839, 45.52727]]}}, {"type": "Feature", "properties": {"osm_id": 1184719938, "bicycle": "no", "description": "Pacific Highway #1", "hgv": "designated", "hgv:national_network": "yes", "highway": "motorway", "lanes": "4", "lit": "yes", "maxspeed": "55 mph", "noname": "yes", "official_name": "Pacific Highway #1;Korean War Veterans Memorial Highway;Purple Heart Trail", "old_name": "West Portland-Hubbard Highway #51", "old_ref": "US 99", "oneway": "yes", "ref": "I 5", "source:hgv:national_network": "https://www.ecfr.gov/current/title-23/chapter-I/subchapter-G/part-658;https://hepgis-usdot.hub.arcgis.com/apps/usdot::national-network-conventional-combination-trucks-map", "surface": "asphalt"}, "geometry": {"type": "LineString", "coordinates": [[-122.7441528, 45.4105763], [-122.7441496, 45.410511], [-122.744144, 45.4100121], [-122.7441386, 45.4092328], [-122.7441374, 45.4086603], [-122.7441375, 45.4080991], [-122.7441367, 45.408038]]}}, {"type": "Feature", "properties": {"osm_id": 1184719939, "bicycle": "no", "description": "Pacific Highway #1", "hgv": "designated", "hgv:national_network": "yes", "highway": "motorway", "lanes": "4", "lit": "yes", "maxspeed": "55 mph", "noname": "yes", "official_name": "Pacific Highway #1;Korean War Veterans Memorial Highway;Purple Heart Trail", "old_name": "West Portland-Hubbard Highway #51", "old_ref": "US 99", "oneway": "yes", "ref": "I 5", "source:hgv:national_network": "https://www.ecfr.gov/current/title-23/chapter-I/subchapter-G/part-658;https://hepgis-usdot.hub.arcgis.com/apps/usdot::national-network-conventional-combination-trucks-map", "surface": "asphalt"}, "geometry": {"type": "LineString", "coordinates": [[-122.7441367, 45.408038], [-122.7441314, 45.4076179]]}}, {"type": "Feature", "properties": {"osm_id": 1184719940, "bicycle": "yes", "bus:lanes": "yes|yes|yes|designated", "hgv": "designated", "hgv:national_network": "yes", "highway": "motorway", "lanes": "4", "maxheight:signed": "no", "maxspeed": "65 mph", "maxspeed:hgv": "60 mph", "noname": "yes", "official_name": "Pacific Highway #1;Korean War Veterans Memorial Highway;Purple Heart Trail", "old_name": "Robert Hugh Baldock Freeway;West Portland-Hubbard Highway #51", "oneway": "yes", "placement": "middle_of:2", "ref": "I 5", "source:hgv:national_network": "https://www.ecfr.gov/current/title-23/chapter-I/subchapter-G/part-658;https://hepgis-usdot.hub.arcgis.com/apps/usdot::national-network-conventional-combination-trucks-map", "surface": "asphalt", "vehicle:lanes": "yes|yes|yes|no"}, "geometry": {"type": "LineString", "coordinates": [[-122.7583468, 45.3686453], [-122.758464, 45.3683468]]}}, {"type": "Feature", "properties": {"osm_id": 1205421134, "bicycle": "designated", "cycleway:right": "lane", "cycleway:right:buffer": "no", "highway": "secondary", "lanes": "3", "maxspeed": "30 mph", "name": "North Interstate Avenue", "old_ref": "OR 99W (old US 99W)", "oneway": "yes", "sidewalk": "right", "surface": "asphalt", "turn:lanes": "left|none|none"}, "geometry": {"type": "LineString", "coordinates": [[-122.6670859, 45.5300013], [-122.6671702, 45.5300377]]}}, {"type": "Feature", "properties": {"osm_id": 1245747915, "NHS": "yes", "RLIS:bicycle": "caution_area", "alt_name": "Highway 99E", "bicycle": "yes", "expressway": "yes", "foot": "yes", "hgv": "designated", "hgv:national_network": "yes", "highway": "trunk", "lanes": "2", "maxspeed": "30 mph", "name": "Southeast Martin Luther King Junior Boulevard", "name:etymology": "Martin Luther King Junior", "name:etymology:wikidata": "Q8027", "name:etymology:wikipedia": "en:Martin Luther King Jr.", "oneway": "yes", "ref": "OR 99E", "short_name": "SE MLK Jr Blvd", "sidewalk": "right", "surface": "asphalt"}, "geometry": {"type": "LineString", "coordinates": [[-122.6609562, 45.5034445], [-122.6609562, 45.5033846]]}}, {"type": "Feature", "properties": {"osm_id": 1281102242, "NHS": "yes", "RLIS:bicycle": "caution_area", "alt_name": "Highway 99E", "bicycle": "yes", "embedded_rails": "tram", "hgv": "designated", "hgv:national_network": "yes", "highway": "primary", "lanes": "4", "lanes:bus": "1", "maxspeed": "30 mph", "name": "Southeast Martin Luther King Junior Boulevard", "name:etymology": "Martin Luther King Junior", "name:etymology:wikidata": "Q8027", "name:etymology:wikipedia": "en:Martin Luther King Jr.", "old_name": "Southeast Union Avenue", "oneway": "yes", "ref": "OR 99E", "short_name": "SE MLK Jr Blvd", "sidewalk": "both", "surface": "asphalt", "turn:lanes": "|||right"}, "geometry": {"type": "LineString", "coordinates": [[-122.6618177, 45.5164012], [-122.6618152, 45.5161085], [-122.6618229, 45.5159839], [-122.6618232, 45.5158031]]}}, {"type": "Feature", "properties": {"osm_id": 1292202460, "bicycle": "designated", "cycleway:right": "lane", "cycleway:right:buffer": "no", "highway": "tertiary", "lanes": "1", "maxspeed": "30 mph", "name": "North Interstate Avenue", "old_name": "Pacific Highway West #1W (91)", "old_ref": "OR 99W (old US 99W)", "oneway": "yes", "sidewalk:left": "no", "sidewalk:right": "separate", "surface": "asphalt"}, "geometry": {"type": "LineString", "coordinates": [[-122.6744816, 45.5377914], [-122.6744767, 45.5379329], [-122.6744828, 45.5384294], [-122.6744829, 45.5385216]]}}, {"type": "Feature", "properties": {"osm_id": 1311002131, "NHS": "yes", "RLIS:bicycle": "caution_area", "alt_name": "Highway 99E", "bicycle": "yes", "hgv": "designated", "hgv:national_network": "yes", "highway": "primary", "lanes": "5", "lanes:backward": "2", "lanes:both_ways": "1", "lanes:forward": "2", "maxspeed": "30 mph", "name": "Northeast Martin Luther King Junior Boulevard", "name:etymology": "Martin Luther King Junior", "name:etymology:wikidata": "Q8027", "name:etymology:wikipedia": "en:Martin Luther King Jr.", "ref": "OR 99E", "short_name": "NE MLK Jr Blvd", "sidewalk": "both", "surface": "asphalt"}, "geometry": {"type": "LineString", "coordinates": [[-122.6616059, 45.5471641], [-122.6615962, 45.5474834]]}}, {"type": "Feature", "properties": {"osm_id": 1311002132, "NHS": "yes", "RLIS:bicycle": "caution_area", "alt_name": "Highway 99E", "bicycle": "yes", "hgv": "designated", "hgv:national_network": "yes", "highway": "primary", "lanes": "5", "lanes:backward": "2", "lanes:both_ways": "1", "lanes:forward": "2", "maxspeed": "30 mph", "name": "Northeast Martin Luther King Junior Boulevard", "name:etymology": "Martin Luther King Junior", "name:etymology:wikidata": "Q8027", "name:etymology:wikipedia": "en:Martin Luther King Jr.", "ref": "OR 99E", "short_name": "NE MLK Jr Blvd", "sidewalk": "both", "surface": "asphalt"}, "geometry": {"type": "LineString", "coordinates": [[-122.661606, 45.5471206], [-122.6616059, 45.5471641]]}}, {"type": "Feature", "properties": {"osm_id": 1323089227, "NHS": "yes", "alt_name": "Highway 99E", "bicycle": "use_sidepath", "bridge": "yes", "description": "Pacific Highway East #1E (81)", "expressway": "yes", "foot": "yes", "hgv": "designated", "hgv:national_network": "yes", "highway": "primary", "lanes": "2", "layer": "1", "maxspeed": "55 mph", "name": "Northeast Martin Luther King Junior Boulevard", "name:etymology": "Martin Luther King Junior", "name:etymology:wikidata": "Q8027", "name:etymology:wikipedia": "en:Martin Luther King Jr.", "old_ref": "US 99E", "oneway": "yes", "ref": "OR 99E", "short_name": "NE MLK Jr Blvd", "sidewalk:right": "separate", "surface": "asphalt"}, "geometry": {"type": "LineString", "coordinates": [[-122.6644049, 45.5870931], [-122.6644617, 45.587189]]}}, {"type": "Feature", "properties": {"osm_id": 1323089228, "NHS": "yes", "alt_name": "Highway 99E", "bicycle": "use_sidepath", "description": "Pacific Highway East #1E (81)", "expressway": "yes", "foot": "yes", "hgv": "designated", "hgv:national_network": "yes", "highway": "primary", "lanes": "2", "maxspeed": "55 mph", "name": "Northeast Martin Luther King Junior Boulevard", "name:etymology": "Martin Luther King Junior", "name:etymology:wikidata": "Q8027", "name:etymology:wikipedia": "en:Martin Luther King Jr.", "old_ref": "US 99E", "oneway": "yes", "ref": "OR 99E", "short_name": "NE MLK Jr Blvd", "sidewalk:right": "separate", "surface": "asphalt"}, "geometry": {"type": "LineString", "coordinates": [[-122.6643548, 45.5870087], [-122.6644049, 45.5870931]]}}, {"type": "Feature", "properties": {"osm_id": 1323089229, "NHS": "yes", "alt_name": "Highway 99E", "description": "Pacific Highway East #1E (81)", "expressway": "yes", "foot": "no", "hgv": "designated", "hgv:national_network": "yes", "highway": "primary", "lanes": "2", "maxspeed": "55 mph", "name": "Northeast Martin Luther King Junior Boulevard", "name:etymology": "Martin Luther King Junior", "name:etymology:wikidata": "Q8027", "name:etymology:wikipedia": "en:Martin Luther King Jr.", "old_ref": "US 99E", "oneway": "yes", "ref": "OR 99E", "short_name": "NE MLK Jr Blvd", "sidewalk": "no", "surface": "asphalt"}, "geometry": {"type": "LineString", "coordinates": [[-122.6645118, 45.5870716], [-122.6644456, 45.5869613]]}}, {"type": "Feature", "properties": {"osm_id": 1323089230, "NHS": "yes", "alt_name": "Highway 99E", "bridge": "yes", "description": "Pacific Highway East #1E (81)", "expressway": "yes", "foot": "no", "hgv": "designated", "hgv:national_network": "yes", "highway": "primary", "lanes": "2", "layer": "1", "maxspeed": "55 mph", "name": "Northeast Martin Luther King Junior Boulevard", "name:etymology": "Martin Luther King Junior", "name:etymology:wikidata": "Q8027", "name:etymology:wikipedia": "en:Martin Luther King Jr.", "old_ref": "US 99E", "oneway": "yes", "ref": "OR 99E", "short_name": "NE MLK Jr Blvd", "sidewalk": "no", "surface": "asphalt"}, "geometry": {"type": "LineString", "coordinates": [[-122.664569, 45.5871669], [-122.6645118, 45.5870716]]}}, {"type": "Feature", "properties": {"osm_id": 1323089232, "bicycle": "designated", "est_width": "1.5", "foot": "designated", "highway": "path", "name": "Northeast Martin Luther King Junior Boulevard", "name:etymology:wikidata": "Q8027", "path": "sidewalk", "segregated": "no", "short_name": "NE MLK Jr Blvd", "surface": "paved"}, "geometry": {"type": "LineString", "coordinates": [[-122.6642985, 45.587038], [-122.6643196, 45.587085], [-122.6643241, 45.5871094]]}}, {"type": "Feature", "properties": {"osm_id": 1340240928, "bicycle": "yes", "change:lanes": "yes|yes|yes|not_right|no", "destination:lanes": "Salem|Salem|Salem|none;Nyberg Street;Tualatin-Sherwood Road|Nyberg Street;Tualatin-Sherwood Road", "hgv": "designated", "hgv:national_network": "yes", "highway": "motorway", "lanes": "5", "lit": "yes", "maxspeed": "55 mph", "noname": "yes", "official_name": "Pacific Highway #1;Korean War Veterans Memorial Highway;Purple Heart Trail", "old_name": "Robert Hugh Baldock Freeway;West Portland-Hubbard Highway #51", "old_ref": "US 99", "oneway": "yes", "ref": "I 5", "source:hgv:national_network": "https://www.ecfr.gov/current/title-23/chapter-I/subchapter-G/part-658;https://hepgis-usdot.hub.arcgis.com/apps/usdot::national-network-conventional-combination-trucks-map", "surface": "asphalt", "turn:lanes": "none|none|none|through;slight_right|slight_right"}, "geometry": {"type": "LineString", "coordinates": [[-122.7510865, 45.3868526], [-122.7515034, 45.3857769]]}}, {"type": "Feature", "properties": {"osm_id": 1342078628, "bicycle": "no", "change:lanes": "yes|not_right|no", "cutting": "yes", "description": "Stadium Freeway Highway #61", "destination:lanes": "||Salmon Street;Providence Park", "foot": "no", "hgv": "designated", "hgv:national_network": "yes", "highway": "motorway", "lanes": "3", "maxspeed": "50 mph", "oneway": "yes", "ref": "I 405", "source:hgv:national_network": "https://www.ecfr.gov/current/title-23/chapter-I/subchapter-G/part-658;https://hepgis-usdot.hub.arcgis.com/apps/usdot::national-network-conventional-combination-trucks-map", "surface": "asphalt", "turn:lanes": "||slight_right"}, "geometry": {"type": "LineString", "coordinates": [[-122.6893154, 45.5137983], [-122.6892668, 45.5140347], [-122.689007, 45.5146793]]}}, {"type": "Feature", "properties": {"osm_id": 1369802222, "NHS": "yes", "RLIS:bicycle": "caution_area", "alt_name": "Highway 99E", "bicycle": "yes", "embedded_rails": "tram", "hgv": "designated", "hgv:national_network": "yes", "highway": "trunk", "lanes": "4", "maxspeed": "30 mph", "name": "Southeast Martin Luther King Junior Boulevard", "name:etymology": "Martin Luther King Junior", "name:etymology:wikidata": "Q8027", "name:etymology:wikipedia": "en:Martin Luther King Jr.", "old_name": "Southeast Union Avenue", "oneway": "yes", "ref": "OR 99E", "short_name": "SE MLK Jr Blvd", "sidewalk:both": "separate", "surface": "asphalt"}, "geometry": {"type": "LineString", "coordinates": [[-122.6618214, 45.513999], [-122.6618229, 45.5137397], [-122.6618227, 45.5136666]]}}, {"type": "Feature", "properties": {"osm_id": 1372008154, "bicycle": "no", "cutting": "yes", "description": "Stadium Freeway Highway #61", "foot": "no", "hgv": "designated", "hgv:national_network": "yes", "highway": "motorway", "lanes": "2", "maxheight": "default", "maxspeed": "50 mph", "oneway": "yes", "ref": "I 405", "source:hgv:national_network": "https://www.ecfr.gov/current/title-23/chapter-I/subchapter-G/part-658;https://hepgis-usdot.hub.arcgis.com/apps/usdot::national-network-conventional-combination-trucks-map"}, "geometry": {"type": "LineString", "coordinates": [[-122.6895444, 45.5135069], [-122.6895329, 45.5132459], [-122.6895176, 45.5130462], [-122.6895023, 45.5129312], [-122.6894706, 45.5127683], [-122.6894171, 45.5125664], [-122.6892991, 45.5122507], [-122.6892564, 45.5120946]]}}, {"type": "Feature", "properties": {"osm_id": 1372008155, "bicycle": "no", "cutting": "yes", "description": "Stadium Freeway Highway #61", "foot": "no", "hgv": "designated", "hgv:national_network": "yes", "highway": "motorway", "lanes": "3", "maxheight": "default", "maxspeed": "50 mph", "oneway": "yes", "ref": "I 405", "source:hgv:national_network": "https://www.ecfr.gov/current/title-23/chapter-I/subchapter-G/part-658;https://hepgis-usdot.hub.arcgis.com/apps/usdot::national-network-conventional-combination-trucks-map"}, "geometry": {"type": "LineString", "coordinates": [[-122.689514, 45.5138304], [-122.6895237, 45.5137449], [-122.6895444, 45.5135069]]}}, {"type": "Feature", "properties": {"osm_id": 1395312446, "bicycle": "no", "bridge": "yes", "destination:lanes": "City Center|City Center|Seattle;Macadam Avenue;Ross Island Bridge", "hgv": "designated", "hgv:national_network": "yes", "highway": "motorway", "lanes": "3", "layer": "1", "maxspeed": "55 mph", "official_name": "Pacific Highway #1;Korean War Veterans Memorial Highway;Purple Heart Trail", "oneway": "yes", "ref": "I 5", "source:hgv:national_network": "https://www.ecfr.gov/current/title-23/chapter-I/subchapter-G/part-658;https://hepgis-usdot.hub.arcgis.com/apps/usdot::national-network-conventional-combination-trucks-map", "turn:lanes": "||through;slight_right"}, "geometry": {"type": "LineString", "coordinates": [[-122.6736862, 45.4926097], [-122.6736505, 45.4927145]]}}, {"type": "Feature", "properties": {"osm_id": 1408501263, "bicycle": "no", "bridge": "yes", "hgv": "designated", "hgv:national_network": "yes", "highway": "motorway", "lanes": "3", "layer": "1", "maxheight:signed": "no", "maxspeed": "55 mph", "oneway": "yes", "placement": "right_of:1", "ref": "I 205", "source:hgv:national_network": "https://www.ecfr.gov/current/title-23/chapter-I/subchapter-G/part-658;https://hepgis-usdot.hub.arcgis.com/apps/usdot::national-network-conventional-combination-trucks-map"}, "geometry": {"type": "LineString", "coordinates": [[-122.5649507, 45.5325289], [-122.5649592, 45.532411], [-122.564969, 45.5323108]]}}, {"type": "Feature", "properties": {"osm_id": 1415829607, "bicycle": "designated", "cycleway:right": "lane", "cycleway:right:buffer": "no", "highway": "tertiary", "lanes": "2", "maxspeed": "30 mph", "maxspeed:conditional": "20 mph @ (school_days 07:00-17:00)", "name": "North Interstate Avenue", "old_name": "Pacific Highway West #1W (91)", "old_ref": "OR 99W (old US 99W)", "oneway": "yes", "sidewalk:left": "no", "sidewalk:right": "separate", "turn:lanes": "left|"}, "geometry": {"type": "LineString", "coordinates": [[-122.6821449, 45.5618301], [-122.6821369, 45.5619092]]}}, {"type": "Feature", "properties": {"osm_id": 1415829608, "bicycle": "designated", "cycleway:right": "shared_lane", "highway": "tertiary", "lanes": "1", "maxspeed": "30 mph", "maxspeed:conditional": "20 mph @ (school_days 07:00-17:00)", "name": "North Interstate Avenue", "old_name": "Pacific Highway West #1W (91)", "old_ref": "OR 99W (old US 99W)", "oneway": "yes", "sidewalk:left": "no", "sidewalk:right": "separate"}, "geometry": {"type": "LineString", "coordinates": [[-122.6821337, 45.5619409], [-122.6821287, 45.5619913], [-122.6821254, 45.5621448], [-122.6821458, 45.5623369]]}}, {"type": "Feature", "properties": {"osm_id": 1427004378, "bicycle": "yes", "hgv": "designated", "hgv:national_network": "yes", "highway": "motorway", "lanes": "3", "maxspeed": "65 mph", "maxspeed:hgv": "60 mph", "noname": "yes", "official_name": "Pacific Highway #1;Korean War Veterans Memorial Highway;Purple Heart Trail", "old_name": "Robert Hugh Baldock Freeway;West Portland-Hubbard Highway #51", "oneway": "yes", "ref": "I 5", "source:hgv:national_network": "https://www.ecfr.gov/current/title-23/chapter-I/subchapter-G/part-658;https://hepgis-usdot.hub.arcgis.com/apps/usdot::national-network-conventional-combination-trucks-map", "surface": "asphalt"}, "geometry": {"type": "LineString", "coordinates": [[-122.7605756, 45.3630952], [-122.7613946, 45.3610582]]}}, {"type": "Feature", "properties": {"osm_id": 1427004379, "bicycle": "yes", "hgv": "designated", "hgv:national_network": "yes", "highway": "motorway", "lanes": "3", "maxspeed": "55 mph", "noname": "yes", "official_name": "Pacific Highway #1;Korean War Veterans Memorial Highway;Purple Heart Trail", "old_name": "Robert Hugh Baldock Freeway;West Portland-Hubbard Highway #51", "old_ref": "US 99", "oneway": "yes", "ref": "I 5", "source:hgv:national_network": "https://www.ecfr.gov/current/title-23/chapter-I/subchapter-G/part-658;https://hepgis-usdot.hub.arcgis.com/apps/usdot::national-network-conventional-combination-trucks-map", "surface": "asphalt"}, "geometry": {"type": "LineString", "coordinates": [[-122.7560972, 45.3731176], [-122.7555445, 45.3744901]]}}, {"type": "Feature", "properties": {"osm_id": 1436106721, "bicycle": "designated", "cycleway:right": "lane", "cycleway:right:buffer": "no", "highway": "tertiary", "lanes": "1", "maxspeed": "30 mph", "name": "North Interstate Avenue", "old_name": "Pacific Highway West #1W (91)", "old_ref": "OR 99W (old US 99W)", "oneway": "yes", "sidewalk": "both"}, "geometry": {"type": "LineString", "coordinates": [[-122.6809017, 45.5478069], [-122.680891, 45.547889], [-122.6808901, 45.5479942]]}}, {"type": "Feature", "properties": {"osm_id": 1437026304, "bicycle": "no", "bridge": "yes", "description": "Pacific Highway #1", "hgv": "designated", "hgv:national_network": "yes", "highway": "motorway", "lanes": "2", "layer": "1", "lit": "yes", "maxspeed": "50 mph", "official_name": "Pacific Highway #1;Korean War Veterans Memorial Highway;Purple Heart Trail", "oneway": "yes", "ref": "I 5", "source:hgv:national_network": "https://www.ecfr.gov/current/title-23/chapter-I/subchapter-G/part-658;https://hepgis-usdot.hub.arcgis.com/apps/usdot::national-network-conventional-combination-trucks-map", "surface": "asphalt"}, "geometry": {"type": "LineString", "coordinates": [[-122.6753322, 45.5440259], [-122.6753528, 45.544043], [-122.6764882, 45.5449858]]}}, {"type": "Feature", "properties": {"osm_id": 1457049965, "NHS": "yes", "RLIS:bicycle": "caution_area", "alt_name": "Highway 99E", "bicycle": "yes", "bridge": "yes", "hgv": "designated", "hgv:national_network": "yes", "highway": "primary", "lanes": "3", "lanes:bus": "1", "layer": "2", "maxspeed": "30 mph", "name": "Northeast Martin Luther King Junior Boulevard", "name:etymology": "Martin Luther King Junior", "name:etymology:wikidata": "Q8027", "name:etymology:wikipedia": "en:Martin Luther King Jr.", "oneway": "yes", "ref": "OR 99E", "short_name": "NE MLK Jr Blvd", "sidewalk": "both", "surface": "asphalt"}, "geometry": {"type": "LineString", "coordinates": [[-122.6616921, 45.525075], [-122.6616967, 45.5249141]]}}, {"type": "Feature", "properties": {"osm_id": 1457302180, "bicycle": "designated", "cycleway:right": "lane", "cycleway:right:buffer": "no", "highway": "tertiary", "lane_markings": "yes", "lanes": "1", "maxspeed": "30 mph", "name": "North Interstate Avenue", "old_ref": "OR 99W (old US 99W)", "oneway": "yes", "sidewalk": "both", "surface": "asphalt"}, "geometry": {"type": "LineString", "coordinates": [[-122.6822193, 45.5769305], [-122.6822208, 45.5766471], [-122.6822225, 45.5764033], [-122.6822239, 45.5763262]]}}, {"type": "Feature", "properties": {"osm_id": 1463426806, "NHS": "yes", "RLIS:bicycle": "caution_area", "alt_name": "Highway 99E", "bicycle": "yes", "hgv": "designated", "hgv:national_network": "yes", "highway": "primary", "lanes": "2", "maxspeed": "30 mph", "name": "Northeast Martin Luther King Junior Boulevard", "name:etymology": "Martin Luther King Junior", "name:etymology:wikidata": "Q8027", "name:etymology:wikipedia": "en:Martin Luther King Jr.", "oneway": "yes", "ref": "OR 99E", "short_name": "NE MLK Jr Blvd; NE MLK Blvd", "sidewalk": "right", "surface": "asphalt"}, "geometry": {"type": "LineString", "coordinates": [[-122.661544, 45.5428473], [-122.6615457, 45.5429023], [-122.6615456, 45.5429684]]}}, {"type": "Feature", "properties": {"osm_id": 1463426808, "NHS": "yes", "RLIS:bicycle": "caution_area", "alt_name": "Highway 99E", "bicycle": "yes", "hgv": "designated", "hgv:national_network": "yes", "highway": "primary", "lanes": "2", "lit": "yes", "maxspeed": "30 mph", "name": "Northeast Martin Luther King Junior Boulevard", "name:etymology": "Martin Luther King Junior", "name:etymology:wikidata": "Q8027", "name:etymology:wikipedia": "en:Martin Luther King Jr.", "old_name": "Northeast Union Avenue", "oneway": "yes", "ref": "OR 99E", "short_name": "NE MLK Jr Blvd; NE MLK Blvd", "sidewalk": "right", "surface": "asphalt"}, "geometry": {"type": "LineString", "coordinates": [[-122.6616618, 45.5428473], [-122.6616615, 45.5427747], [-122.6616647, 45.5425138], [-122.6616644, 45.5424017]]}}, {"type": "Feature", "properties": {"osm_id": 1463426809, "NHS": "yes", "RLIS:bicycle": "caution_area", "alt_name": "Highway 99E", "bicycle": "yes", "hgv": "designated", "hgv:national_network": "yes", "highway": "primary", "lanes": "3", "maxspeed": "30 mph", "name": "Northeast Martin Luther King Junior Boulevard", "name:etymology": "Martin Luther King Junior", "name:etymology:wikidata": "Q8027", "name:etymology:wikipedia": "en:Martin Luther King Jr.", "old_name": "Northeast Union Avenue", "oneway": "yes", "ref": "OR 99E", "short_name": "NE MLK Jr Blvd; NE MLK Blvd", "sidewalk": "right", "surface": "asphalt", "turn:lanes": "left||"}, "geometry": {"type": "LineString", "coordinates": [[-122.6616847, 45.5448573], [-122.6616858, 45.5447441], [-122.661686, 45.5447198], [-122.6616864, 45.5445788]]}}, {"type": "Feature", "properties": {"osm_id": 1463426815, "NHS": "yes", "RLIS:bicycle": "caution_area", "alt_name": "Highway 99E", "bicycle": "yes", "hgv": "designated", "hgv:national_network": "yes", "highway": "primary", "lanes": "2", "maxspeed": "30 mph", "name": "Northeast Martin Luther King Junior Boulevard", "name:etymology": "Martin Luther King Junior", "name:etymology:wikidata": "Q8027", "name:etymology:wikipedia": "en:Martin Luther King Jr.", "old_name": "Northeast Union Avenue", "oneway": "yes", "ref": "OR 99E", "short_name": "NE MLK Jr Blvd; NE MLK Blvd", "sidewalk": "right", "surface": "asphalt"}, "geometry": {"type": "LineString", "coordinates": [[-122.6616575, 45.548046], [-122.6616602, 45.5477022], [-122.6616612, 45.5475746], [-122.6615962, 45.5474834]]}}, {"type": "Feature", "properties": {"osm_id": 1463426818, "NHS": "yes", "RLIS:bicycle": "caution_area", "alt_name": "Highway 99E", "bicycle": "yes", "hgv": "designated", "hgv:national_network": "yes", "highway": "primary", "lanes": "2", "maxspeed": "30 mph", "name": "Northeast Martin Luther King Junior Boulevard", "name:etymology": "Martin Luther King Junior", "name:etymology:wikidata": "Q8027", "name:etymology:wikipedia": "en:Martin Luther King Jr.", "oneway": "yes", "ref": "OR 99E", "short_name": "NE MLK Jr Blvd; NE MLK Blvd", "sidewalk": "right", "surface": "asphalt"}, "geometry": {"type": "LineString", "coordinates": [[-122.6615197, 45.5486484], [-122.6615179, 45.548846], [-122.6615219, 45.5489724], [-122.6615314, 45.5490413], [-122.6615345, 45.5491069]]}}, {"type": "Feature", "properties": {"osm_id": 1463426819, "NHS": "yes", "RLIS:bicycle": "caution_area", "alt_name": "Highway 99E", "bicycle": "yes", "hgv": "designated", "hgv:national_network": "yes", "highway": "primary", "lanes": "2", "maxspeed": "30 mph", "name": "Northeast Martin Luther King Junior Boulevard", "name:etymology": "Martin Luther King Junior", "name:etymology:wikidata": "Q8027", "name:etymology:wikipedia": "en:Martin Luther King Jr.", "oneway": "yes", "ref": "OR 99E", "short_name": "NE MLK Jr Blvd; NE MLK Blvd", "sidewalk": "right", "surface": "asphalt"}, "geometry": {"type": "LineString", "coordinates": [[-122.6615208, 45.5485705], [-122.6615197, 45.5486484]]}}, {"type": "Feature", "properties": {"osm_id": 1463426820, "NHS": "yes", "RLIS:bicycle": "caution_area", "alt_name": "Highway 99E", "bicycle": "yes", "hgv": "designated", "hgv:national_network": "yes", "highway": "primary", "lanes": "2", "maxspeed": "30 mph", "name": "Northeast Martin Luther King Junior Boulevard", "name:etymology": "Martin Luther King Junior", "name:etymology:wikidata": "Q8027", "name:etymology:wikipedia": "en:Martin Luther King Jr.", "old_name": "Northeast Union Avenue", "oneway": "yes", "ref": "OR 99E", "short_name": "NE MLK Jr Blvd; NE MLK Blvd", "sidewalk": "right", "surface": "asphalt"}, "geometry": {"type": "LineString", "coordinates": [[-122.6616303, 45.5491084], [-122.6616451, 45.5489388], [-122.6616494, 45.5488718], [-122.6616524, 45.5486351]]}}, {"type": "Feature", "properties": {"osm_id": 1463426821, "NHS": "yes", "RLIS:bicycle": "caution_area", "alt_name": "Highway 99E", "bicycle": "yes", "hgv": "designated", "hgv:national_network": "yes", "highway": "primary", "lanes": "2", "maxspeed": "30 mph", "name": "Northeast Martin Luther King Junior Boulevard", "name:etymology": "Martin Luther King Junior", "name:etymology:wikidata": "Q8027", "name:etymology:wikipedia": "en:Martin Luther King Jr.", "oneway": "yes", "ref": "OR 99E", "short_name": "NE MLK Jr Blvd; NE MLK Blvd", "sidewalk": "right", "surface": "asphalt"}, "geometry": {"type": "LineString", "coordinates": [[-122.6615339, 45.5492176], [-122.6615321, 45.5494343], [-122.6615313, 45.5495114]]}}, {"type": "Feature", "properties": {"osm_id": 1463426822, "NHS": "yes", "RLIS:bicycle": "caution_area", "alt_name": "Highway 99E", "bicycle": "yes", "hgv": "designated", "hgv:national_network": "yes", "highway": "primary", "lanes": "2", "maxspeed": "30 mph", "name": "Northeast Martin Luther King Junior Boulevard", "name:etymology": "Martin Luther King Junior", "name:etymology:wikidata": "Q8027", "name:etymology:wikipedia": "en:Martin Luther King Jr.", "oneway": "yes", "ref": "OR 99E", "short_name": "NE MLK Jr Blvd; NE MLK Blvd", "sidewalk": "right", "surface": "asphalt"}, "geometry": {"type": "LineString", "coordinates": [[-122.6615313, 45.5495114], [-122.6615303, 45.5495951], [-122.66153, 45.5496261], [-122.6615257, 45.5500506], [-122.6615188, 45.550735], [-122.6615187, 45.5507966], [-122.6615186, 45.5508656], [-122.6615178, 45.5512224], [-122.6615017, 45.5514219], [-122.6614963, 45.551555], [-122.6614949, 45.5516176]]}}, {"type": "Feature", "properties": {"osm_id": 1463426823, "NHS": "yes", "RLIS:bicycle": "caution_area", "alt_name": "Highway 99E", "bicycle": "yes", "hgv": "designated", "hgv:national_network": "yes", "highway": "primary", "lanes": "2", "maxspeed": "30 mph", "name": "Northeast Martin Luther King Junior Boulevard", "name:etymology": "Martin Luther King Junior", "name:etymology:wikidata": "Q8027", "name:etymology:wikipedia": "en:Martin Luther King Jr.", "old_name": "Northeast Union Avenue", "oneway": "yes", "ref": "OR 99E", "short_name": "NE MLK Jr Blvd; NE MLK Blvd", "sidewalk": "right", "surface": "asphalt"}, "geometry": {"type": "LineString", "coordinates": [[-122.6616283, 45.5491973], [-122.6616303, 45.5491084]]}}, {"type": "Feature", "properties": {"osm_id": 1463426825, "NHS": "yes", "RLIS:bicycle": "caution_area", "alt_name": "Highway 99E", "bicycle": "yes", "hgv": "designated", "hgv:national_network": "yes", "highway": "primary", "lanes": "2", "maxspeed": "30 mph", "name": "Northeast Martin Luther King Junior Boulevard", "name:etymology": "Martin Luther King Junior", "name:etymology:wikidata": "Q8027", "name:etymology:wikipedia": "en:Martin Luther King Jr.", "oneway": "yes", "ref": "OR 99E", "short_name": "NE MLK Jr Blvd; NE MLK Blvd", "sidewalk": "right", "surface": "asphalt"}, "geometry": {"type": "LineString", "coordinates": [[-122.6615345, 45.5491069], [-122.6615343, 45.549174], [-122.6615339, 45.5492176]]}}, {"type": "Feature", "properties": {"osm_id": 1463426826, "NHS": "yes", "RLIS:bicycle": "caution_area", "alt_name": "Highway 99E", "bicycle": "yes", "hgv": "designated", "hgv:national_network": "yes", "highway": "primary", "lanes": "2", "maxspeed": "30 mph", "name": "Northeast Martin Luther King Junior Boulevard", "name:etymology": "Martin Luther King Junior", "name:etymology:wikidata": "Q8027", "name:etymology:wikipedia": "en:Martin Luther King Jr.", "oneway": "yes", "ref": "OR 99E", "short_name": "NE MLK Jr Blvd; NE MLK Blvd", "sidewalk": "right", "surface": "asphalt"}, "geometry": {"type": "LineString", "coordinates": [[-122.6614949, 45.5516176], [-122.6614914, 45.5517768]]}}, {"type": "Feature", "properties": {"osm_id": 1463426830, "NHS": "yes", "RLIS:bicycle": "caution_area", "alt_name": "Highway 99E", "bicycle": "yes", "hgv": "designated", "hgv:national_network": "yes", "highway": "primary", "lanes": "2", "maxspeed": "30 mph", "name": "Northeast Martin Luther King Junior Boulevard", "name:etymology": "Martin Luther King Junior", "name:etymology:wikidata": "Q8027", "name:etymology:wikipedia": "en:Martin Luther King Jr.", "old_name": "Northeast Union Avenue", "oneway": "yes", "ref": "OR 99E", "short_name": "NE MLK Jr Blvd; NE MLK Blvd", "sidewalk": "right", "surface": "asphalt"}, "geometry": {"type": "LineString", "coordinates": [[-122.6616274, 45.5516165], [-122.6616282, 45.5514776], [-122.661617, 45.5513005], [-122.6616121, 45.5510909], [-122.6616149, 45.5508659], [-122.6616143, 45.5507966], [-122.6616137, 45.5507355], [-122.6616171, 45.5503699], [-122.6616244, 45.5495985], [-122.6616241, 45.5495244]]}}, {"type": "Feature", "properties": {"osm_id": 1463426835, "NHS": "yes", "RLIS:bicycle": "caution_area", "alt_name": "Highway 99E", "bicycle": "yes", "hgv": "designated", "hgv:national_network": "yes", "highway": "primary", "lanes": "2", "maxspeed": "30 mph", "name": "Northeast Martin Luther King Junior Boulevard", "name:etymology": "Martin Luther King Junior", "name:etymology:wikidata": "Q8027", "name:etymology:wikipedia": "en:Martin Luther King Jr.", "oneway": "yes", "ref": "OR 99E", "short_name": "NE MLK Jr Blvd; NE MLK Blvd", "sidewalk": "right", "surface": "asphalt"}, "geometry": {"type": "LineString", "coordinates": [[-122.6614226, 45.5603714], [-122.661425, 45.5604924], [-122.6614529, 45.5605673], [-122.6614761, 45.5606294]]}}, {"type": "Feature", "properties": {"osm_id": 1466136084, "bicycle": "no", "description": "Stadium Freeway Highway #61", "description_1": "Southwest I5 Freeway - I405 Freeway Ramp", "destination": "City Center", "destination:ref": "I 405 North", "destination:ref:to": "US 26 West", "destination:symbol": "centre", "hgv": "designated", "hgv:national_network": "yes", "highway": "motorway", "junction:ref": "299B", "lanes": "2", "maxspeed": "50 mph", "old_name": "Robert Hugh Baldock Freeway", "oneway": "yes", "ref": "I 405", "source:hgv:national_network": "https://www.ecfr.gov/current/title-23/chapter-I/subchapter-G/part-658;https://hepgis-usdot.hub.arcgis.com/apps/usdot::national-network-conventional-combination-trucks-map", "surface": "asphalt"}, "geometry": {"type": "LineString", "coordinates": [[-122.6732026, 45.498655], [-122.6732435, 45.4987744], [-122.6732334, 45.4990091]]}}, {"type": "Feature", "properties": {"osm_id": 1510181799, "bicycle": "designated", "cycleway:right": "lane", "cycleway:right:buffer": "no", "highway": "tertiary", "lanes": "1", "maxspeed": "30 mph", "name": "North Interstate Avenue", "old_name": "Pacific Highway West #1W (91)", "old_ref": "OR 99W (old US 99W)", "oneway": "yes", "sidewalk:left": "no", "sidewalk:right": "separate"}, "geometry": {"type": "LineString", "coordinates": [[-122.6760449, 45.5399306], [-122.6763686, 45.5400745]]}}, {"type": "Feature", "properties": {"osm_id": 1529943112, "NHS": "yes", "RLIS:bicycle": "caution_area", "alt_name": "Highway 99E", "bicycle": "yes", "hgv": "designated", "hgv:national_network": "yes", "highway": "primary", "lanes": "3", "maxspeed": "30 mph", "name": "Northeast Martin Luther King Junior Boulevard", "name:etymology": "Martin Luther King Junior", "name:etymology:wikidata": "Q8027", "name:etymology:wikipedia": "en:Martin Luther King Jr.", "oneway": "yes", "ref": "OR 99E", "short_name": "NE MLK Jr Blvd; NE MLK Blvd", "sidewalk:left": "no", "sidewalk:right": "separate", "surface": "asphalt"}, "geometry": {"type": "LineString", "coordinates": [[-122.6615778, 45.5371903], [-122.6615756, 45.5376803], [-122.6615757, 45.5377755], [-122.6615763, 45.5377928], [-122.6615785, 45.5378612]]}}, {"type": "Feature", "properties": {"osm_id": 1529943118, "NHS": "yes", "RLIS:bicycle": "caution_area", "alt_name": "Highway 99E", "bicycle": "yes", "hgv": "designated", "hgv:national_network": "yes", "highway": "primary", "lanes": "3", "maxspeed": "30 mph", "name": "Northeast Martin Luther King Junior Boulevard", "name:etymology": "Martin Luther King Junior", "name:etymology:wikidata": "Q8027", "name:etymology:wikipedia": "en:Martin Luther King Jr.", "oneway": "yes", "ref": "OR 99E", "short_name": "NE MLK Jr Blvd; NE MLK Blvd", "sidewalk:left": "no", "sidewalk:right": "separate", "surface": "asphalt", "turn:lanes": "left||"}, "geometry": {"type": "LineString", "coordinates": [[-122.6615785, 45.5378612], [-122.6615839, 45.5380312]]}}, {"type": "Feature", "properties": {"osm_id": 1529943119, "NHS": "yes", "RLIS:bicycle": "caution_area", "alt_name": "Highway 99E", "bicycle": "yes", "hgv": "designated", "hgv:national_network": "yes", "highway": "primary", "lanes": "2", "maxspeed": "30 mph", "name": "Northeast Martin Luther King Junior Boulevard", "name:etymology": "Martin Luther King Junior", "name:etymology:wikidata": "Q8027", "name:etymology:wikipedia": "en:Martin Luther King Jr.", "old_name": "Northeast Union Avenue", "oneway": "yes", "ref": "OR 99E", "short_name": "NE MLK Jr Blvd; NE MLK Blvd", "sidewalk": "right", "surface": "asphalt"}, "geometry": {"type": "LineString", "coordinates": [[-122.6616909, 45.5380309], [-122.6617003, 45.5378613]]}}, {"type": "Feature", "properties": {"osm_id": 1537618409, "access:lanes": "yes|yes|yes", "access:lanes:conditional": "no|yes|yes @ Mo-Fr 15:00-18:00", "bus:lanes": "designated||", "destination:lanes": "||Hayden Island;ODOT Permits;Martin Luther King Jr. Boulevard;Marine Drive", "hgv": "designated", "highway": "motorway", "hov:lanes": "designated||", "hov:minimum": "2", "lanes": "3", "layer": "1", "lit": "yes", "maxspeed": "55 mph", "motorcycle:lanes": "designated||", "official_name": "Pacific Highway #1;Korean War Veterans Memorial Highway;Purple Heart Trail", "oneway": "yes", "ref": "I 5", "sidewalk": "no", "surface": "asphalt", "turn:lanes": "||through;slight_right"}, "geometry": {"type": "LineString", "coordinates": [[-122.6840381, 45.5952137], [-122.6840679, 45.5952921]]}}, {"type": "Feature", "properties": {"osm_id": 1537618410, "access:lanes": "yes|yes|yes", "access:lanes:conditional": "no|yes|yes @ Mo-Fr 15:00-18:00", "bicycle": "no", "bus:lanes": "designated||", "destination:lanes": "||none;Victory Boulevard;Expo Center", "hgv": "designated", "highway": "motorway", "hov:lanes": "designated||", "hov:minimum": "2", "lanes": "3", "layer": "1", "lit": "yes", "maxspeed": "55 mph", "motorcycle:lanes": "designated||", "official_name": "Pacific Highway #1;Korean War Veterans Memorial Highway;Purple Heart Trail", "oneway": "yes", "ref": "I 5", "sidewalk": "no", "surface": "asphalt", "turn:lanes": "||through;slight_right"}, "geometry": {"type": "LineString", "coordinates": [[-122.6819806, 45.5906094], [-122.6820956, 45.5908647]]}}, {"type": "Feature", "properties": {"osm_id": 1552105885, "bicycle": "yes", "hgv": "designated", "hgv:national_network": "yes", "highway": "motorway", "lanes": "2", "maxheight:signed": "no", "maxspeed": "65 mph", "maxspeed:hgv": "60 mph", "oneway": "yes", "ref": "I 205", "source:hgv:national_network": "https://www.ecfr.gov/current/title-23/chapter-I/subchapter-G/part-658;https://hepgis-usdot.hub.arcgis.com/apps/usdot::national-network-conventional-combination-trucks-map", "surface": "paved"}, "geometry": {"type": "LineString", "coordinates": [[-122.6859191, 45.3667457], [-122.6863796, 45.3667622]]}}, {"type": "Feature", "properties": {"osm_id": 1555014334, "NHS": "yes", "RLIS:bicycle": "caution_area", "alt_name": "Highway 99E", "bicycle": "yes", "embedded_rails": "tram", "hgv": "designated", "hgv:national_network": "yes", "highway": "trunk", "lanes": "4", "lanes:bus": "1", "maxspeed": "30 mph", "name": "Southeast Martin Luther King Junior Boulevard", "name:etymology": "Martin Luther King Junior", "name:etymology:wikidata": "Q8027", "name:etymology:wikipedia": "en:Martin Luther King Jr.", "old_name": "Southeast Union Avenue", "oneway": "yes", "ref": "OR 99E", "short_name": "SE MLK Jr Blvd", "sidewalk": "both", "surface": "asphalt", "turn:lanes": "|||right"}, "geometry": {"type": "LineString", "coordinates": [[-122.6618143, 45.5152263], [-122.6618162, 45.5151651], [-122.6618185, 45.5150931]]}}, {"type": "Feature", "properties": {"osm_id": 1555014335, "NHS": "yes", "RLIS:bicycle": "caution_area", "alt_name": "Highway 99E", "bicycle": "yes", "embedded_rails": "tram", "hgv": "designated", "hgv:national_network": "yes", "highway": "trunk", "lanes": "4", "lanes:bus": "1", "maxspeed": "30 mph", "name": "Southeast Martin Luther King Junior Boulevard", "name:etymology": "Martin Luther King Junior", "name:etymology:wikidata": "Q8027", "name:etymology:wikipedia": "en:Martin Luther King Jr.", "old_name": "Southeast Union Avenue", "oneway": "yes", "ref": "OR 99E", "short_name": "SE MLK Jr Blvd", "sidewalk": "both", "surface": "asphalt", "turn:lanes": "|||right"}, "geometry": {"type": "LineString", "coordinates": [[-122.6618128, 45.5152726], [-122.6618143, 45.5152263]]}}, {"type": "Feature", "properties": {"osm_id": 1555014336, "NHS": "yes", "RLIS:bicycle": "caution_area", "alt_name": "Highway 99E", "bicycle": "yes", "embedded_rails": "tram", "hgv": "designated", "hgv:national_network": "yes", "highway": "trunk", "lanes": "4", "lanes:bus": "1", "maxspeed": "30 mph", "name": "Southeast Martin Luther King Junior Boulevard", "name:etymology": "Martin Luther King Junior", "name:etymology:wikidata": "Q8027", "name:etymology:wikipedia": "en:Martin Luther King Jr.", "old_name": "Southeast Union Avenue", "oneway": "yes", "ref": "OR 99E", "short_name": "SE MLK Jr Blvd", "sidewalk": "both", "surface": "asphalt", "turn:lanes": "none|none|none|right"}, "geometry": {"type": "LineString", "coordinates": [[-122.6618202, 45.5149183], [-122.6618209, 45.5148086], [-122.6618215, 45.5147136], [-122.6618197, 45.51446], [-122.6618191, 45.5143801]]}}]}